-- Generated by Craft v2.6.2949 on Oct 12, 2016, 5:16:39 AM.

--
-- Disable foreign key checks and autocommit.
--

SET FOREIGN_KEY_CHECKS = 0;
SET SQL_MODE = "NO_AUTO_VALUE_ON_ZERO";
SET AUTOCOMMIT = 0;
SET NAMES utf8;


DROP TABLE IF EXISTS `craft_assetfiles`;


--
-- Schema for table `craft_assetfiles`
--
CREATE TABLE `craft_assetfiles` (
  `id` int(11) NOT NULL,
  `sourceId` int(11) DEFAULT NULL,
  `folderId` int(11) NOT NULL,
  `filename` varchar(255) COLLATE utf8_unicode_ci NOT NULL,
  `kind` varchar(50) COLLATE utf8_unicode_ci NOT NULL DEFAULT 'unknown',
  `width` int(11) unsigned DEFAULT NULL,
  `height` int(11) unsigned DEFAULT NULL,
  `size` bigint(20) unsigned DEFAULT NULL,
  `dateModified` datetime DEFAULT NULL,
  `dateCreated` datetime NOT NULL,
  `dateUpdated` datetime NOT NULL,
  `uid` char(36) COLLATE utf8_unicode_ci NOT NULL DEFAULT '0',
  PRIMARY KEY (`id`),
  UNIQUE KEY `craft_assetfiles_filename_folderId_unq_idx` (`filename`,`folderId`),
  KEY `craft_assetfiles_sourceId_fk` (`sourceId`),
  KEY `craft_assetfiles_folderId_fk` (`folderId`)
) ENGINE=InnoDB DEFAULT CHARSET=utf8 COLLATE=utf8_unicode_ci;

DROP TABLE IF EXISTS `craft_assetfolders`;


--
-- Schema for table `craft_assetfolders`
--
CREATE TABLE `craft_assetfolders` (
  `id` int(11) NOT NULL AUTO_INCREMENT,
  `parentId` int(11) DEFAULT NULL,
  `sourceId` int(11) DEFAULT NULL,
  `name` varchar(255) COLLATE utf8_unicode_ci NOT NULL,
  `path` varchar(255) COLLATE utf8_unicode_ci DEFAULT NULL,
  `dateCreated` datetime NOT NULL,
  `dateUpdated` datetime NOT NULL,
  `uid` char(36) COLLATE utf8_unicode_ci NOT NULL DEFAULT '0',
  PRIMARY KEY (`id`),
  UNIQUE KEY `craft_assetfolders_name_parentId_sourceId_unq_idx` (`name`,`parentId`,`sourceId`),
  KEY `craft_assetfolders_parentId_fk` (`parentId`),
  KEY `craft_assetfolders_sourceId_fk` (`sourceId`)
) ENGINE=InnoDB DEFAULT CHARSET=utf8 COLLATE=utf8_unicode_ci;

DROP TABLE IF EXISTS `craft_assetindexdata`;


--
-- Schema for table `craft_assetindexdata`
--
CREATE TABLE `craft_assetindexdata` (
  `id` int(11) NOT NULL AUTO_INCREMENT,
  `sessionId` varchar(36) COLLATE utf8_unicode_ci NOT NULL DEFAULT '',
  `sourceId` int(10) NOT NULL,
  `offset` int(10) NOT NULL,
  `uri` varchar(255) COLLATE utf8_unicode_ci DEFAULT NULL,
  `size` varchar(255) COLLATE utf8_unicode_ci DEFAULT NULL,
  `recordId` int(10) DEFAULT NULL,
  `dateCreated` datetime NOT NULL,
  `dateUpdated` datetime NOT NULL,
  `uid` char(36) COLLATE utf8_unicode_ci NOT NULL DEFAULT '0',
  PRIMARY KEY (`id`),
  UNIQUE KEY `craft_assetindexdata_sessionId_sourceId_offset_unq_idx` (`sessionId`,`sourceId`,`offset`),
  KEY `craft_assetindexdata_sourceId_fk` (`sourceId`)
) ENGINE=InnoDB DEFAULT CHARSET=utf8 COLLATE=utf8_unicode_ci;

DROP TABLE IF EXISTS `craft_assetsources`;


--
-- Schema for table `craft_assetsources`
--
CREATE TABLE `craft_assetsources` (
  `id` int(11) NOT NULL AUTO_INCREMENT,
  `name` varchar(255) COLLATE utf8_unicode_ci NOT NULL,
  `handle` varchar(255) COLLATE utf8_unicode_ci NOT NULL,
  `type` varchar(150) COLLATE utf8_unicode_ci NOT NULL,
  `settings` text COLLATE utf8_unicode_ci,
  `sortOrder` smallint(6) unsigned DEFAULT NULL,
  `fieldLayoutId` int(10) DEFAULT NULL,
  `dateCreated` datetime NOT NULL,
  `dateUpdated` datetime NOT NULL,
  `uid` char(36) COLLATE utf8_unicode_ci NOT NULL DEFAULT '0',
  PRIMARY KEY (`id`),
  UNIQUE KEY `craft_assetsources_name_unq_idx` (`name`),
  UNIQUE KEY `craft_assetsources_handle_unq_idx` (`handle`),
  KEY `craft_assetsources_fieldLayoutId_fk` (`fieldLayoutId`)
) ENGINE=InnoDB DEFAULT CHARSET=utf8 COLLATE=utf8_unicode_ci;

DROP TABLE IF EXISTS `craft_assettransformindex`;


--
-- Schema for table `craft_assettransformindex`
--
CREATE TABLE `craft_assettransformindex` (
  `id` int(11) NOT NULL AUTO_INCREMENT,
  `fileId` int(11) NOT NULL,
  `filename` varchar(255) COLLATE utf8_unicode_ci DEFAULT NULL,
  `format` varchar(255) COLLATE utf8_unicode_ci DEFAULT NULL,
  `location` varchar(255) COLLATE utf8_unicode_ci NOT NULL,
  `sourceId` int(11) DEFAULT NULL,
  `fileExists` tinyint(1) DEFAULT NULL,
  `inProgress` tinyint(1) DEFAULT NULL,
  `dateIndexed` datetime DEFAULT NULL,
  `dateCreated` datetime NOT NULL,
  `dateUpdated` datetime NOT NULL,
  `uid` char(36) COLLATE utf8_unicode_ci NOT NULL DEFAULT '0',
  PRIMARY KEY (`id`),
  KEY `craft_assettransformindex_sourceId_fileId_location_idx` (`sourceId`,`fileId`,`location`)
) ENGINE=InnoDB DEFAULT CHARSET=utf8 COLLATE=utf8_unicode_ci;

DROP TABLE IF EXISTS `craft_assettransforms`;


--
-- Schema for table `craft_assettransforms`
--
CREATE TABLE `craft_assettransforms` (
  `id` int(11) NOT NULL AUTO_INCREMENT,
  `name` varchar(255) COLLATE utf8_unicode_ci NOT NULL,
  `handle` varchar(255) COLLATE utf8_unicode_ci NOT NULL,
  `mode` enum('stretch','fit','crop') COLLATE utf8_unicode_ci NOT NULL DEFAULT 'crop',
  `position` enum('top-left','top-center','top-right','center-left','center-center','center-right','bottom-left','bottom-center','bottom-right') COLLATE utf8_unicode_ci NOT NULL DEFAULT 'center-center',
  `height` int(10) DEFAULT NULL,
  `width` int(10) DEFAULT NULL,
  `format` varchar(255) COLLATE utf8_unicode_ci DEFAULT NULL,
  `quality` int(10) DEFAULT NULL,
  `dimensionChangeTime` datetime DEFAULT NULL,
  `dateCreated` datetime NOT NULL,
  `dateUpdated` datetime NOT NULL,
  `uid` char(36) COLLATE utf8_unicode_ci NOT NULL DEFAULT '0',
  PRIMARY KEY (`id`),
  UNIQUE KEY `craft_assettransforms_name_unq_idx` (`name`),
  UNIQUE KEY `craft_assettransforms_handle_unq_idx` (`handle`)
) ENGINE=InnoDB DEFAULT CHARSET=utf8 COLLATE=utf8_unicode_ci;

DROP TABLE IF EXISTS `craft_categories`;


--
-- Schema for table `craft_categories`
--
CREATE TABLE `craft_categories` (
  `id` int(11) NOT NULL,
  `groupId` int(11) NOT NULL,
  `dateCreated` datetime NOT NULL,
  `dateUpdated` datetime NOT NULL,
  `uid` char(36) COLLATE utf8_unicode_ci NOT NULL DEFAULT '0',
  PRIMARY KEY (`id`),
  KEY `craft_categories_groupId_fk` (`groupId`)
) ENGINE=InnoDB DEFAULT CHARSET=utf8 COLLATE=utf8_unicode_ci;

--
-- Data for table `craft_categories`
--

INSERT INTO `craft_categories` (`id`, `groupId`, `dateCreated`, `dateUpdated`, `uid`) VALUES
 ('27', '1', '2016-10-09 17:08:50', '2016-10-09 17:08:50', '1ba68d4a-3c8b-4f3c-8255-7fc3b2281ee1'),
 ('28', '1', '2016-10-09 17:09:02', '2016-10-09 17:09:02', '2ed2ad7b-a26b-4306-9a5d-ec24728a80bc'),
 ('29', '1', '2016-10-09 17:09:13', '2016-10-09 17:09:13', '4d1afe33-a44c-41d3-8416-c6337533192f'),
 ('30', '1', '2016-10-09 17:09:22', '2016-10-09 17:09:22', 'e4319d92-9281-4940-be3a-7bd5f55cd9a4'),
 ('31', '1', '2016-10-09 17:09:39', '2016-10-09 17:09:39', 'fde0b0aa-4518-4551-96df-8e636ab1b10c'),
 ('32', '1', '2016-10-09 17:09:48', '2016-10-09 17:09:48', 'c904dc55-b0e1-49d7-9462-5d55d3bf242b'),
 ('33', '1', '2016-10-09 17:09:57', '2016-10-09 17:09:57', '65a5372d-eab8-411d-81c5-e9fa531c3610'),
 ('34', '1', '2016-10-09 17:10:03', '2016-10-09 17:10:03', 'cbc1798d-c44e-40bb-9598-6b3cba052c2a'),
 ('35', '1', '2016-10-09 17:10:30', '2016-10-09 17:10:30', '24195d8b-8e67-4f13-92db-efa4a29e4fc0'),
 ('36', '1', '2016-10-09 17:10:39', '2016-10-09 17:10:39', '18193b87-db99-4d66-9ef9-f3d2cb3c2630'),
 ('37', '1', '2016-10-09 17:10:48', '2016-10-09 17:10:48', '8b8c3457-862b-4e07-a2b9-ff02c7ccfe74'),
 ('38', '1', '2016-10-09 17:10:55', '2016-10-09 17:10:55', '333634bd-b7e5-4459-8509-72c40ecd9969'),
 ('39', '1', '2016-10-09 17:11:04', '2016-10-09 17:11:04', '87dad5ff-4a44-45c8-8a19-6b082f872962'),
 ('40', '1', '2016-10-09 17:11:19', '2016-10-09 17:11:19', '50a4380a-733c-4ad9-b5f7-be689043692b'),
 ('41', '1', '2016-10-09 17:11:36', '2016-10-09 17:11:36', 'a3a4810c-1408-4de3-815c-9beea3f120d6'),
 ('42', '1', '2016-10-09 17:11:54', '2016-10-09 17:11:54', '0fa4e7bc-85e4-4053-97b9-cdc320185641'),
 ('43', '1', '2016-10-09 17:12:12', '2016-10-09 17:12:12', '929e2bb0-b797-478c-97c5-01af0cf6bbed'),
 ('44', '1', '2016-10-09 17:12:22', '2016-10-09 17:12:22', 'fb972c09-d94a-40d6-b287-09c9b174961c'),
 ('45', '1', '2016-10-09 17:15:18', '2016-10-10 04:02:30', '30fac904-6d28-4a53-8ded-56caad580370'),
 ('46', '1', '2016-10-09 17:15:25', '2016-10-09 17:15:25', '12d8fac3-9b7c-4b08-92e4-702ccdc856b9'),
 ('47', '1', '2016-10-09 17:15:32', '2016-10-09 17:15:32', '5d752580-b9e7-442d-9717-0fc7592db933'),
 ('48', '1', '2016-10-09 17:15:48', '2016-10-09 17:15:48', '1177e7d1-d8c8-4072-9c81-34e350b925a5'),
 ('49', '1', '2016-10-09 17:16:46', '2016-10-09 17:16:46', '6d9d3b26-ea27-49ef-b59e-59bfb4f3eebf'),
 ('50', '1', '2016-10-09 17:16:53', '2016-10-09 17:16:53', '399a16d1-2363-4ff9-a41f-f5332c3514e8'),
 ('51', '1', '2016-10-09 17:17:15', '2016-10-09 17:19:41', '90114405-7277-407c-8da8-bafd8af8e425'),
 ('52', '1', '2016-10-09 17:17:25', '2016-10-09 17:17:25', 'da403b79-3379-4491-8f59-fd0fe210cacb'),
 ('53', '1', '2016-10-09 17:17:34', '2016-10-09 17:17:34', '3cc5c40a-cb97-45b1-875c-0307221ce8ff'),
 ('54', '1', '2016-10-09 17:17:44', '2016-10-09 17:17:44', 'c86c7dbd-a179-4d2e-b457-5c3cc42f0dc3'),
 ('55', '1', '2016-10-09 17:18:02', '2016-10-09 17:18:02', '3976ee67-8cac-4cd3-9ec3-70a756d94148'),
 ('56', '1', '2016-10-09 17:18:11', '2016-10-09 17:18:11', '1b649416-b414-45e5-b60f-bbf948e9caf0'),
 ('57', '1', '2016-10-09 17:18:26', '2016-10-09 17:18:26', '2bc78889-894b-412d-b4c9-ac43f93fdc2b'),
 ('58', '1', '2016-10-09 17:19:23', '2016-10-09 17:19:23', '91dc7571-1d82-45cc-b345-d81855981a42'),
 ('59', '1', '2016-10-09 17:19:31', '2016-10-09 17:19:31', 'fde31fa5-4b26-4645-b89e-86f057b99ac0'),
 ('94', '1', '2016-10-11 18:07:03', '2016-10-11 18:07:03', '3aae64cd-0198-4e06-bc3b-3a6fd5c027b2');



DROP TABLE IF EXISTS `craft_categorygroups`;


--
-- Schema for table `craft_categorygroups`
--
CREATE TABLE `craft_categorygroups` (
  `id` int(11) NOT NULL AUTO_INCREMENT,
  `structureId` int(11) NOT NULL,
  `fieldLayoutId` int(11) DEFAULT NULL,
  `name` varchar(255) COLLATE utf8_unicode_ci NOT NULL,
  `handle` varchar(255) COLLATE utf8_unicode_ci NOT NULL,
  `hasUrls` tinyint(1) unsigned NOT NULL DEFAULT '1',
  `template` varchar(500) COLLATE utf8_unicode_ci DEFAULT NULL,
  `dateCreated` datetime NOT NULL,
  `dateUpdated` datetime NOT NULL,
  `uid` char(36) COLLATE utf8_unicode_ci NOT NULL DEFAULT '0',
  PRIMARY KEY (`id`),
  UNIQUE KEY `craft_categorygroups_name_unq_idx` (`name`),
  UNIQUE KEY `craft_categorygroups_handle_unq_idx` (`handle`),
  KEY `craft_categorygroups_structureId_fk` (`structureId`),
  KEY `craft_categorygroups_fieldLayoutId_fk` (`fieldLayoutId`)
) ENGINE=InnoDB AUTO_INCREMENT=2 DEFAULT CHARSET=utf8 COLLATE=utf8_unicode_ci;

--
-- Data for table `craft_categorygroups`
--

INSERT INTO `craft_categorygroups` (`id`, `structureId`, `fieldLayoutId`, `name`, `handle`, `hasUrls`, `template`, `dateCreated`, `dateUpdated`, `uid`) VALUES
 ('1', '1', '77', 'Organization Category', 'category', '1', 'organization/catagory', '2016-10-09 17:07:34', '2016-10-09 18:04:14', 'aad0a125-ffb8-40d7-9851-c712e1f0fbd6');



DROP TABLE IF EXISTS `craft_categorygroups_i18n`;


--
-- Schema for table `craft_categorygroups_i18n`
--
CREATE TABLE `craft_categorygroups_i18n` (
  `id` int(11) NOT NULL AUTO_INCREMENT,
  `groupId` int(11) NOT NULL,
  `locale` char(12) COLLATE utf8_unicode_ci NOT NULL,
  `urlFormat` text COLLATE utf8_unicode_ci,
  `nestedUrlFormat` text COLLATE utf8_unicode_ci,
  `dateCreated` datetime NOT NULL,
  `dateUpdated` datetime NOT NULL,
  `uid` char(36) COLLATE utf8_unicode_ci NOT NULL DEFAULT '0',
  PRIMARY KEY (`id`),
  UNIQUE KEY `craft_categorygroups_i18n_groupId_locale_unq_idx` (`groupId`,`locale`),
  KEY `craft_categorygroups_i18n_locale_fk` (`locale`)
) ENGINE=InnoDB AUTO_INCREMENT=2 DEFAULT CHARSET=utf8 COLLATE=utf8_unicode_ci;

--
-- Data for table `craft_categorygroups_i18n`
--

INSERT INTO `craft_categorygroups_i18n` (`id`, `groupId`, `locale`, `urlFormat`, `nestedUrlFormat`, `dateCreated`, `dateUpdated`, `uid`) VALUES
 ('1', '1', 'en_us', 'categories/{slug}', '{parent.uri}/{slug}', '2016-10-09 17:07:34', '2016-10-09 18:02:00', '11ea271f-517b-4e01-98ff-3bac213b83f3');



DROP TABLE IF EXISTS `craft_content`;


--
-- Schema for table `craft_content`
--
CREATE TABLE `craft_content` (
  `id` int(11) NOT NULL AUTO_INCREMENT,
  `elementId` int(11) NOT NULL,
  `locale` char(12) COLLATE utf8_unicode_ci NOT NULL,
  `title` varchar(255) COLLATE utf8_unicode_ci DEFAULT NULL,
  `field_body` text COLLATE utf8_unicode_ci,
  `field_organizationName` text COLLATE utf8_unicode_ci,
  `field_organizationSummary` text COLLATE utf8_unicode_ci,
  `field_mainHeaderTitle` text COLLATE utf8_unicode_ci,
  `field_mainHeaderCopy` varchar(200) COLLATE utf8_unicode_ci DEFAULT NULL,
  `field_partners` text COLLATE utf8_unicode_ci,
  `field_contactUs` text COLLATE utf8_unicode_ci,
  `field_contactUsCopy` text COLLATE utf8_unicode_ci,
  `dateCreated` datetime NOT NULL,
  `dateUpdated` datetime NOT NULL,
  `uid` char(36) COLLATE utf8_unicode_ci NOT NULL DEFAULT '0',
  PRIMARY KEY (`id`),
  UNIQUE KEY `craft_content_elementId_locale_unq_idx` (`elementId`,`locale`),
  KEY `craft_content_title_idx` (`title`),
  KEY `craft_content_locale_fk` (`locale`)
) ENGINE=InnoDB AUTO_INCREMENT=48 DEFAULT CHARSET=utf8 COLLATE=utf8_unicode_ci;

--
-- Data for table `craft_content`
--

INSERT INTO `craft_content` (`id`, `elementId`, `locale`, `title`, `field_body`, `field_organizationName`, `field_organizationSummary`, `field_mainHeaderTitle`, `field_mainHeaderCopy`, `field_partners`, `field_contactUs`, `field_contactUsCopy`, `dateCreated`, `dateUpdated`, `uid`) VALUES
 ('1', '1', 'en_us', NULL, NULL, NULL, NULL, NULL, NULL, NULL, NULL, NULL, '2016-10-08 17:10:59', '2016-10-08 17:10:59', '1605d2e5-0030-4f37-acf5-e57850795069'),
 ('2', '2', 'en_us', 'Homepage', '<p>It’s true, this site doesn’t have a whole lot of content yet, but don’t worry. Our web developers have just installed the CMS, and they’re setting things up for the content editors this very moment. Soon Localhost will be an oasis of fresh perspectives, sharp analyses, and astute opinions that will keep you coming back again and again.</p>', NULL, NULL, 'Palouse Resource Guide', 'Lorem ipsum dolor sit amet, consectetur adipiscing elit. Lorem ipsum dolor sit amet, consectetur adipiscing elit. Lorem ipsum dolor sit amet, consectetur adipiscing elit. ', 'In Partnership With', 'Contact Us', 'Lorem ipsum dolor sit amet, consectetur adipiscing elit. Lorem ipsum dolor sit amet, consectetur adipiscing elit.', '2016-10-08 17:11:02', '2016-10-09 06:30:57', '7e6d5f90-7e32-4113-bcaa-78492f0ced40'),
 ('3', '3', 'en_us', 'We just installed Craft!', '<p>Craft is the CMS that’s powering Localhost. It’s beautiful, powerful, flexible, and easy-to-use, and it’s made by Pixel &amp; Tonic. We can’t wait to dive in and see what it’s capable of!</p><!--pagebreak--><p>This is even more captivating content, which you couldn’t see on the News index page because it was entered after a Page Break, and the News index template only likes to show the content on the first page.</p><p>Craft: a nice alternative to Word, if you’re making a website.</p>', NULL, NULL, NULL, NULL, NULL, NULL, NULL, '2016-10-08 17:11:02', '2016-10-08 17:11:02', 'e3956f4e-2d31-4a91-b863-5daf5fc647f3'),
 ('4', '4', 'en_us', 'ER Hospital ', NULL, 'ER Hospital Corrp', 'Donec sollicitudin molestie malesuada. Vivamus suscipit tortor eget felis porttitor volutpat. Nulla porttitor accumsan tincidunt. Sed porttitor lectus nibh. Mauris blandit aliquet elit, eget tincidunt nibh pulvinar a. Curabitur non nulla sit amet nisl tempus convallis quis ac lectus. Vivamus suscipit tortor eget felis porttitor volutpat. Curabitur arcu erat, accumsan id imperdiet et, porttitor at sem. Pellentesque in ipsum id orci porta dapibus. Lorem ipsum dolor sit amet, consectetur adipiscing elit.', NULL, NULL, NULL, NULL, NULL, '2016-10-08 18:02:21', '2016-10-11 16:03:54', '6153455c-20eb-4439-88c6-a825f4595a93'),
 ('5', '5', 'en_us', 'Spokane Rugby Union', NULL, 'Rugby Union Spokane', '<p>Donec sollicitudin molestie malesuada. Vivamus suscipit tortor eget felis porttitor volutpat. Nulla porttitor accumsan tincidunt. Sed porttitor lectus nibh. Mauris blandit aliquet elit, eget tincidunt nibh pulvinar a. Curabitur non nulla sit amet nisl tempus convallis quis ac lectus. Vivamus suscipit tortor eget felis porttitor volutpat. Curabitur arcu erat, accumsan id imperdiet et, porttitor at sem. Pellentesque in ipsum id orci porta dapibus. Lorem ipsum dolor sit amet, consectetur adipiscing elit.</p>', NULL, NULL, NULL, NULL, NULL, '2016-10-08 18:03:30', '2016-10-09 17:39:24', 'f8d549e8-be6a-4990-ba35-cee2962d8094'),
 ('6', '6', 'en_us', 'Discount Plumbing', NULL, 'PlumbersMan', '<p>Nulla quis lorem ut libero malesuada feugiat. Vivamus suscipit tortor eget felis porttitor volutpat. Quisque velit nisi, pretium ut lacinia in, elementum id enim. Proin eget tortor risus. Donec sollicitudin molestie malesuada. Vivamus suscipit tortor eget felis porttitor volutpat. Donec sollicitudin molestie malesuada. Curabitur non nulla sit amet nisl tempus convallis quis ac lectus. Curabitur non nulla sit amet nisl tempus convallis quis ac lectus. Donec sollicitudin molestie malesuada.</p>', NULL, NULL, NULL, NULL, NULL, '2016-10-08 19:08:50', '2016-10-11 18:14:24', '0e60d201-fd42-44e5-9c73-39be386e5100'),
 ('7', '27', 'en_us', 'Adult Education', NULL, NULL, NULL, NULL, NULL, NULL, NULL, NULL, '2016-10-09 17:08:49', '2016-10-09 17:08:49', '985738bf-f693-4aec-8d72-a1c659c33975'),
 ('8', '28', 'en_us', 'After-school Care', NULL, NULL, NULL, NULL, NULL, NULL, NULL, NULL, '2016-10-09 17:09:02', '2016-10-09 17:09:02', 'd8ccdd5b-c902-4b03-9927-61b1e9a85678'),
 ('9', '29', 'en_us', 'Alcohol and Drug Abuse', NULL, NULL, NULL, NULL, NULL, NULL, NULL, NULL, '2016-10-09 17:09:13', '2016-10-09 17:09:13', '81e3fff7-59d6-413d-8ac8-b3adea9707e5'),
 ('10', '30', 'en_us', 'Arts and Entertainment', NULL, NULL, NULL, NULL, NULL, NULL, NULL, NULL, '2016-10-09 17:09:22', '2016-10-09 17:09:22', '36e0663d-95e8-4943-9881-69e1e721dbf8'),
 ('11', '31', 'en_us', 'Caregiver Support', NULL, NULL, NULL, NULL, NULL, NULL, NULL, NULL, '2016-10-09 17:09:39', '2016-10-09 17:09:39', 'd4523c62-3b96-4a08-a515-abc74779502e'),
 ('12', '32', 'en_us', 'Childcare', NULL, NULL, NULL, NULL, NULL, NULL, NULL, NULL, '2016-10-09 17:09:48', '2016-10-09 17:09:48', 'c6c8bdc5-29f7-4599-873b-1ea3170cdf52'),
 ('13', '33', 'en_us', 'Children Services', NULL, NULL, NULL, NULL, NULL, NULL, NULL, NULL, '2016-10-09 17:09:57', '2016-10-09 17:09:57', '08b24602-0f83-4950-8b4c-8c818be57317'),
 ('14', '34', 'en_us', 'Clergy', NULL, NULL, NULL, NULL, NULL, NULL, NULL, NULL, '2016-10-09 17:10:03', '2016-10-09 17:10:03', '60fd13cc-b75e-4ac1-a1e5-ccffed9b9cd2'),
 ('15', '35', 'en_us', 'Counseling and Mental Health', NULL, NULL, NULL, NULL, NULL, NULL, NULL, NULL, '2016-10-09 17:10:30', '2016-10-09 17:10:30', '6233c01c-6f57-49b6-8c7c-86cccb021e6f'),
 ('16', '36', 'en_us', 'Dental', NULL, NULL, NULL, NULL, NULL, NULL, NULL, NULL, '2016-10-09 17:10:39', '2016-10-09 17:10:39', '7d5c221a-625f-4454-8bfc-d0afd3b754cd'),
 ('17', '37', 'en_us', 'Emergency Services', NULL, NULL, NULL, NULL, NULL, NULL, NULL, NULL, '2016-10-09 17:10:48', '2016-10-09 17:10:48', 'ac21b14d-24b2-43d9-80df-075d0a499f2a'),
 ('18', '38', 'en_us', 'Employment', NULL, NULL, NULL, NULL, NULL, NULL, NULL, NULL, '2016-10-09 17:10:55', '2016-10-09 17:10:55', 'a74965f5-ab65-480d-9152-7d3d2aa87dd4'),
 ('19', '39', 'en_us', 'Family Resources', NULL, NULL, NULL, NULL, NULL, NULL, NULL, NULL, '2016-10-09 17:11:04', '2016-10-09 17:11:04', 'aa34dd7f-8975-4763-b68e-224a75710840'),
 ('20', '40', 'en_us', 'Financial Services', NULL, NULL, NULL, NULL, NULL, NULL, NULL, NULL, '2016-10-09 17:11:19', '2016-10-09 17:11:19', '6a3b4255-43c6-4484-8616-2c172cd40631'),
 ('21', '41', 'en_us', 'Federal and State Goverment', NULL, NULL, NULL, NULL, NULL, NULL, NULL, NULL, '2016-10-09 17:11:36', '2016-10-09 17:11:36', '0f68825e-2a8e-4720-b008-f1b31d521f65'),
 ('22', '42', 'en_us', 'Health and Human Services', NULL, NULL, NULL, NULL, NULL, NULL, NULL, NULL, '2016-10-09 17:11:54', '2016-10-09 17:11:54', 'ecec2275-5123-4a7f-aac8-3bb3daba323f'),
 ('23', '43', 'en_us', 'Health and Wellness', NULL, NULL, NULL, NULL, NULL, NULL, NULL, NULL, '2016-10-09 17:12:11', '2016-10-09 17:12:11', '7549457a-c1c9-40c5-a8b0-23bb3973ac15'),
 ('24', '44', 'en_us', 'Home Care Services', NULL, NULL, NULL, NULL, NULL, NULL, NULL, NULL, '2016-10-09 17:12:22', '2016-10-09 17:12:22', 'aa382967-b8aa-4e96-9711-5cd779973487'),
 ('25', '45', 'en_us', 'Hospital', NULL, NULL, NULL, NULL, NULL, NULL, NULL, NULL, '2016-10-09 17:15:17', '2016-10-10 04:02:30', '915581c5-a629-47da-8fea-df63ba82881c'),
 ('26', '46', 'en_us', 'Housing', NULL, NULL, NULL, NULL, NULL, NULL, NULL, NULL, '2016-10-09 17:15:25', '2016-10-09 17:15:25', '6382be6c-973f-45a5-9102-23eb9ed64678'),
 ('27', '47', 'en_us', 'Medical', NULL, NULL, NULL, NULL, NULL, NULL, NULL, NULL, '2016-10-09 17:15:32', '2016-10-09 17:15:32', '737e2d19-ce18-48f9-a848-aa3db2085815'),
 ('28', '48', 'en_us', 'National Hotlines and Resources', NULL, NULL, NULL, NULL, NULL, NULL, NULL, NULL, '2016-10-09 17:15:48', '2016-10-09 17:15:48', '56d96396-2889-439e-be2f-b732d98de5b8'),
 ('29', '49', 'en_us', 'Parent Education', NULL, NULL, NULL, NULL, NULL, NULL, NULL, NULL, '2016-10-09 17:16:46', '2016-10-09 17:16:46', 'c96f1f15-83ea-41ef-aae1-2ba03a7f6d64'),
 ('30', '50', 'en_us', 'Recreation', NULL, NULL, NULL, NULL, NULL, NULL, NULL, NULL, '2016-10-09 17:16:53', '2016-10-09 17:16:53', 'bf36b77c-88de-4f63-8122-6949bd8e409a'),
 ('31', '51', 'en_us', 'Schools and Libraries ', NULL, NULL, NULL, NULL, NULL, NULL, NULL, NULL, '2016-10-09 17:17:15', '2016-10-09 17:19:41', '795f1d58-1219-4146-9710-a6779ce32078'),
 ('32', '52', 'en_us', 'Senior Health', NULL, NULL, NULL, NULL, NULL, NULL, NULL, NULL, '2016-10-09 17:17:25', '2016-10-09 17:17:25', '95865e48-8bd2-43ec-b6e7-f4a713521bb1'),
 ('33', '53', 'en_us', 'Senior Living', NULL, NULL, NULL, NULL, NULL, NULL, NULL, NULL, '2016-10-09 17:17:34', '2016-10-09 17:17:34', '0b16abde-9328-4d2c-be6d-a8a44b5170d0'),
 ('34', '54', 'en_us', 'Service Learning', NULL, NULL, NULL, NULL, NULL, NULL, NULL, NULL, '2016-10-09 17:17:44', '2016-10-09 17:17:44', '5364a533-8038-46f3-aa8d-b6db2fea8d13'),
 ('35', '55', 'en_us', 'Special Needs', NULL, NULL, NULL, NULL, NULL, NULL, NULL, NULL, '2016-10-09 17:18:02', '2016-10-09 17:18:02', '8002eb1b-f870-4974-becb-f522b22db059'),
 ('36', '56', 'en_us', 'Transportation ', NULL, NULL, NULL, NULL, NULL, NULL, NULL, NULL, '2016-10-09 17:18:11', '2016-10-09 17:18:11', 'f6295543-4b20-48db-bebe-5970511a4989'),
 ('37', '57', 'en_us', 'Volunteer Opportunities', NULL, NULL, NULL, NULL, NULL, NULL, NULL, NULL, '2016-10-09 17:18:26', '2016-10-09 17:18:26', 'f9ed866d-c428-4b10-a8f2-ea9e2ba6fe73'),
 ('38', '58', 'en_us', 'Volunteer Services', NULL, NULL, NULL, NULL, NULL, NULL, NULL, NULL, '2016-10-09 17:19:23', '2016-10-09 17:19:23', '663b2165-7270-4ace-a538-d0e1323cd752'),
 ('39', '59', 'en_us', 'OTHER', NULL, NULL, NULL, NULL, NULL, NULL, NULL, NULL, '2016-10-09 17:19:31', '2016-10-09 17:19:31', 'e323c592-3c18-4aa5-8122-dc1bd2b4f422'),
 ('40', '60', 'en_us', 'Urgent Care', NULL, NULL, 'Donec sollicitudin molestie malesuada. Vivamus suscipit tortor eget felis porttitor volutpat. Nulla porttitor accumsan tincidunt. Sed porttitor lectus nibh. Mauris blandit aliquet elit, eget tincidunt nibh pulvinar a. Curabitur non nulla sit amet nisl tempus convallis quis ac lectus. Vivamus suscipit tortor eget felis porttitor volutpat. Curabitur arcu erat, accumsan id imperdiet et, porttitor at sem. Pellentesque in ipsum id orci porta dapibus. Lorem ipsum dolor sit amet, consectetur adipiscing elit.', NULL, NULL, NULL, NULL, NULL, '2016-10-10 05:44:42', '2016-10-11 16:04:27', '564ebecd-64d1-4e20-a440-a6e57c5aaccc'),
 ('41', '65', 'en_us', 'Providence ', NULL, NULL, 'Donec sollicitudin molestie malesuada. Vivamus suscipit tortor eget felis porttitor volutpat. Nulla porttitor accumsan tincidunt. Sed porttitor lectus nibh. Mauris blandit aliquet elit, eget tincidunt nibh pulvinar a. Curabitur non nulla sit amet nisl tempus convallis quis ac lectus. Vivamus suscipit tortor eget felis porttitor volutpat. Curabitur arcu erat, accumsan id imperdiet et, porttitor at sem. Pellentesque in ipsum id orci porta dapibus. Lorem ipsum dolor sit amet, consectetur adipiscing elit.', NULL, NULL, NULL, NULL, NULL, '2016-10-11 15:48:45', '2016-10-11 16:04:13', '0c4735cc-814b-4a36-a28d-8b3f3adc7f31'),
 ('42', '69', 'en_us', 'Twin Lake Hospice', NULL, NULL, 'Donec sollicitudin molestie malesuada. Vivamus suscipit tortor eget felis porttitor volutpat. Nulla porttitor accumsan tincidunt. Sed porttitor lectus nibh. Mauris blandit aliquet elit, eget tincidunt nibh pulvinar a. Curabitur non nulla sit amet nisl tempus convallis quis ac lectus. Vivamus suscipit tortor eget felis porttitor volutpat. Curabitur arcu erat, accumsan id imperdiet et, porttitor at sem. Pellentesque in ipsum id orci porta dapibus. Lorem ipsum dolor sit amet, consectetur adipiscing elit.', NULL, NULL, NULL, NULL, NULL, '2016-10-11 15:50:05', '2016-10-11 16:04:35', '86bea0ce-a5fc-4ee5-bfe2-34908342f730'),
 ('43', '73', 'en_us', 'ASAP Hospital ', NULL, NULL, 'Cras ultricies ligula sed magna dictum porta. Vivamus magna justo, lacinia eget consectetur sed, convallis at tellus. Curabitur non nulla sit amet nisl tempus convallis quis ac lectus. Cras ultricies ligula sed magna dictum porta. Mauris blandit aliquet elit, eget tincidunt nibh pulvinar a. Vestibulum ac diam sit amet quam vehicula elementum sed sit amet dui. Pellentesque in ipsum id orci porta dapibus. Proin eget tortor risus. Quisque velit nisi, pretium ut lacinia in, elementum id enim. Cras ultricies ligula sed magna dictum porta.', NULL, NULL, NULL, NULL, NULL, '2016-10-11 16:00:28', '2016-10-11 17:56:52', 'd7161a5c-dec0-4a97-8b89-61241f36a233'),
 ('44', '79', 'en_us', 'Asuris Health ', NULL, NULL, 'Cras ultricies ligula sed magna dictum porta. Vivamus magna justo, lacinia eget consectetur sed, convallis at tellus. Curabitur non nulla sit amet nisl tempus convallis quis ac lectus. Cras ultricies ligula sed magna dictum porta. Mauris blandit aliquet elit, eget tincidunt nibh pulvinar a. Vestibulum ac diam sit amet quam vehicula elementum sed sit amet dui. Pellentesque in ipsum id orci porta dapibus. Proin eget tortor risus. Quisque velit nisi, pretium ut lacinia in, elementum id enim. Cras ultricies ligula sed magna dictum porta.', NULL, NULL, NULL, NULL, NULL, '2016-10-11 16:01:15', '2016-10-11 16:01:15', 'dfdd0d31-69d9-4dc5-8978-1efb4dce196e'),
 ('45', '82', 'en_us', 'Regent Care Emergency', NULL, NULL, 'Cras ultricies ligula sed magna dictum porta. Vivamus magna justo, lacinia eget consectetur sed, convallis at tellus. Curabitur non nulla sit amet nisl tempus convallis quis ac lectus. Cras ultricies ligula sed magna dictum porta. Mauris blandit aliquet elit, eget tincidunt nibh pulvinar a. Vestibulum ac diam sit amet quam vehicula elementum sed sit amet dui. Pellentesque in ipsum id orci porta dapibus. Proin eget tortor risus. Quisque velit nisi, pretium ut lacinia in, elementum id enim. Cras ultricies ligula sed magna dictum porta.', NULL, NULL, NULL, NULL, NULL, '2016-10-11 16:03:23', '2016-10-11 17:56:19', '2d0a2d2f-f5a6-4acc-b860-6abaa1b6b98c'),
 ('46', '94', 'en_us', 'Construction', NULL, NULL, NULL, NULL, NULL, NULL, NULL, NULL, '2016-10-11 18:07:02', '2016-10-11 18:07:02', '3304d04a-ad5f-4186-a30d-e4493ce9f33a'),
 ('47', '95', 'en_us', 'Discount Water Heater', NULL, NULL, 'Lorem ipsum dolor sit amet, consectetur adipiscing elit. Curabitur non nulla sit amet nisl tempus convallis quis ac lectus. Nulla porttitor accumsan tincidunt. Cras ultricies ligula sed magna dictum porta. Vivamus suscipit tortor eget felis p', NULL, NULL, NULL, NULL, NULL, '2016-10-11 18:13:05', '2016-10-11 18:13:05', '6ea59414-f7ac-4ded-b970-e07c6014348c');



DROP TABLE IF EXISTS `craft_deprecationerrors`;


--
-- Schema for table `craft_deprecationerrors`
--
CREATE TABLE `craft_deprecationerrors` (
  `id` int(11) NOT NULL AUTO_INCREMENT,
  `key` varchar(255) COLLATE utf8_unicode_ci NOT NULL,
  `fingerprint` varchar(255) COLLATE utf8_unicode_ci NOT NULL,
  `lastOccurrence` datetime NOT NULL,
  `file` varchar(255) COLLATE utf8_unicode_ci NOT NULL,
  `line` smallint(6) unsigned NOT NULL,
  `class` varchar(255) COLLATE utf8_unicode_ci DEFAULT NULL,
  `method` varchar(255) COLLATE utf8_unicode_ci DEFAULT NULL,
  `template` varchar(255) COLLATE utf8_unicode_ci DEFAULT NULL,
  `templateLine` smallint(6) unsigned DEFAULT NULL,
  `message` varchar(255) COLLATE utf8_unicode_ci DEFAULT NULL,
  `traces` text COLLATE utf8_unicode_ci,
  `dateCreated` datetime NOT NULL,
  `dateUpdated` datetime NOT NULL,
  `uid` char(36) COLLATE utf8_unicode_ci NOT NULL DEFAULT '0',
  PRIMARY KEY (`id`),
  UNIQUE KEY `craft_deprecationerrors_key_fingerprint_unq_idx` (`key`,`fingerprint`)
) ENGINE=InnoDB AUTO_INCREMENT=51 DEFAULT CHARSET=utf8 COLLATE=utf8_unicode_ci;

--
-- Data for table `craft_deprecationerrors`
--

INSERT INTO `craft_deprecationerrors` (`id`, `key`, `fingerprint`, `lastOccurrence`, `file`, `line`, `class`, `method`, `template`, `templateLine`, `message`, `traces`, `dateCreated`, `dateUpdated`, `uid`) VALUES
 ('1', '{% endpaginate %}', '/Users/ant/Desktop/nxnw/craft/templates/index.html', '2016-10-11 16:17:54', '/Users/ant/Desktop/nxnw/craft/app/etc/templating/twigextensions/DeprecatedTag_TokenParser.php', '60', 'Craft\\DeprecatedTag_TokenParser', 'parse', '/Users/ant/Desktop/nxnw/craft/templates/index.html', NULL, 'The {% endpaginate %} tag is no longer necessary. You can remove it from your ‘search’ template on line 48.', '[{\"objectClass\":\"Craft\\\\DeprecatorService\",\"file\":\"\\/Users\\/ant\\/Desktop\\/nxnw\\/craft\\/app\\/etc\\/templating\\/twigextensions\\/DeprecatedTag_TokenParser.php\",\"line\":60,\"class\":\"Craft\\\\DeprecatorService\",\"method\":\"log\",\"args\":\"\\\"{% endpaginate %}\\\", \\\"The {% endpaginate %} tag is no longer necessary. You can remove...\\\"\"},{\"objectClass\":\"Craft\\\\DeprecatedTag_TokenParser\",\"file\":\"\\/Users\\/ant\\/Desktop\\/nxnw\\/craft\\/app\\/vendor\\/twig\\/twig\\/lib\\/Twig\\/Parser.php\",\"line\":187,\"class\":\"Craft\\\\DeprecatedTag_TokenParser\",\"method\":\"parse\",\"args\":\"Twig_Token\"},{\"objectClass\":\"Craft\\\\TwigParser\",\"file\":\"\\/Users\\/ant\\/Desktop\\/nxnw\\/craft\\/app\\/vendor\\/twig\\/twig\\/lib\\/Twig\\/TokenParser\\/If.php\",\"line\":34,\"class\":\"Twig_Parser\",\"method\":\"subparse\",\"args\":\"array(Twig_TokenParser_If, \\\"decideIfFork\\\")\"},{\"objectClass\":\"Twig_TokenParser_If\",\"file\":\"\\/Users\\/ant\\/Desktop\\/nxnw\\/craft\\/app\\/vendor\\/twig\\/twig\\/lib\\/Twig\\/Parser.php\",\"line\":187,\"class\":\"Twig_TokenParser_If\",\"method\":\"parse\",\"args\":\"Twig_Token\"},{\"objectClass\":\"Craft\\\\TwigParser\",\"file\":\"\\/Users\\/ant\\/Desktop\\/nxnw\\/craft\\/app\\/vendor\\/twig\\/twig\\/lib\\/Twig\\/TokenParser\\/Block.php\",\"line\":38,\"class\":\"Twig_Parser\",\"method\":\"subparse\",\"args\":\"array(Twig_TokenParser_Block, \\\"decideBlockEnd\\\"), true\"},{\"objectClass\":\"Twig_TokenParser_Block\",\"file\":\"\\/Users\\/ant\\/Desktop\\/nxnw\\/craft\\/app\\/vendor\\/twig\\/twig\\/lib\\/Twig\\/Parser.php\",\"line\":187,\"class\":\"Twig_TokenParser_Block\",\"method\":\"parse\",\"args\":\"Twig_Token\"},{\"objectClass\":\"Craft\\\\TwigParser\",\"file\":\"\\/Users\\/ant\\/Desktop\\/nxnw\\/craft\\/app\\/vendor\\/twig\\/twig\\/lib\\/Twig\\/Parser.php\",\"line\":100,\"class\":\"Twig_Parser\",\"method\":\"subparse\",\"args\":\"null, false\"},{\"objectClass\":\"Craft\\\\TwigParser\",\"file\":\"\\/Users\\/ant\\/Desktop\\/nxnw\\/craft\\/app\\/vendor\\/twig\\/twig\\/lib\\/Twig\\/Environment.php\",\"line\":619,\"class\":\"Twig_Parser\",\"method\":\"parse\",\"args\":\"Twig_TokenStream\"},{\"objectClass\":\"Craft\\\\TwigEnvironment\",\"file\":\"\\/Users\\/ant\\/Desktop\\/nxnw\\/craft\\/app\\/vendor\\/twig\\/twig\\/lib\\/Twig\\/Environment.php\",\"line\":671,\"class\":\"Twig_Environment\",\"method\":\"parse\",\"args\":\"Twig_TokenStream\"},{\"objectClass\":\"Craft\\\\TwigEnvironment\",\"file\":\"\\/Users\\/ant\\/Desktop\\/nxnw\\/craft\\/app\\/vendor\\/twig\\/twig\\/lib\\/Twig\\/Environment.php\",\"line\":396,\"class\":\"Twig_Environment\",\"method\":\"compileSource\",\"args\":\"\\\"\\n\\n{% block content %}\\n{% set title = \'title\' %}\\n{% set qs = \'?\' ...\\\", \\\"search\\\"\"},{\"objectClass\":\"Craft\\\\TwigEnvironment\",\"file\":\"\\/Users\\/ant\\/Desktop\\/nxnw\\/craft\\/app\\/etc\\/templating\\/TwigEnvironment.php\",\"line\":61,\"class\":\"Twig_Environment\",\"method\":\"loadTemplate\",\"args\":\"\\\"search\\\", null\"},{\"objectClass\":\"Craft\\\\TwigEnvironment\",\"file\":\"\\/Users\\/ant\\/Desktop\\/nxnw\\/craft\\/app\\/vendor\\/twig\\/twig\\/lib\\/Twig\\/Template.php\",\"line\":286,\"class\":\"Craft\\\\TwigEnvironment\",\"method\":\"loadTemplate\",\"args\":\"\\\"search\\\", null\"},{\"objectClass\":\"__TwigTemplate_32a313465102bb99b337f980c671a1a5b35ee18d6a0e7e5fb1c0e82ebac3d1fb\",\"file\":\"\\/Users\\/ant\\/Desktop\\/nxnw\\/craft\\/app\\/vendor\\/twig\\/twig\\/lib\\/Twig\\/Environment.php(403) : eval()\'d code\",\"line\":156,\"class\":\"Twig_Template\",\"method\":\"loadTemplate\",\"args\":\"\\\"search\\\", \\\"index\\\", 72\"},{\"objectClass\":\"__TwigTemplate_32a313465102bb99b337f980c671a1a5b35ee18d6a0e7e5fb1c0e82ebac3d1fb\",\"file\":\"\\/Users\\/ant\\/Desktop\\/nxnw\\/craft\\/app\\/vendor\\/twig\\/twig\\/lib\\/Twig\\/Template.php\",\"line\":167,\"class\":\"__TwigTemplate_32a313465102bb99b337f980c671a1a5b35ee18d6a0e7e5fb1c0e82ebac3d1fb\",\"method\":\"block_content\",\"args\":\"array(\\\"user\\\" => Craft\\\\UserModel, \\\"currentUser\\\" => Craft\\\\UserModel, \\\"craft\\\" => Craft\\\\CraftVariable, \\\"blx\\\" => Craft\\\\CraftVariable), array(\\\"content\\\" => array(__TwigTemplate_32a313465102bb99b337f980c671a1a5b35ee18d6a0e7e5fb1c0e82ebac3d1fb, \\\"block_content\\\"))\"},{\"objectClass\":\"__TwigTemplate_d2628563df4d673501647837c935804336ddb1b8abbdc0bb4ffbce60b6bd7a86\",\"file\":\"\\/Users\\/ant\\/Desktop\\/nxnw\\/craft\\/app\\/vendor\\/twig\\/twig\\/lib\\/Twig\\/Environment.php(403) : eval()\'d code\",\"line\":45,\"class\":\"Twig_Template\",\"method\":\"displayBlock\",\"args\":\"\\\"content\\\", array(\\\"entry\\\" => Craft\\\\EntryModel, \\\"user\\\" => Craft\\\\UserModel, \\\"currentUser\\\" => Craft\\\\UserModel, \\\"craft\\\" => Craft\\\\CraftVariable), array(\\\"content\\\" => array(__TwigTemplate_32a313465102bb99b337f980c671a1a5b35ee18d6a0e7e5fb1c0e82ebac3d1fb, \\\"block_content\\\"))\"},{\"objectClass\":\"__TwigTemplate_d2628563df4d673501647837c935804336ddb1b8abbdc0bb4ffbce60b6bd7a86\",\"file\":\"\\/Users\\/ant\\/Desktop\\/nxnw\\/craft\\/app\\/vendor\\/twig\\/twig\\/lib\\/Twig\\/Template.php\",\"line\":387,\"class\":\"__TwigTemplate_d2628563df4d673501647837c935804336ddb1b8abbdc0bb4ffbce60b6bd7a86\",\"method\":\"doDisplay\",\"args\":\"array(\\\"entry\\\" => Craft\\\\EntryModel, \\\"user\\\" => Craft\\\\UserModel, \\\"currentUser\\\" => Craft\\\\UserModel, \\\"craft\\\" => Craft\\\\CraftVariable), array(\\\"content\\\" => array(__TwigTemplate_32a313465102bb99b337f980c671a1a5b35ee18d6a0e7e5fb1c0e82ebac3d1fb, \\\"block_content\\\"))\"},{\"objectClass\":\"__TwigTemplate_d2628563df4d673501647837c935804336ddb1b8abbdc0bb4ffbce60b6bd7a86\",\"file\":\"\\/Users\\/ant\\/Desktop\\/nxnw\\/craft\\/app\\/etc\\/templating\\/BaseTemplate.php\",\"line\":26,\"class\":\"Twig_Template\",\"method\":\"displayWithErrorHandling\",\"args\":\"array(\\\"entry\\\" => Craft\\\\EntryModel, \\\"user\\\" => Craft\\\\UserModel, \\\"currentUser\\\" => Craft\\\\UserModel, \\\"craft\\\" => Craft\\\\CraftVariable), array(\\\"content\\\" => array(__TwigTemplate_32a313465102bb99b337f980c671a1a5b35ee18d6a0e7e5fb1c0e82ebac3d1fb, \\\"block_content\\\"))\"},{\"objectClass\":\"__TwigTemplate_d2628563df4d673501647837c935804336ddb1b8abbdc0bb4ffbce60b6bd7a86\",\"file\":\"\\/Users\\/ant\\/Desktop\\/nxnw\\/craft\\/app\\/vendor\\/twig\\/twig\\/lib\\/Twig\\/Template.php\",\"line\":355,\"class\":\"Craft\\\\BaseTemplate\",\"method\":\"displayWithErrorHandling\",\"args\":\"array(\\\"entry\\\" => Craft\\\\EntryModel, \\\"user\\\" => Craft\\\\UserModel, \\\"currentUser\\\" => Craft\\\\UserModel, \\\"craft\\\" => Craft\\\\CraftVariable), array(\\\"content\\\" => array(__TwigTemplate_32a313465102bb99b337f980c671a1a5b35ee18d6a0e7e5fb1c0e82ebac3d1fb, \\\"block_content\\\"))\"},{\"objectClass\":\"__TwigTemplate_d2628563df4d673501647837c935804336ddb1b8abbdc0bb4ffbce60b6bd7a86\",\"file\":\"\\/Users\\/ant\\/Desktop\\/nxnw\\/craft\\/app\\/vendor\\/twig\\/twig\\/lib\\/Twig\\/Environment.php(403) : eval()\'d code\",\"line\":24,\"class\":\"Twig_Template\",\"method\":\"display\",\"args\":\"array(\\\"entry\\\" => Craft\\\\EntryModel, \\\"user\\\" => Craft\\\\UserModel, \\\"currentUser\\\" => Craft\\\\UserModel, \\\"craft\\\" => Craft\\\\CraftVariable), array(\\\"content\\\" => array(__TwigTemplate_32a313465102bb99b337f980c671a1a5b35ee18d6a0e7e5fb1c0e82ebac3d1fb, \\\"block_content\\\"))\"},{\"objectClass\":\"__TwigTemplate_32a313465102bb99b337f980c671a1a5b35ee18d6a0e7e5fb1c0e82ebac3d1fb\",\"file\":\"\\/Users\\/ant\\/Desktop\\/nxnw\\/craft\\/app\\/vendor\\/twig\\/twig\\/lib\\/Twig\\/Template.php\",\"line\":387,\"class\":\"__TwigTemplate_32a313465102bb99b337f980c671a1a5b35ee18d6a0e7e5fb1c0e82ebac3d1fb\",\"method\":\"doDisplay\",\"args\":\"array(\\\"entry\\\" => Craft\\\\EntryModel, \\\"user\\\" => Craft\\\\UserModel, \\\"currentUser\\\" => Craft\\\\UserModel, \\\"craft\\\" => Craft\\\\CraftVariable), array(\\\"content\\\" => array(__TwigTemplate_32a313465102bb99b337f980c671a1a5b35ee18d6a0e7e5fb1c0e82ebac3d1fb, \\\"block_content\\\"))\"},{\"objectClass\":\"__TwigTemplate_32a313465102bb99b337f980c671a1a5b35ee18d6a0e7e5fb1c0e82ebac3d1fb\",\"file\":\"\\/Users\\/ant\\/Desktop\\/nxnw\\/craft\\/app\\/etc\\/templating\\/BaseTemplate.php\",\"line\":26,\"class\":\"Twig_Template\",\"method\":\"displayWithErrorHandling\",\"args\":\"array(\\\"entry\\\" => Craft\\\\EntryModel, \\\"user\\\" => Craft\\\\UserModel, \\\"currentUser\\\" => Craft\\\\UserModel, \\\"craft\\\" => Craft\\\\CraftVariable), array(\\\"content\\\" => array(__TwigTemplate_32a313465102bb99b337f980c671a1a5b35ee18d6a0e7e5fb1c0e82ebac3d1fb, \\\"block_content\\\"))\"},{\"objectClass\":\"__TwigTemplate_32a313465102bb99b337f980c671a1a5b35ee18d6a0e7e5fb1c0e82ebac3d1fb\",\"file\":\"\\/Users\\/ant\\/Desktop\\/nxnw\\/craft\\/app\\/vendor\\/twig\\/twig\\/lib\\/Twig\\/Template.php\",\"line\":355,\"class\":\"Craft\\\\BaseTemplate\",\"method\":\"displayWithErrorHandling\",\"args\":\"array(\\\"entry\\\" => Craft\\\\EntryModel, \\\"user\\\" => Craft\\\\UserModel, \\\"currentUser\\\" => Craft\\\\UserModel, \\\"craft\\\" => Craft\\\\CraftVariable), array(\\\"content\\\" => array(__TwigTemplate_32a313465102bb99b337f980c671a1a5b35ee18d6a0e7e5fb1c0e82ebac3d1fb, \\\"block_content\\\"))\"},{\"objectClass\":\"__TwigTemplate_32a313465102bb99b337f980c671a1a5b35ee18d6a0e7e5fb1c0e82ebac3d1fb\",\"file\":\"\\/Users\\/ant\\/Desktop\\/nxnw\\/craft\\/app\\/vendor\\/twig\\/twig\\/lib\\/Twig\\/Template.php\",\"line\":366,\"class\":\"Twig_Template\",\"method\":\"display\",\"args\":\"array(\\\"entry\\\" => Craft\\\\EntryModel)\"},{\"objectClass\":\"__TwigTemplate_32a313465102bb99b337f980c671a1a5b35ee18d6a0e7e5fb1c0e82ebac3d1fb\",\"file\":\"\\/Users\\/ant\\/Desktop\\/nxnw\\/craft\\/app\\/vendor\\/twig\\/twig\\/lib\\/Twig\\/Environment.php\",\"line\":347,\"class\":\"Twig_Template\",\"method\":\"render\",\"args\":\"array(\\\"entry\\\" => Craft\\\\EntryModel)\"},{\"objectClass\":\"Craft\\\\TwigEnvironment\",\"file\":\"\\/Users\\/ant\\/Desktop\\/nxnw\\/craft\\/app\\/services\\/TemplatesService.php\",\"line\":253,\"class\":\"Twig_Environment\",\"method\":\"render\",\"args\":\"\\\"index\\\", array(\\\"entry\\\" => Craft\\\\EntryModel)\"},{\"objectClass\":\"Craft\\\\TemplatesService\",\"file\":\"\\/Users\\/ant\\/Desktop\\/nxnw\\/craft\\/app\\/controllers\\/BaseController.php\",\"line\":74,\"class\":\"Craft\\\\TemplatesService\",\"method\":\"render\",\"args\":\"\\\"index\\\", array(\\\"entry\\\" => Craft\\\\EntryModel)\"},{\"objectClass\":\"Craft\\\\TemplatesController\",\"file\":\"\\/Users\\/ant\\/Desktop\\/nxnw\\/craft\\/app\\/controllers\\/TemplatesController.php\",\"line\":55,\"class\":\"Craft\\\\BaseController\",\"method\":\"renderTemplate\",\"args\":\"\\\"index\\\", array(\\\"entry\\\" => Craft\\\\EntryModel)\"},{\"objectClass\":\"Craft\\\\TemplatesController\",\"file\":null,\"line\":null,\"class\":\"Craft\\\\TemplatesController\",\"method\":\"actionRender\",\"args\":\"\\\"index\\\", array(\\\"entry\\\" => Craft\\\\EntryModel)\"},{\"objectClass\":\"ReflectionMethod\",\"file\":\"\\/Users\\/ant\\/Desktop\\/nxnw\\/craft\\/app\\/framework\\/web\\/actions\\/CAction.php\",\"line\":109,\"class\":\"ReflectionMethod\",\"method\":\"invokeArgs\",\"args\":\"Craft\\\\TemplatesController, array(\\\"index\\\", array(\\\"entry\\\" => Craft\\\\EntryModel))\"},{\"objectClass\":\"CInlineAction\",\"file\":\"\\/Users\\/ant\\/Desktop\\/nxnw\\/craft\\/app\\/framework\\/web\\/actions\\/CInlineAction.php\",\"line\":47,\"class\":\"CAction\",\"method\":\"runWithParamsInternal\",\"args\":\"Craft\\\\TemplatesController, ReflectionMethod, array(\\\"variables\\\" => array(\\\"entry\\\" => Craft\\\\EntryModel), \\\"template\\\" => \\\"index\\\")\"},{\"objectClass\":\"CInlineAction\",\"file\":\"\\/Users\\/ant\\/Desktop\\/nxnw\\/craft\\/app\\/framework\\/web\\/CController.php\",\"line\":308,\"class\":\"CInlineAction\",\"method\":\"runWithParams\",\"args\":\"array(\\\"variables\\\" => array(\\\"entry\\\" => Craft\\\\EntryModel), \\\"template\\\" => \\\"index\\\")\"},{\"objectClass\":\"Craft\\\\TemplatesController\",\"file\":\"\\/Users\\/ant\\/Desktop\\/nxnw\\/craft\\/app\\/framework\\/web\\/CController.php\",\"line\":286,\"class\":\"CController\",\"method\":\"runAction\",\"args\":\"CInlineAction\"},{\"objectClass\":\"Craft\\\\TemplatesController\",\"file\":\"\\/Users\\/ant\\/Desktop\\/nxnw\\/craft\\/app\\/framework\\/web\\/CController.php\",\"line\":265,\"class\":\"CController\",\"method\":\"runActionWithFilters\",\"args\":\"CInlineAction, array()\"},{\"objectClass\":\"Craft\\\\TemplatesController\",\"file\":\"\\/Users\\/ant\\/Desktop\\/nxnw\\/craft\\/app\\/framework\\/web\\/CWebApplication.php\",\"line\":282,\"class\":\"CController\",\"method\":\"run\",\"args\":\"\\\"render\\\"\"},{\"objectClass\":\"Craft\\\\WebApp\",\"file\":\"\\/Users\\/ant\\/Desktop\\/nxnw\\/craft\\/app\\/framework\\/web\\/CWebApplication.php\",\"line\":141,\"class\":\"CWebApplication\",\"method\":\"runController\",\"args\":\"\\\"templates\\/render\\\"\"},{\"objectClass\":\"Craft\\\\WebApp\",\"file\":\"\\/Users\\/ant\\/Desktop\\/nxnw\\/craft\\/app\\/etc\\/web\\/WebApp.php\",\"line\":291,\"class\":\"CWebApplication\",\"method\":\"processRequest\",\"args\":null},{\"objectClass\":\"Craft\\\\WebApp\",\"file\":\"\\/Users\\/ant\\/Desktop\\/nxnw\\/craft\\/app\\/framework\\/base\\/CApplication.php\",\"line\":185,\"class\":\"Craft\\\\WebApp\",\"method\":\"processRequest\",\"args\":null},{\"objectClass\":\"Craft\\\\WebApp\",\"file\":\"\\/Users\\/ant\\/Desktop\\/nxnw\\/craft\\/app\\/index.php\",\"line\":62,\"class\":\"CApplication\",\"method\":\"run\",\"args\":null},{\"objectClass\":null,\"file\":\"\\/Users\\/ant\\/Desktop\\/nxnw\\/public\\/index.php\",\"line\":19,\"class\":null,\"method\":\"require_once\",\"args\":\"\\\"\\/Users\\/ant\\/Desktop\\/nxnw\\/craft\\/app\\/index.php\\\"\"}]', '2016-10-09 20:52:21', '2016-10-11 16:17:54', 'bc14e546-0029-48a8-a4d0-dc3568bd25cb'),
 ('2', '{% endpaginate %}', '/Users/ant/Desktop/nxnw/craft/templates/index.html:72', '2016-10-11 16:11:47', '/Users/ant/Desktop/nxnw/craft/app/etc/templating/twigextensions/DeprecatedTag_TokenParser.php', '60', 'Craft\\DeprecatedTag_TokenParser', 'parse', '/Users/ant/Desktop/nxnw/craft/templates/index.html', '72', 'The {% endpaginate %} tag is no longer necessary. You can remove it from your ‘search’ template on line 48.', '[{\"objectClass\":\"Craft\\\\DeprecatorService\",\"file\":\"\\/Users\\/ant\\/Desktop\\/nxnw\\/craft\\/app\\/etc\\/templating\\/twigextensions\\/DeprecatedTag_TokenParser.php\",\"line\":60,\"class\":\"Craft\\\\DeprecatorService\",\"method\":\"log\",\"args\":\"\\\"{% endpaginate %}\\\", \\\"The {% endpaginate %} tag is no longer necessary. You can remove...\\\"\"},{\"objectClass\":\"Craft\\\\DeprecatedTag_TokenParser\",\"file\":\"\\/Users\\/ant\\/Desktop\\/nxnw\\/craft\\/app\\/vendor\\/twig\\/twig\\/lib\\/Twig\\/Parser.php\",\"line\":187,\"class\":\"Craft\\\\DeprecatedTag_TokenParser\",\"method\":\"parse\",\"args\":\"Twig_Token\"},{\"objectClass\":\"Craft\\\\TwigParser\",\"file\":\"\\/Users\\/ant\\/Desktop\\/nxnw\\/craft\\/app\\/vendor\\/twig\\/twig\\/lib\\/Twig\\/TokenParser\\/If.php\",\"line\":34,\"class\":\"Twig_Parser\",\"method\":\"subparse\",\"args\":\"array(Twig_TokenParser_If, \\\"decideIfFork\\\")\"},{\"objectClass\":\"Twig_TokenParser_If\",\"file\":\"\\/Users\\/ant\\/Desktop\\/nxnw\\/craft\\/app\\/vendor\\/twig\\/twig\\/lib\\/Twig\\/Parser.php\",\"line\":187,\"class\":\"Twig_TokenParser_If\",\"method\":\"parse\",\"args\":\"Twig_Token\"},{\"objectClass\":\"Craft\\\\TwigParser\",\"file\":\"\\/Users\\/ant\\/Desktop\\/nxnw\\/craft\\/app\\/vendor\\/twig\\/twig\\/lib\\/Twig\\/TokenParser\\/Block.php\",\"line\":38,\"class\":\"Twig_Parser\",\"method\":\"subparse\",\"args\":\"array(Twig_TokenParser_Block, \\\"decideBlockEnd\\\"), true\"},{\"objectClass\":\"Twig_TokenParser_Block\",\"file\":\"\\/Users\\/ant\\/Desktop\\/nxnw\\/craft\\/app\\/vendor\\/twig\\/twig\\/lib\\/Twig\\/Parser.php\",\"line\":187,\"class\":\"Twig_TokenParser_Block\",\"method\":\"parse\",\"args\":\"Twig_Token\"},{\"objectClass\":\"Craft\\\\TwigParser\",\"file\":\"\\/Users\\/ant\\/Desktop\\/nxnw\\/craft\\/app\\/vendor\\/twig\\/twig\\/lib\\/Twig\\/Parser.php\",\"line\":100,\"class\":\"Twig_Parser\",\"method\":\"subparse\",\"args\":\"null, false\"},{\"objectClass\":\"Craft\\\\TwigParser\",\"file\":\"\\/Users\\/ant\\/Desktop\\/nxnw\\/craft\\/app\\/vendor\\/twig\\/twig\\/lib\\/Twig\\/Environment.php\",\"line\":619,\"class\":\"Twig_Parser\",\"method\":\"parse\",\"args\":\"Twig_TokenStream\"},{\"objectClass\":\"Craft\\\\TwigEnvironment\",\"file\":\"\\/Users\\/ant\\/Desktop\\/nxnw\\/craft\\/app\\/vendor\\/twig\\/twig\\/lib\\/Twig\\/Environment.php\",\"line\":671,\"class\":\"Twig_Environment\",\"method\":\"parse\",\"args\":\"Twig_TokenStream\"},{\"objectClass\":\"Craft\\\\TwigEnvironment\",\"file\":\"\\/Users\\/ant\\/Desktop\\/nxnw\\/craft\\/app\\/vendor\\/twig\\/twig\\/lib\\/Twig\\/Environment.php\",\"line\":396,\"class\":\"Twig_Environment\",\"method\":\"compileSource\",\"args\":\"\\\"\\n\\n{% block content %}\\n{% set title = \'title\' %}\\n{% set qs = \'?\' ...\\\", \\\"search\\\"\"},{\"objectClass\":\"Craft\\\\TwigEnvironment\",\"file\":\"\\/Users\\/ant\\/Desktop\\/nxnw\\/craft\\/app\\/etc\\/templating\\/TwigEnvironment.php\",\"line\":61,\"class\":\"Twig_Environment\",\"method\":\"loadTemplate\",\"args\":\"\\\"search\\\", null\"},{\"objectClass\":\"Craft\\\\TwigEnvironment\",\"file\":\"\\/Users\\/ant\\/Desktop\\/nxnw\\/craft\\/app\\/vendor\\/twig\\/twig\\/lib\\/Twig\\/Template.php\",\"line\":286,\"class\":\"Craft\\\\TwigEnvironment\",\"method\":\"loadTemplate\",\"args\":\"\\\"search\\\", null\"},{\"objectClass\":\"__TwigTemplate_de701514703569b4d9440c36c66f967fa5984af51a8421562d51e5192d655531\",\"file\":\"\\/Users\\/ant\\/Desktop\\/nxnw\\/craft\\/storage\\/runtime\\/compiled_templates\\/74\\/746aa12be684504645247d8c164fdbbdf80986e0192833a2fd8b5fdd8a22a0fa.php\",\"line\":156,\"class\":\"Twig_Template\",\"method\":\"loadTemplate\",\"args\":\"\\\"search\\\", \\\"index\\\", 72\",\"template\":\"index\",\"templateLine\":72},{\"objectClass\":\"__TwigTemplate_de701514703569b4d9440c36c66f967fa5984af51a8421562d51e5192d655531\",\"file\":\"\\/Users\\/ant\\/Desktop\\/nxnw\\/craft\\/app\\/vendor\\/twig\\/twig\\/lib\\/Twig\\/Template.php\",\"line\":167,\"class\":\"__TwigTemplate_de701514703569b4d9440c36c66f967fa5984af51a8421562d51e5192d655531\",\"method\":\"block_content\",\"args\":\"array(\\\"user\\\" => Craft\\\\UserModel, \\\"currentUser\\\" => Craft\\\\UserModel, \\\"craft\\\" => Craft\\\\CraftVariable, \\\"blx\\\" => Craft\\\\CraftVariable), array(\\\"content\\\" => array(__TwigTemplate_de701514703569b4d9440c36c66f967fa5984af51a8421562d51e5192d655531, \\\"block_content\\\"))\"},{\"objectClass\":\"__TwigTemplate_9f7d0d8fc458c102f9ac1450875827acb48403e40dade80f8a20303c5bd5cad9\",\"file\":\"\\/Users\\/ant\\/Desktop\\/nxnw\\/craft\\/storage\\/runtime\\/compiled_templates\\/c6\\/c6bfa6245a79400de32749facb8faae18f9bb30c15ead9375b8d3f0b3f1336e9.php\",\"line\":45,\"class\":\"Twig_Template\",\"method\":\"displayBlock\",\"args\":\"\\\"content\\\", array(\\\"entry\\\" => Craft\\\\EntryModel, \\\"user\\\" => Craft\\\\UserModel, \\\"currentUser\\\" => Craft\\\\UserModel, \\\"craft\\\" => Craft\\\\CraftVariable), array(\\\"content\\\" => array(__TwigTemplate_de701514703569b4d9440c36c66f967fa5984af51a8421562d51e5192d655531, \\\"block_content\\\"))\",\"template\":\"_layout\",\"templateLine\":24},{\"objectClass\":\"__TwigTemplate_9f7d0d8fc458c102f9ac1450875827acb48403e40dade80f8a20303c5bd5cad9\",\"file\":\"\\/Users\\/ant\\/Desktop\\/nxnw\\/craft\\/app\\/vendor\\/twig\\/twig\\/lib\\/Twig\\/Template.php\",\"line\":387,\"class\":\"__TwigTemplate_9f7d0d8fc458c102f9ac1450875827acb48403e40dade80f8a20303c5bd5cad9\",\"method\":\"doDisplay\",\"args\":\"array(\\\"entry\\\" => Craft\\\\EntryModel, \\\"user\\\" => Craft\\\\UserModel, \\\"currentUser\\\" => Craft\\\\UserModel, \\\"craft\\\" => Craft\\\\CraftVariable), array(\\\"content\\\" => array(__TwigTemplate_de701514703569b4d9440c36c66f967fa5984af51a8421562d51e5192d655531, \\\"block_content\\\"))\"},{\"objectClass\":\"__TwigTemplate_9f7d0d8fc458c102f9ac1450875827acb48403e40dade80f8a20303c5bd5cad9\",\"file\":\"\\/Users\\/ant\\/Desktop\\/nxnw\\/craft\\/app\\/etc\\/templating\\/BaseTemplate.php\",\"line\":26,\"class\":\"Twig_Template\",\"method\":\"displayWithErrorHandling\",\"args\":\"array(\\\"entry\\\" => Craft\\\\EntryModel, \\\"user\\\" => Craft\\\\UserModel, \\\"currentUser\\\" => Craft\\\\UserModel, \\\"craft\\\" => Craft\\\\CraftVariable), array(\\\"content\\\" => array(__TwigTemplate_de701514703569b4d9440c36c66f967fa5984af51a8421562d51e5192d655531, \\\"block_content\\\"))\"},{\"objectClass\":\"__TwigTemplate_9f7d0d8fc458c102f9ac1450875827acb48403e40dade80f8a20303c5bd5cad9\",\"file\":\"\\/Users\\/ant\\/Desktop\\/nxnw\\/craft\\/app\\/vendor\\/twig\\/twig\\/lib\\/Twig\\/Template.php\",\"line\":355,\"class\":\"Craft\\\\BaseTemplate\",\"method\":\"displayWithErrorHandling\",\"args\":\"array(\\\"entry\\\" => Craft\\\\EntryModel, \\\"user\\\" => Craft\\\\UserModel, \\\"currentUser\\\" => Craft\\\\UserModel, \\\"craft\\\" => Craft\\\\CraftVariable), array(\\\"content\\\" => array(__TwigTemplate_de701514703569b4d9440c36c66f967fa5984af51a8421562d51e5192d655531, \\\"block_content\\\"))\"},{\"objectClass\":\"__TwigTemplate_9f7d0d8fc458c102f9ac1450875827acb48403e40dade80f8a20303c5bd5cad9\",\"file\":\"\\/Users\\/ant\\/Desktop\\/nxnw\\/craft\\/storage\\/runtime\\/compiled_templates\\/74\\/746aa12be684504645247d8c164fdbbdf80986e0192833a2fd8b5fdd8a22a0fa.php\",\"line\":24,\"class\":\"Twig_Template\",\"method\":\"display\",\"args\":\"array(\\\"entry\\\" => Craft\\\\EntryModel, \\\"user\\\" => Craft\\\\UserModel, \\\"currentUser\\\" => Craft\\\\UserModel, \\\"craft\\\" => Craft\\\\CraftVariable), array(\\\"content\\\" => array(__TwigTemplate_de701514703569b4d9440c36c66f967fa5984af51a8421562d51e5192d655531, \\\"block_content\\\"))\",\"template\":\"_layout\",\"templateLine\":1},{\"objectClass\":\"__TwigTemplate_de701514703569b4d9440c36c66f967fa5984af51a8421562d51e5192d655531\",\"file\":\"\\/Users\\/ant\\/Desktop\\/nxnw\\/craft\\/app\\/vendor\\/twig\\/twig\\/lib\\/Twig\\/Template.php\",\"line\":387,\"class\":\"__TwigTemplate_de701514703569b4d9440c36c66f967fa5984af51a8421562d51e5192d655531\",\"method\":\"doDisplay\",\"args\":\"array(\\\"entry\\\" => Craft\\\\EntryModel, \\\"user\\\" => Craft\\\\UserModel, \\\"currentUser\\\" => Craft\\\\UserModel, \\\"craft\\\" => Craft\\\\CraftVariable), array(\\\"content\\\" => array(__TwigTemplate_de701514703569b4d9440c36c66f967fa5984af51a8421562d51e5192d655531, \\\"block_content\\\"))\"},{\"objectClass\":\"__TwigTemplate_de701514703569b4d9440c36c66f967fa5984af51a8421562d51e5192d655531\",\"file\":\"\\/Users\\/ant\\/Desktop\\/nxnw\\/craft\\/app\\/etc\\/templating\\/BaseTemplate.php\",\"line\":26,\"class\":\"Twig_Template\",\"method\":\"displayWithErrorHandling\",\"args\":\"array(\\\"entry\\\" => Craft\\\\EntryModel, \\\"user\\\" => Craft\\\\UserModel, \\\"currentUser\\\" => Craft\\\\UserModel, \\\"craft\\\" => Craft\\\\CraftVariable), array(\\\"content\\\" => array(__TwigTemplate_de701514703569b4d9440c36c66f967fa5984af51a8421562d51e5192d655531, \\\"block_content\\\"))\"},{\"objectClass\":\"__TwigTemplate_de701514703569b4d9440c36c66f967fa5984af51a8421562d51e5192d655531\",\"file\":\"\\/Users\\/ant\\/Desktop\\/nxnw\\/craft\\/app\\/vendor\\/twig\\/twig\\/lib\\/Twig\\/Template.php\",\"line\":355,\"class\":\"Craft\\\\BaseTemplate\",\"method\":\"displayWithErrorHandling\",\"args\":\"array(\\\"entry\\\" => Craft\\\\EntryModel, \\\"user\\\" => Craft\\\\UserModel, \\\"currentUser\\\" => Craft\\\\UserModel, \\\"craft\\\" => Craft\\\\CraftVariable), array(\\\"content\\\" => array(__TwigTemplate_de701514703569b4d9440c36c66f967fa5984af51a8421562d51e5192d655531, \\\"block_content\\\"))\"},{\"objectClass\":\"__TwigTemplate_de701514703569b4d9440c36c66f967fa5984af51a8421562d51e5192d655531\",\"file\":\"\\/Users\\/ant\\/Desktop\\/nxnw\\/craft\\/app\\/vendor\\/twig\\/twig\\/lib\\/Twig\\/Template.php\",\"line\":366,\"class\":\"Twig_Template\",\"method\":\"display\",\"args\":\"array(\\\"entry\\\" => Craft\\\\EntryModel)\"},{\"objectClass\":\"__TwigTemplate_de701514703569b4d9440c36c66f967fa5984af51a8421562d51e5192d655531\",\"file\":\"\\/Users\\/ant\\/Desktop\\/nxnw\\/craft\\/app\\/vendor\\/twig\\/twig\\/lib\\/Twig\\/Environment.php\",\"line\":347,\"class\":\"Twig_Template\",\"method\":\"render\",\"args\":\"array(\\\"entry\\\" => Craft\\\\EntryModel)\"},{\"objectClass\":\"Craft\\\\TwigEnvironment\",\"file\":\"\\/Users\\/ant\\/Desktop\\/nxnw\\/craft\\/app\\/services\\/TemplatesService.php\",\"line\":253,\"class\":\"Twig_Environment\",\"method\":\"render\",\"args\":\"\\\"index\\\", array(\\\"entry\\\" => Craft\\\\EntryModel)\"},{\"objectClass\":\"Craft\\\\TemplatesService\",\"file\":\"\\/Users\\/ant\\/Desktop\\/nxnw\\/craft\\/app\\/controllers\\/BaseController.php\",\"line\":74,\"class\":\"Craft\\\\TemplatesService\",\"method\":\"render\",\"args\":\"\\\"index\\\", array(\\\"entry\\\" => Craft\\\\EntryModel)\"},{\"objectClass\":\"Craft\\\\TemplatesController\",\"file\":\"\\/Users\\/ant\\/Desktop\\/nxnw\\/craft\\/app\\/controllers\\/TemplatesController.php\",\"line\":55,\"class\":\"Craft\\\\BaseController\",\"method\":\"renderTemplate\",\"args\":\"\\\"index\\\", array(\\\"entry\\\" => Craft\\\\EntryModel)\"},{\"objectClass\":\"Craft\\\\TemplatesController\",\"file\":null,\"line\":null,\"class\":\"Craft\\\\TemplatesController\",\"method\":\"actionRender\",\"args\":\"\\\"index\\\", array(\\\"entry\\\" => Craft\\\\EntryModel)\"},{\"objectClass\":\"ReflectionMethod\",\"file\":\"\\/Users\\/ant\\/Desktop\\/nxnw\\/craft\\/app\\/framework\\/web\\/actions\\/CAction.php\",\"line\":109,\"class\":\"ReflectionMethod\",\"method\":\"invokeArgs\",\"args\":\"Craft\\\\TemplatesController, array(\\\"index\\\", array(\\\"entry\\\" => Craft\\\\EntryModel))\"},{\"objectClass\":\"CInlineAction\",\"file\":\"\\/Users\\/ant\\/Desktop\\/nxnw\\/craft\\/app\\/framework\\/web\\/actions\\/CInlineAction.php\",\"line\":47,\"class\":\"CAction\",\"method\":\"runWithParamsInternal\",\"args\":\"Craft\\\\TemplatesController, ReflectionMethod, array(\\\"variables\\\" => array(\\\"entry\\\" => Craft\\\\EntryModel), \\\"template\\\" => \\\"index\\\")\"},{\"objectClass\":\"CInlineAction\",\"file\":\"\\/Users\\/ant\\/Desktop\\/nxnw\\/craft\\/app\\/framework\\/web\\/CController.php\",\"line\":308,\"class\":\"CInlineAction\",\"method\":\"runWithParams\",\"args\":\"array(\\\"variables\\\" => array(\\\"entry\\\" => Craft\\\\EntryModel), \\\"template\\\" => \\\"index\\\")\"},{\"objectClass\":\"Craft\\\\TemplatesController\",\"file\":\"\\/Users\\/ant\\/Desktop\\/nxnw\\/craft\\/app\\/framework\\/web\\/CController.php\",\"line\":286,\"class\":\"CController\",\"method\":\"runAction\",\"args\":\"CInlineAction\"},{\"objectClass\":\"Craft\\\\TemplatesController\",\"file\":\"\\/Users\\/ant\\/Desktop\\/nxnw\\/craft\\/app\\/framework\\/web\\/CController.php\",\"line\":265,\"class\":\"CController\",\"method\":\"runActionWithFilters\",\"args\":\"CInlineAction, array()\"},{\"objectClass\":\"Craft\\\\TemplatesController\",\"file\":\"\\/Users\\/ant\\/Desktop\\/nxnw\\/craft\\/app\\/framework\\/web\\/CWebApplication.php\",\"line\":282,\"class\":\"CController\",\"method\":\"run\",\"args\":\"\\\"render\\\"\"},{\"objectClass\":\"Craft\\\\WebApp\",\"file\":\"\\/Users\\/ant\\/Desktop\\/nxnw\\/craft\\/app\\/framework\\/web\\/CWebApplication.php\",\"line\":141,\"class\":\"CWebApplication\",\"method\":\"runController\",\"args\":\"\\\"templates\\/render\\\"\"},{\"objectClass\":\"Craft\\\\WebApp\",\"file\":\"\\/Users\\/ant\\/Desktop\\/nxnw\\/craft\\/app\\/etc\\/web\\/WebApp.php\",\"line\":291,\"class\":\"CWebApplication\",\"method\":\"processRequest\",\"args\":null},{\"objectClass\":\"Craft\\\\WebApp\",\"file\":\"\\/Users\\/ant\\/Desktop\\/nxnw\\/craft\\/app\\/framework\\/base\\/CApplication.php\",\"line\":185,\"class\":\"Craft\\\\WebApp\",\"method\":\"processRequest\",\"args\":null},{\"objectClass\":\"Craft\\\\WebApp\",\"file\":\"\\/Users\\/ant\\/Desktop\\/nxnw\\/craft\\/app\\/index.php\",\"line\":62,\"class\":\"CApplication\",\"method\":\"run\",\"args\":null},{\"objectClass\":null,\"file\":\"\\/Users\\/ant\\/Desktop\\/nxnw\\/public\\/index.php\",\"line\":19,\"class\":null,\"method\":\"require_once\",\"args\":\"\\\"\\/Users\\/ant\\/Desktop\\/nxnw\\/craft\\/app\\/index.php\\\"\"}]', '2016-10-11 02:20:10', '2016-10-11 16:11:47', '7e245c4c-1608-43d5-b5c6-3fb68e287905'),
 ('11', '{% endpaginate %}', '/Users/ant/Desktop/nxnw/craft/templates/index.html:24', '2016-10-11 21:29:32', '/Users/ant/Desktop/nxnw/craft/app/etc/templating/twigextensions/DeprecatedTag_TokenParser.php', '60', 'Craft\\DeprecatedTag_TokenParser', 'parse', '/Users/ant/Desktop/nxnw/craft/templates/index.html', '24', 'The {% endpaginate %} tag is no longer necessary. You can remove it from your ‘components/search’ template on line 45.', '[{\"objectClass\":\"Craft\\\\DeprecatorService\",\"file\":\"\\/Users\\/ant\\/Desktop\\/nxnw\\/craft\\/app\\/etc\\/templating\\/twigextensions\\/DeprecatedTag_TokenParser.php\",\"line\":60,\"class\":\"Craft\\\\DeprecatorService\",\"method\":\"log\",\"args\":\"\\\"{% endpaginate %}\\\", \\\"The {% endpaginate %} tag is no longer necessary. You can remove...\\\"\"},{\"objectClass\":\"Craft\\\\DeprecatedTag_TokenParser\",\"file\":\"\\/Users\\/ant\\/Desktop\\/nxnw\\/craft\\/app\\/vendor\\/twig\\/twig\\/lib\\/Twig\\/Parser.php\",\"line\":187,\"class\":\"Craft\\\\DeprecatedTag_TokenParser\",\"method\":\"parse\",\"args\":\"Twig_Token\"},{\"objectClass\":\"Craft\\\\TwigParser\",\"file\":\"\\/Users\\/ant\\/Desktop\\/nxnw\\/craft\\/app\\/vendor\\/twig\\/twig\\/lib\\/Twig\\/TokenParser\\/If.php\",\"line\":34,\"class\":\"Twig_Parser\",\"method\":\"subparse\",\"args\":\"array(Twig_TokenParser_If, \\\"decideIfFork\\\")\"},{\"objectClass\":\"Twig_TokenParser_If\",\"file\":\"\\/Users\\/ant\\/Desktop\\/nxnw\\/craft\\/app\\/vendor\\/twig\\/twig\\/lib\\/Twig\\/Parser.php\",\"line\":187,\"class\":\"Twig_TokenParser_If\",\"method\":\"parse\",\"args\":\"Twig_Token\"},{\"objectClass\":\"Craft\\\\TwigParser\",\"file\":\"\\/Users\\/ant\\/Desktop\\/nxnw\\/craft\\/app\\/vendor\\/twig\\/twig\\/lib\\/Twig\\/TokenParser\\/Block.php\",\"line\":38,\"class\":\"Twig_Parser\",\"method\":\"subparse\",\"args\":\"array(Twig_TokenParser_Block, \\\"decideBlockEnd\\\"), true\"},{\"objectClass\":\"Twig_TokenParser_Block\",\"file\":\"\\/Users\\/ant\\/Desktop\\/nxnw\\/craft\\/app\\/vendor\\/twig\\/twig\\/lib\\/Twig\\/Parser.php\",\"line\":187,\"class\":\"Twig_TokenParser_Block\",\"method\":\"parse\",\"args\":\"Twig_Token\"},{\"objectClass\":\"Craft\\\\TwigParser\",\"file\":\"\\/Users\\/ant\\/Desktop\\/nxnw\\/craft\\/app\\/vendor\\/twig\\/twig\\/lib\\/Twig\\/Parser.php\",\"line\":100,\"class\":\"Twig_Parser\",\"method\":\"subparse\",\"args\":\"null, false\"},{\"objectClass\":\"Craft\\\\TwigParser\",\"file\":\"\\/Users\\/ant\\/Desktop\\/nxnw\\/craft\\/app\\/vendor\\/twig\\/twig\\/lib\\/Twig\\/Environment.php\",\"line\":619,\"class\":\"Twig_Parser\",\"method\":\"parse\",\"args\":\"Twig_TokenStream\"},{\"objectClass\":\"Craft\\\\TwigEnvironment\",\"file\":\"\\/Users\\/ant\\/Desktop\\/nxnw\\/craft\\/app\\/vendor\\/twig\\/twig\\/lib\\/Twig\\/Environment.php\",\"line\":671,\"class\":\"Twig_Environment\",\"method\":\"parse\",\"args\":\"Twig_TokenStream\"},{\"objectClass\":\"Craft\\\\TwigEnvironment\",\"file\":\"\\/Users\\/ant\\/Desktop\\/nxnw\\/craft\\/app\\/vendor\\/twig\\/twig\\/lib\\/Twig\\/Environment.php\",\"line\":396,\"class\":\"Twig_Environment\",\"method\":\"compileSource\",\"args\":\"\\\"\\n\\n{% block content %}\\n{% set qs = \'?\' ~ craft.request.getQuerySt...\\\", \\\"components\\/search\\\"\"},{\"objectClass\":\"Craft\\\\TwigEnvironment\",\"file\":\"\\/Users\\/ant\\/Desktop\\/nxnw\\/craft\\/app\\/etc\\/templating\\/TwigEnvironment.php\",\"line\":61,\"class\":\"Twig_Environment\",\"method\":\"loadTemplate\",\"args\":\"\\\"components\\/search\\\", null\"},{\"objectClass\":\"Craft\\\\TwigEnvironment\",\"file\":\"\\/Users\\/ant\\/Desktop\\/nxnw\\/craft\\/app\\/vendor\\/twig\\/twig\\/lib\\/Twig\\/Template.php\",\"line\":286,\"class\":\"Craft\\\\TwigEnvironment\",\"method\":\"loadTemplate\",\"args\":\"\\\"components\\/search\\\", null\"},{\"objectClass\":\"__TwigTemplate_de701514703569b4d9440c36c66f967fa5984af51a8421562d51e5192d655531\",\"file\":\"\\/Users\\/ant\\/Desktop\\/nxnw\\/craft\\/app\\/vendor\\/twig\\/twig\\/lib\\/Twig\\/Environment.php(403) : eval()\'d code\",\"line\":46,\"class\":\"Twig_Template\",\"method\":\"loadTemplate\",\"args\":\"\\\"components\\/search\\\", \\\"index\\\", 11\"},{\"objectClass\":\"__TwigTemplate_de701514703569b4d9440c36c66f967fa5984af51a8421562d51e5192d655531\",\"file\":\"\\/Users\\/ant\\/Desktop\\/nxnw\\/craft\\/app\\/vendor\\/twig\\/twig\\/lib\\/Twig\\/Template.php\",\"line\":167,\"class\":\"__TwigTemplate_de701514703569b4d9440c36c66f967fa5984af51a8421562d51e5192d655531\",\"method\":\"block_content\",\"args\":\"array(\\\"entry\\\" => Craft\\\\EntryModel, \\\"user\\\" => Craft\\\\UserModel, \\\"currentUser\\\" => Craft\\\\UserModel, \\\"craft\\\" => Craft\\\\CraftVariable), array(\\\"content\\\" => array(__TwigTemplate_de701514703569b4d9440c36c66f967fa5984af51a8421562d51e5192d655531, \\\"block_content\\\"))\"},{\"objectClass\":\"__TwigTemplate_9f7d0d8fc458c102f9ac1450875827acb48403e40dade80f8a20303c5bd5cad9\",\"file\":\"\\/Users\\/ant\\/Desktop\\/nxnw\\/craft\\/storage\\/runtime\\/compiled_templates\\/c6\\/c6bfa6245a79400de32749facb8faae18f9bb30c15ead9375b8d3f0b3f1336e9.php\",\"line\":45,\"class\":\"Twig_Template\",\"method\":\"displayBlock\",\"args\":\"\\\"content\\\", array(\\\"entry\\\" => Craft\\\\EntryModel, \\\"user\\\" => Craft\\\\UserModel, \\\"currentUser\\\" => Craft\\\\UserModel, \\\"craft\\\" => Craft\\\\CraftVariable), array(\\\"content\\\" => array(__TwigTemplate_de701514703569b4d9440c36c66f967fa5984af51a8421562d51e5192d655531, \\\"block_content\\\"))\",\"template\":\"_layout\",\"templateLine\":24},{\"objectClass\":\"__TwigTemplate_9f7d0d8fc458c102f9ac1450875827acb48403e40dade80f8a20303c5bd5cad9\",\"file\":\"\\/Users\\/ant\\/Desktop\\/nxnw\\/craft\\/app\\/vendor\\/twig\\/twig\\/lib\\/Twig\\/Template.php\",\"line\":387,\"class\":\"__TwigTemplate_9f7d0d8fc458c102f9ac1450875827acb48403e40dade80f8a20303c5bd5cad9\",\"method\":\"doDisplay\",\"args\":\"array(\\\"entry\\\" => Craft\\\\EntryModel, \\\"user\\\" => Craft\\\\UserModel, \\\"currentUser\\\" => Craft\\\\UserModel, \\\"craft\\\" => Craft\\\\CraftVariable), array(\\\"content\\\" => array(__TwigTemplate_de701514703569b4d9440c36c66f967fa5984af51a8421562d51e5192d655531, \\\"block_content\\\"))\"},{\"objectClass\":\"__TwigTemplate_9f7d0d8fc458c102f9ac1450875827acb48403e40dade80f8a20303c5bd5cad9\",\"file\":\"\\/Users\\/ant\\/Desktop\\/nxnw\\/craft\\/app\\/etc\\/templating\\/BaseTemplate.php\",\"line\":26,\"class\":\"Twig_Template\",\"method\":\"displayWithErrorHandling\",\"args\":\"array(\\\"entry\\\" => Craft\\\\EntryModel, \\\"user\\\" => Craft\\\\UserModel, \\\"currentUser\\\" => Craft\\\\UserModel, \\\"craft\\\" => Craft\\\\CraftVariable), array(\\\"content\\\" => array(__TwigTemplate_de701514703569b4d9440c36c66f967fa5984af51a8421562d51e5192d655531, \\\"block_content\\\"))\"},{\"objectClass\":\"__TwigTemplate_9f7d0d8fc458c102f9ac1450875827acb48403e40dade80f8a20303c5bd5cad9\",\"file\":\"\\/Users\\/ant\\/Desktop\\/nxnw\\/craft\\/app\\/vendor\\/twig\\/twig\\/lib\\/Twig\\/Template.php\",\"line\":355,\"class\":\"Craft\\\\BaseTemplate\",\"method\":\"displayWithErrorHandling\",\"args\":\"array(\\\"entry\\\" => Craft\\\\EntryModel, \\\"user\\\" => Craft\\\\UserModel, \\\"currentUser\\\" => Craft\\\\UserModel, \\\"craft\\\" => Craft\\\\CraftVariable), array(\\\"content\\\" => array(__TwigTemplate_de701514703569b4d9440c36c66f967fa5984af51a8421562d51e5192d655531, \\\"block_content\\\"))\"},{\"objectClass\":\"__TwigTemplate_9f7d0d8fc458c102f9ac1450875827acb48403e40dade80f8a20303c5bd5cad9\",\"file\":\"\\/Users\\/ant\\/Desktop\\/nxnw\\/craft\\/app\\/vendor\\/twig\\/twig\\/lib\\/Twig\\/Environment.php(403) : eval()\'d code\",\"line\":24,\"class\":\"Twig_Template\",\"method\":\"display\",\"args\":\"array(\\\"entry\\\" => Craft\\\\EntryModel, \\\"user\\\" => Craft\\\\UserModel, \\\"currentUser\\\" => Craft\\\\UserModel, \\\"craft\\\" => Craft\\\\CraftVariable), array(\\\"content\\\" => array(__TwigTemplate_de701514703569b4d9440c36c66f967fa5984af51a8421562d51e5192d655531, \\\"block_content\\\"))\"},{\"objectClass\":\"__TwigTemplate_de701514703569b4d9440c36c66f967fa5984af51a8421562d51e5192d655531\",\"file\":\"\\/Users\\/ant\\/Desktop\\/nxnw\\/craft\\/app\\/vendor\\/twig\\/twig\\/lib\\/Twig\\/Template.php\",\"line\":387,\"class\":\"__TwigTemplate_de701514703569b4d9440c36c66f967fa5984af51a8421562d51e5192d655531\",\"method\":\"doDisplay\",\"args\":\"array(\\\"entry\\\" => Craft\\\\EntryModel, \\\"user\\\" => Craft\\\\UserModel, \\\"currentUser\\\" => Craft\\\\UserModel, \\\"craft\\\" => Craft\\\\CraftVariable), array(\\\"content\\\" => array(__TwigTemplate_de701514703569b4d9440c36c66f967fa5984af51a8421562d51e5192d655531, \\\"block_content\\\"))\"},{\"objectClass\":\"__TwigTemplate_de701514703569b4d9440c36c66f967fa5984af51a8421562d51e5192d655531\",\"file\":\"\\/Users\\/ant\\/Desktop\\/nxnw\\/craft\\/app\\/etc\\/templating\\/BaseTemplate.php\",\"line\":26,\"class\":\"Twig_Template\",\"method\":\"displayWithErrorHandling\",\"args\":\"array(\\\"entry\\\" => Craft\\\\EntryModel, \\\"user\\\" => Craft\\\\UserModel, \\\"currentUser\\\" => Craft\\\\UserModel, \\\"craft\\\" => Craft\\\\CraftVariable), array(\\\"content\\\" => array(__TwigTemplate_de701514703569b4d9440c36c66f967fa5984af51a8421562d51e5192d655531, \\\"block_content\\\"))\"},{\"objectClass\":\"__TwigTemplate_de701514703569b4d9440c36c66f967fa5984af51a8421562d51e5192d655531\",\"file\":\"\\/Users\\/ant\\/Desktop\\/nxnw\\/craft\\/app\\/vendor\\/twig\\/twig\\/lib\\/Twig\\/Template.php\",\"line\":355,\"class\":\"Craft\\\\BaseTemplate\",\"method\":\"displayWithErrorHandling\",\"args\":\"array(\\\"entry\\\" => Craft\\\\EntryModel, \\\"user\\\" => Craft\\\\UserModel, \\\"currentUser\\\" => Craft\\\\UserModel, \\\"craft\\\" => Craft\\\\CraftVariable), array(\\\"content\\\" => array(__TwigTemplate_de701514703569b4d9440c36c66f967fa5984af51a8421562d51e5192d655531, \\\"block_content\\\"))\"},{\"objectClass\":\"__TwigTemplate_de701514703569b4d9440c36c66f967fa5984af51a8421562d51e5192d655531\",\"file\":\"\\/Users\\/ant\\/Desktop\\/nxnw\\/craft\\/app\\/vendor\\/twig\\/twig\\/lib\\/Twig\\/Template.php\",\"line\":366,\"class\":\"Twig_Template\",\"method\":\"display\",\"args\":\"array(\\\"entry\\\" => Craft\\\\EntryModel)\"},{\"objectClass\":\"__TwigTemplate_de701514703569b4d9440c36c66f967fa5984af51a8421562d51e5192d655531\",\"file\":\"\\/Users\\/ant\\/Desktop\\/nxnw\\/craft\\/app\\/vendor\\/twig\\/twig\\/lib\\/Twig\\/Environment.php\",\"line\":347,\"class\":\"Twig_Template\",\"method\":\"render\",\"args\":\"array(\\\"entry\\\" => Craft\\\\EntryModel)\"},{\"objectClass\":\"Craft\\\\TwigEnvironment\",\"file\":\"\\/Users\\/ant\\/Desktop\\/nxnw\\/craft\\/app\\/services\\/TemplatesService.php\",\"line\":253,\"class\":\"Twig_Environment\",\"method\":\"render\",\"args\":\"\\\"index\\\", array(\\\"entry\\\" => Craft\\\\EntryModel)\"},{\"objectClass\":\"Craft\\\\TemplatesService\",\"file\":\"\\/Users\\/ant\\/Desktop\\/nxnw\\/craft\\/app\\/controllers\\/BaseController.php\",\"line\":74,\"class\":\"Craft\\\\TemplatesService\",\"method\":\"render\",\"args\":\"\\\"index\\\", array(\\\"entry\\\" => Craft\\\\EntryModel)\"},{\"objectClass\":\"Craft\\\\TemplatesController\",\"file\":\"\\/Users\\/ant\\/Desktop\\/nxnw\\/craft\\/app\\/controllers\\/TemplatesController.php\",\"line\":55,\"class\":\"Craft\\\\BaseController\",\"method\":\"renderTemplate\",\"args\":\"\\\"index\\\", array(\\\"entry\\\" => Craft\\\\EntryModel)\"},{\"objectClass\":\"Craft\\\\TemplatesController\",\"file\":null,\"line\":null,\"class\":\"Craft\\\\TemplatesController\",\"method\":\"actionRender\",\"args\":\"\\\"index\\\", array(\\\"entry\\\" => Craft\\\\EntryModel)\"},{\"objectClass\":\"ReflectionMethod\",\"file\":\"\\/Users\\/ant\\/Desktop\\/nxnw\\/craft\\/app\\/framework\\/web\\/actions\\/CAction.php\",\"line\":109,\"class\":\"ReflectionMethod\",\"method\":\"invokeArgs\",\"args\":\"Craft\\\\TemplatesController, array(\\\"index\\\", array(\\\"entry\\\" => Craft\\\\EntryModel))\"},{\"objectClass\":\"CInlineAction\",\"file\":\"\\/Users\\/ant\\/Desktop\\/nxnw\\/craft\\/app\\/framework\\/web\\/actions\\/CInlineAction.php\",\"line\":47,\"class\":\"CAction\",\"method\":\"runWithParamsInternal\",\"args\":\"Craft\\\\TemplatesController, ReflectionMethod, array(\\\"drop_cat\\\" => \\\"Hospital\\\", \\\"variables\\\" => array(\\\"entry\\\" => Craft\\\\EntryModel), \\\"template\\\" => \\\"index\\\")\"},{\"objectClass\":\"CInlineAction\",\"file\":\"\\/Users\\/ant\\/Desktop\\/nxnw\\/craft\\/app\\/framework\\/web\\/CController.php\",\"line\":308,\"class\":\"CInlineAction\",\"method\":\"runWithParams\",\"args\":\"array(\\\"drop_cat\\\" => \\\"Hospital\\\", \\\"variables\\\" => array(\\\"entry\\\" => Craft\\\\EntryModel), \\\"template\\\" => \\\"index\\\")\"},{\"objectClass\":\"Craft\\\\TemplatesController\",\"file\":\"\\/Users\\/ant\\/Desktop\\/nxnw\\/craft\\/app\\/framework\\/web\\/CController.php\",\"line\":286,\"class\":\"CController\",\"method\":\"runAction\",\"args\":\"CInlineAction\"},{\"objectClass\":\"Craft\\\\TemplatesController\",\"file\":\"\\/Users\\/ant\\/Desktop\\/nxnw\\/craft\\/app\\/framework\\/web\\/CController.php\",\"line\":265,\"class\":\"CController\",\"method\":\"runActionWithFilters\",\"args\":\"CInlineAction, array()\"},{\"objectClass\":\"Craft\\\\TemplatesController\",\"file\":\"\\/Users\\/ant\\/Desktop\\/nxnw\\/craft\\/app\\/framework\\/web\\/CWebApplication.php\",\"line\":282,\"class\":\"CController\",\"method\":\"run\",\"args\":\"\\\"render\\\"\"},{\"objectClass\":\"Craft\\\\WebApp\",\"file\":\"\\/Users\\/ant\\/Desktop\\/nxnw\\/craft\\/app\\/framework\\/web\\/CWebApplication.php\",\"line\":141,\"class\":\"CWebApplication\",\"method\":\"runController\",\"args\":\"\\\"templates\\/render\\\"\"},{\"objectClass\":\"Craft\\\\WebApp\",\"file\":\"\\/Users\\/ant\\/Desktop\\/nxnw\\/craft\\/app\\/etc\\/web\\/WebApp.php\",\"line\":291,\"class\":\"CWebApplication\",\"method\":\"processRequest\",\"args\":null},{\"objectClass\":\"Craft\\\\WebApp\",\"file\":\"\\/Users\\/ant\\/Desktop\\/nxnw\\/craft\\/app\\/framework\\/base\\/CApplication.php\",\"line\":185,\"class\":\"Craft\\\\WebApp\",\"method\":\"processRequest\",\"args\":null},{\"objectClass\":\"Craft\\\\WebApp\",\"file\":\"\\/Users\\/ant\\/Desktop\\/nxnw\\/craft\\/app\\/index.php\",\"line\":62,\"class\":\"CApplication\",\"method\":\"run\",\"args\":null},{\"objectClass\":null,\"file\":\"\\/Users\\/ant\\/Desktop\\/nxnw\\/public\\/index.php\",\"line\":19,\"class\":null,\"method\":\"require_once\",\"args\":\"\\\"\\/Users\\/ant\\/Desktop\\/nxnw\\/craft\\/app\\/index.php\\\"\"}]', '2016-10-11 15:25:09', '2016-10-11 21:29:32', '894e1838-c6ef-4f69-948d-cb661553d416'),
 ('12', '{% endpaginate %}', '/Users/ant/Desktop/nxnw/craft/templates/index.html:11', '2016-10-12 03:44:37', '/Users/ant/Desktop/nxnw/craft/app/etc/templating/twigextensions/DeprecatedTag_TokenParser.php', '60', 'Craft\\DeprecatedTag_TokenParser', 'parse', '/Users/ant/Desktop/nxnw/craft/templates/index.html', '11', 'The {% endpaginate %} tag is no longer necessary. You can remove it from your ‘components/search’ template on line 40.', '[{\"objectClass\":\"Craft\\\\DeprecatorService\",\"file\":\"\\/Users\\/ant\\/Desktop\\/nxnw\\/craft\\/app\\/etc\\/templating\\/twigextensions\\/DeprecatedTag_TokenParser.php\",\"line\":60,\"class\":\"Craft\\\\DeprecatorService\",\"method\":\"log\",\"args\":\"\\\"{% endpaginate %}\\\", \\\"The {% endpaginate %} tag is no longer necessary. You can remove...\\\"\"},{\"objectClass\":\"Craft\\\\DeprecatedTag_TokenParser\",\"file\":\"\\/Users\\/ant\\/Desktop\\/nxnw\\/craft\\/app\\/vendor\\/twig\\/twig\\/lib\\/Twig\\/Parser.php\",\"line\":187,\"class\":\"Craft\\\\DeprecatedTag_TokenParser\",\"method\":\"parse\",\"args\":\"Twig_Token\"},{\"objectClass\":\"Craft\\\\TwigParser\",\"file\":\"\\/Users\\/ant\\/Desktop\\/nxnw\\/craft\\/app\\/vendor\\/twig\\/twig\\/lib\\/Twig\\/TokenParser\\/If.php\",\"line\":34,\"class\":\"Twig_Parser\",\"method\":\"subparse\",\"args\":\"array(Twig_TokenParser_If, \\\"decideIfFork\\\")\"},{\"objectClass\":\"Twig_TokenParser_If\",\"file\":\"\\/Users\\/ant\\/Desktop\\/nxnw\\/craft\\/app\\/vendor\\/twig\\/twig\\/lib\\/Twig\\/Parser.php\",\"line\":187,\"class\":\"Twig_TokenParser_If\",\"method\":\"parse\",\"args\":\"Twig_Token\"},{\"objectClass\":\"Craft\\\\TwigParser\",\"file\":\"\\/Users\\/ant\\/Desktop\\/nxnw\\/craft\\/app\\/vendor\\/twig\\/twig\\/lib\\/Twig\\/TokenParser\\/Block.php\",\"line\":38,\"class\":\"Twig_Parser\",\"method\":\"subparse\",\"args\":\"array(Twig_TokenParser_Block, \\\"decideBlockEnd\\\"), true\"},{\"objectClass\":\"Twig_TokenParser_Block\",\"file\":\"\\/Users\\/ant\\/Desktop\\/nxnw\\/craft\\/app\\/vendor\\/twig\\/twig\\/lib\\/Twig\\/Parser.php\",\"line\":187,\"class\":\"Twig_TokenParser_Block\",\"method\":\"parse\",\"args\":\"Twig_Token\"},{\"objectClass\":\"Craft\\\\TwigParser\",\"file\":\"\\/Users\\/ant\\/Desktop\\/nxnw\\/craft\\/app\\/vendor\\/twig\\/twig\\/lib\\/Twig\\/Parser.php\",\"line\":100,\"class\":\"Twig_Parser\",\"method\":\"subparse\",\"args\":\"null, false\"},{\"objectClass\":\"Craft\\\\TwigParser\",\"file\":\"\\/Users\\/ant\\/Desktop\\/nxnw\\/craft\\/app\\/vendor\\/twig\\/twig\\/lib\\/Twig\\/Environment.php\",\"line\":619,\"class\":\"Twig_Parser\",\"method\":\"parse\",\"args\":\"Twig_TokenStream\"},{\"objectClass\":\"Craft\\\\TwigEnvironment\",\"file\":\"\\/Users\\/ant\\/Desktop\\/nxnw\\/craft\\/app\\/vendor\\/twig\\/twig\\/lib\\/Twig\\/Environment.php\",\"line\":671,\"class\":\"Twig_Environment\",\"method\":\"parse\",\"args\":\"Twig_TokenStream\"},{\"objectClass\":\"Craft\\\\TwigEnvironment\",\"file\":\"\\/Users\\/ant\\/Desktop\\/nxnw\\/craft\\/app\\/vendor\\/twig\\/twig\\/lib\\/Twig\\/Environment.php\",\"line\":396,\"class\":\"Twig_Environment\",\"method\":\"compileSource\",\"args\":\"\\\"\\n\\n{% block content %}\\n{% set qs = \'?\' ~ craft.request.getQuerySt...\\\", \\\"components\\/search\\\"\"},{\"objectClass\":\"Craft\\\\TwigEnvironment\",\"file\":\"\\/Users\\/ant\\/Desktop\\/nxnw\\/craft\\/app\\/etc\\/templating\\/TwigEnvironment.php\",\"line\":61,\"class\":\"Twig_Environment\",\"method\":\"loadTemplate\",\"args\":\"\\\"components\\/search\\\", null\"},{\"objectClass\":\"Craft\\\\TwigEnvironment\",\"file\":\"\\/Users\\/ant\\/Desktop\\/nxnw\\/craft\\/app\\/vendor\\/twig\\/twig\\/lib\\/Twig\\/Template.php\",\"line\":286,\"class\":\"Craft\\\\TwigEnvironment\",\"method\":\"loadTemplate\",\"args\":\"\\\"components\\/search\\\", null\"},{\"objectClass\":\"__TwigTemplate_de701514703569b4d9440c36c66f967fa5984af51a8421562d51e5192d655531\",\"file\":\"\\/Users\\/ant\\/Desktop\\/nxnw\\/craft\\/storage\\/runtime\\/compiled_templates\\/74\\/746aa12be684504645247d8c164fdbbdf80986e0192833a2fd8b5fdd8a22a0fa.php\",\"line\":46,\"class\":\"Twig_Template\",\"method\":\"loadTemplate\",\"args\":\"\\\"components\\/search\\\", \\\"index\\\", 11\",\"template\":\"index\",\"templateLine\":11},{\"objectClass\":\"__TwigTemplate_de701514703569b4d9440c36c66f967fa5984af51a8421562d51e5192d655531\",\"file\":\"\\/Users\\/ant\\/Desktop\\/nxnw\\/craft\\/app\\/vendor\\/twig\\/twig\\/lib\\/Twig\\/Template.php\",\"line\":167,\"class\":\"__TwigTemplate_de701514703569b4d9440c36c66f967fa5984af51a8421562d51e5192d655531\",\"method\":\"block_content\",\"args\":\"array(\\\"entry\\\" => Craft\\\\EntryModel, \\\"user\\\" => null, \\\"currentUser\\\" => null, \\\"craft\\\" => Craft\\\\CraftVariable), array(\\\"content\\\" => array(__TwigTemplate_de701514703569b4d9440c36c66f967fa5984af51a8421562d51e5192d655531, \\\"block_content\\\"))\"},{\"objectClass\":\"__TwigTemplate_9f7d0d8fc458c102f9ac1450875827acb48403e40dade80f8a20303c5bd5cad9\",\"file\":\"\\/Users\\/ant\\/Desktop\\/nxnw\\/craft\\/storage\\/runtime\\/compiled_templates\\/c6\\/c6bfa6245a79400de32749facb8faae18f9bb30c15ead9375b8d3f0b3f1336e9.php\",\"line\":45,\"class\":\"Twig_Template\",\"method\":\"displayBlock\",\"args\":\"\\\"content\\\", array(\\\"entry\\\" => Craft\\\\EntryModel, \\\"user\\\" => null, \\\"currentUser\\\" => null, \\\"craft\\\" => Craft\\\\CraftVariable), array(\\\"content\\\" => array(__TwigTemplate_de701514703569b4d9440c36c66f967fa5984af51a8421562d51e5192d655531, \\\"block_content\\\"))\",\"template\":\"_layout\",\"templateLine\":24},{\"objectClass\":\"__TwigTemplate_9f7d0d8fc458c102f9ac1450875827acb48403e40dade80f8a20303c5bd5cad9\",\"file\":\"\\/Users\\/ant\\/Desktop\\/nxnw\\/craft\\/app\\/vendor\\/twig\\/twig\\/lib\\/Twig\\/Template.php\",\"line\":387,\"class\":\"__TwigTemplate_9f7d0d8fc458c102f9ac1450875827acb48403e40dade80f8a20303c5bd5cad9\",\"method\":\"doDisplay\",\"args\":\"array(\\\"entry\\\" => Craft\\\\EntryModel, \\\"user\\\" => null, \\\"currentUser\\\" => null, \\\"craft\\\" => Craft\\\\CraftVariable), array(\\\"content\\\" => array(__TwigTemplate_de701514703569b4d9440c36c66f967fa5984af51a8421562d51e5192d655531, \\\"block_content\\\"))\"},{\"objectClass\":\"__TwigTemplate_9f7d0d8fc458c102f9ac1450875827acb48403e40dade80f8a20303c5bd5cad9\",\"file\":\"\\/Users\\/ant\\/Desktop\\/nxnw\\/craft\\/app\\/etc\\/templating\\/BaseTemplate.php\",\"line\":26,\"class\":\"Twig_Template\",\"method\":\"displayWithErrorHandling\",\"args\":\"array(\\\"entry\\\" => Craft\\\\EntryModel, \\\"user\\\" => null, \\\"currentUser\\\" => null, \\\"craft\\\" => Craft\\\\CraftVariable), array(\\\"content\\\" => array(__TwigTemplate_de701514703569b4d9440c36c66f967fa5984af51a8421562d51e5192d655531, \\\"block_content\\\"))\"},{\"objectClass\":\"__TwigTemplate_9f7d0d8fc458c102f9ac1450875827acb48403e40dade80f8a20303c5bd5cad9\",\"file\":\"\\/Users\\/ant\\/Desktop\\/nxnw\\/craft\\/app\\/vendor\\/twig\\/twig\\/lib\\/Twig\\/Template.php\",\"line\":355,\"class\":\"Craft\\\\BaseTemplate\",\"method\":\"displayWithErrorHandling\",\"args\":\"array(\\\"entry\\\" => Craft\\\\EntryModel, \\\"user\\\" => null, \\\"currentUser\\\" => null, \\\"craft\\\" => Craft\\\\CraftVariable), array(\\\"content\\\" => array(__TwigTemplate_de701514703569b4d9440c36c66f967fa5984af51a8421562d51e5192d655531, \\\"block_content\\\"))\"},{\"objectClass\":\"__TwigTemplate_9f7d0d8fc458c102f9ac1450875827acb48403e40dade80f8a20303c5bd5cad9\",\"file\":\"\\/Users\\/ant\\/Desktop\\/nxnw\\/craft\\/storage\\/runtime\\/compiled_templates\\/74\\/746aa12be684504645247d8c164fdbbdf80986e0192833a2fd8b5fdd8a22a0fa.php\",\"line\":24,\"class\":\"Twig_Template\",\"method\":\"display\",\"args\":\"array(\\\"entry\\\" => Craft\\\\EntryModel, \\\"user\\\" => null, \\\"currentUser\\\" => null, \\\"craft\\\" => Craft\\\\CraftVariable), array(\\\"content\\\" => array(__TwigTemplate_de701514703569b4d9440c36c66f967fa5984af51a8421562d51e5192d655531, \\\"block_content\\\"))\",\"template\":\"_layout\",\"templateLine\":1},{\"objectClass\":\"__TwigTemplate_de701514703569b4d9440c36c66f967fa5984af51a8421562d51e5192d655531\",\"file\":\"\\/Users\\/ant\\/Desktop\\/nxnw\\/craft\\/app\\/vendor\\/twig\\/twig\\/lib\\/Twig\\/Template.php\",\"line\":387,\"class\":\"__TwigTemplate_de701514703569b4d9440c36c66f967fa5984af51a8421562d51e5192d655531\",\"method\":\"doDisplay\",\"args\":\"array(\\\"entry\\\" => Craft\\\\EntryModel, \\\"user\\\" => null, \\\"currentUser\\\" => null, \\\"craft\\\" => Craft\\\\CraftVariable), array(\\\"content\\\" => array(__TwigTemplate_de701514703569b4d9440c36c66f967fa5984af51a8421562d51e5192d655531, \\\"block_content\\\"))\"},{\"objectClass\":\"__TwigTemplate_de701514703569b4d9440c36c66f967fa5984af51a8421562d51e5192d655531\",\"file\":\"\\/Users\\/ant\\/Desktop\\/nxnw\\/craft\\/app\\/etc\\/templating\\/BaseTemplate.php\",\"line\":26,\"class\":\"Twig_Template\",\"method\":\"displayWithErrorHandling\",\"args\":\"array(\\\"entry\\\" => Craft\\\\EntryModel, \\\"user\\\" => null, \\\"currentUser\\\" => null, \\\"craft\\\" => Craft\\\\CraftVariable), array(\\\"content\\\" => array(__TwigTemplate_de701514703569b4d9440c36c66f967fa5984af51a8421562d51e5192d655531, \\\"block_content\\\"))\"},{\"objectClass\":\"__TwigTemplate_de701514703569b4d9440c36c66f967fa5984af51a8421562d51e5192d655531\",\"file\":\"\\/Users\\/ant\\/Desktop\\/nxnw\\/craft\\/app\\/vendor\\/twig\\/twig\\/lib\\/Twig\\/Template.php\",\"line\":355,\"class\":\"Craft\\\\BaseTemplate\",\"method\":\"displayWithErrorHandling\",\"args\":\"array(\\\"entry\\\" => Craft\\\\EntryModel, \\\"user\\\" => null, \\\"currentUser\\\" => null, \\\"craft\\\" => Craft\\\\CraftVariable), array(\\\"content\\\" => array(__TwigTemplate_de701514703569b4d9440c36c66f967fa5984af51a8421562d51e5192d655531, \\\"block_content\\\"))\"},{\"objectClass\":\"__TwigTemplate_de701514703569b4d9440c36c66f967fa5984af51a8421562d51e5192d655531\",\"file\":\"\\/Users\\/ant\\/Desktop\\/nxnw\\/craft\\/app\\/vendor\\/twig\\/twig\\/lib\\/Twig\\/Template.php\",\"line\":366,\"class\":\"Twig_Template\",\"method\":\"display\",\"args\":\"array(\\\"entry\\\" => Craft\\\\EntryModel)\"},{\"objectClass\":\"__TwigTemplate_de701514703569b4d9440c36c66f967fa5984af51a8421562d51e5192d655531\",\"file\":\"\\/Users\\/ant\\/Desktop\\/nxnw\\/craft\\/app\\/vendor\\/twig\\/twig\\/lib\\/Twig\\/Environment.php\",\"line\":347,\"class\":\"Twig_Template\",\"method\":\"render\",\"args\":\"array(\\\"entry\\\" => Craft\\\\EntryModel)\"},{\"objectClass\":\"Craft\\\\TwigEnvironment\",\"file\":\"\\/Users\\/ant\\/Desktop\\/nxnw\\/craft\\/app\\/services\\/TemplatesService.php\",\"line\":253,\"class\":\"Twig_Environment\",\"method\":\"render\",\"args\":\"\\\"index\\\", array(\\\"entry\\\" => Craft\\\\EntryModel)\"},{\"objectClass\":\"Craft\\\\TemplatesService\",\"file\":\"\\/Users\\/ant\\/Desktop\\/nxnw\\/craft\\/app\\/controllers\\/BaseController.php\",\"line\":74,\"class\":\"Craft\\\\TemplatesService\",\"method\":\"render\",\"args\":\"\\\"index\\\", array(\\\"entry\\\" => Craft\\\\EntryModel)\"},{\"objectClass\":\"Craft\\\\TemplatesController\",\"file\":\"\\/Users\\/ant\\/Desktop\\/nxnw\\/craft\\/app\\/controllers\\/TemplatesController.php\",\"line\":55,\"class\":\"Craft\\\\BaseController\",\"method\":\"renderTemplate\",\"args\":\"\\\"index\\\", array(\\\"entry\\\" => Craft\\\\EntryModel)\"},{\"objectClass\":\"Craft\\\\TemplatesController\",\"file\":null,\"line\":null,\"class\":\"Craft\\\\TemplatesController\",\"method\":\"actionRender\",\"args\":\"\\\"index\\\", array(\\\"entry\\\" => Craft\\\\EntryModel)\"},{\"objectClass\":\"ReflectionMethod\",\"file\":\"\\/Users\\/ant\\/Desktop\\/nxnw\\/craft\\/app\\/framework\\/web\\/actions\\/CAction.php\",\"line\":109,\"class\":\"ReflectionMethod\",\"method\":\"invokeArgs\",\"args\":\"Craft\\\\TemplatesController, array(\\\"index\\\", array(\\\"entry\\\" => Craft\\\\EntryModel))\"},{\"objectClass\":\"CInlineAction\",\"file\":\"\\/Users\\/ant\\/Desktop\\/nxnw\\/craft\\/app\\/framework\\/web\\/actions\\/CInlineAction.php\",\"line\":47,\"class\":\"CAction\",\"method\":\"runWithParamsInternal\",\"args\":\"Craft\\\\TemplatesController, ReflectionMethod, array(\\\"q\\\" => \\\"water\\\", \\\"variables\\\" => array(\\\"entry\\\" => Craft\\\\EntryModel), \\\"template\\\" => \\\"index\\\")\"},{\"objectClass\":\"CInlineAction\",\"file\":\"\\/Users\\/ant\\/Desktop\\/nxnw\\/craft\\/app\\/framework\\/web\\/CController.php\",\"line\":308,\"class\":\"CInlineAction\",\"method\":\"runWithParams\",\"args\":\"array(\\\"q\\\" => \\\"water\\\", \\\"variables\\\" => array(\\\"entry\\\" => Craft\\\\EntryModel), \\\"template\\\" => \\\"index\\\")\"},{\"objectClass\":\"Craft\\\\TemplatesController\",\"file\":\"\\/Users\\/ant\\/Desktop\\/nxnw\\/craft\\/app\\/framework\\/web\\/CController.php\",\"line\":286,\"class\":\"CController\",\"method\":\"runAction\",\"args\":\"CInlineAction\"},{\"objectClass\":\"Craft\\\\TemplatesController\",\"file\":\"\\/Users\\/ant\\/Desktop\\/nxnw\\/craft\\/app\\/framework\\/web\\/CController.php\",\"line\":265,\"class\":\"CController\",\"method\":\"runActionWithFilters\",\"args\":\"CInlineAction, array()\"},{\"objectClass\":\"Craft\\\\TemplatesController\",\"file\":\"\\/Users\\/ant\\/Desktop\\/nxnw\\/craft\\/app\\/framework\\/web\\/CWebApplication.php\",\"line\":282,\"class\":\"CController\",\"method\":\"run\",\"args\":\"\\\"render\\\"\"},{\"objectClass\":\"Craft\\\\WebApp\",\"file\":\"\\/Users\\/ant\\/Desktop\\/nxnw\\/craft\\/app\\/framework\\/web\\/CWebApplication.php\",\"line\":141,\"class\":\"CWebApplication\",\"method\":\"runController\",\"args\":\"\\\"templates\\/render\\\"\"},{\"objectClass\":\"Craft\\\\WebApp\",\"file\":\"\\/Users\\/ant\\/Desktop\\/nxnw\\/craft\\/app\\/etc\\/web\\/WebApp.php\",\"line\":291,\"class\":\"CWebApplication\",\"method\":\"processRequest\",\"args\":null},{\"objectClass\":\"Craft\\\\WebApp\",\"file\":\"\\/Users\\/ant\\/Desktop\\/nxnw\\/craft\\/app\\/framework\\/base\\/CApplication.php\",\"line\":185,\"class\":\"Craft\\\\WebApp\",\"method\":\"processRequest\",\"args\":null},{\"objectClass\":\"Craft\\\\WebApp\",\"file\":\"\\/Users\\/ant\\/Desktop\\/nxnw\\/craft\\/app\\/index.php\",\"line\":62,\"class\":\"CApplication\",\"method\":\"run\",\"args\":null},{\"objectClass\":null,\"file\":\"\\/Users\\/ant\\/Desktop\\/nxnw\\/public\\/index.php\",\"line\":19,\"class\":null,\"method\":\"require_once\",\"args\":\"\\\"\\/Users\\/ant\\/Desktop\\/nxnw\\/craft\\/app\\/index.php\\\"\"}]', '2016-10-11 21:01:51', '2016-10-12 03:44:37', 'f7a34643-9761-4d24-91ef-550435fe4e5c');



DROP TABLE IF EXISTS `craft_elementindexsettings`;


--
-- Schema for table `craft_elementindexsettings`
--
CREATE TABLE `craft_elementindexsettings` (
  `id` int(11) NOT NULL AUTO_INCREMENT,
  `type` varchar(150) COLLATE utf8_unicode_ci NOT NULL,
  `settings` text COLLATE utf8_unicode_ci,
  `dateCreated` datetime NOT NULL,
  `dateUpdated` datetime NOT NULL,
  `uid` char(36) COLLATE utf8_unicode_ci NOT NULL DEFAULT '0',
  PRIMARY KEY (`id`),
  UNIQUE KEY `craft_elementindexsettings_type_unq_idx` (`type`)
) ENGINE=InnoDB AUTO_INCREMENT=2 DEFAULT CHARSET=utf8 COLLATE=utf8_unicode_ci;

--
-- Data for table `craft_elementindexsettings`
--

INSERT INTO `craft_elementindexsettings` (`id`, `type`, `settings`, `dateCreated`, `dateUpdated`, `uid`) VALUES
 ('1', 'Entry', '{\"sourceOrder\":[[\"key\",\"*\"],[\"key\",\"section:2\"],[\"heading\",\"Homepage\"],[\"key\",\"singles\"],[\"heading\",\"Organizations\"],[\"key\",\"section:3\"]],\"sources\":{\"section:3\":{\"tableAttributes\":{\"1\":\"postDate\",\"2\":\"expiryDate\",\"3\":\"link\"}},\"*\":{\"tableAttributes\":{\"1\":\"section\",\"2\":\"postDate\",\"3\":\"expiryDate\",\"4\":\"link\"}},\"singles\":{\"tableAttributes\":{\"1\":\"link\"}},\"section:2\":{\"tableAttributes\":{\"1\":\"postDate\",\"2\":\"expiryDate\",\"3\":\"link\"}}}}', '2016-10-09 05:20:10', '2016-10-09 06:25:22', 'f8661371-1d30-4c92-bb71-63392cc0fbde');



DROP TABLE IF EXISTS `craft_elements`;


--
-- Schema for table `craft_elements`
--
CREATE TABLE `craft_elements` (
  `id` int(11) NOT NULL AUTO_INCREMENT,
  `type` varchar(150) COLLATE utf8_unicode_ci NOT NULL,
  `enabled` tinyint(1) unsigned NOT NULL DEFAULT '1',
  `archived` tinyint(1) unsigned NOT NULL DEFAULT '0',
  `dateCreated` datetime NOT NULL,
  `dateUpdated` datetime NOT NULL,
  `uid` char(36) COLLATE utf8_unicode_ci NOT NULL DEFAULT '0',
  PRIMARY KEY (`id`),
  KEY `craft_elements_type_idx` (`type`),
  KEY `craft_elements_enabled_idx` (`enabled`),
  KEY `craft_elements_archived_dateCreated_idx` (`archived`,`dateCreated`)
) ENGINE=InnoDB AUTO_INCREMENT=102 DEFAULT CHARSET=utf8 COLLATE=utf8_unicode_ci;

--
-- Data for table `craft_elements`
--

INSERT INTO `craft_elements` (`id`, `type`, `enabled`, `archived`, `dateCreated`, `dateUpdated`, `uid`) VALUES
 ('1', 'User', '1', '0', '2016-10-08 17:10:59', '2016-10-08 17:10:59', '2b5f6c93-8ca5-402d-a289-b715232c3048'),
 ('2', 'Entry', '1', '0', '2016-10-08 17:11:02', '2016-10-09 06:30:57', '88e6e3dc-c74e-4fbe-a0b5-74a8ae2b94b0'),
 ('3', 'Entry', '1', '0', '2016-10-08 17:11:02', '2016-10-08 17:11:02', '3fa05563-1bb1-4101-bbaf-aaccbca9d28b'),
 ('4', 'Entry', '1', '0', '2016-10-08 18:02:21', '2016-10-11 16:03:54', '26eac271-e343-4950-881a-2310aa64d301'),
 ('5', 'Entry', '1', '0', '2016-10-08 18:03:30', '2016-10-09 17:39:24', '18b4a15e-118b-4a9b-a000-cbbe10bb4281'),
 ('6', 'Entry', '1', '0', '2016-10-08 19:08:50', '2016-10-11 18:14:24', 'e5b312da-b42e-40f1-ac9c-1a35ed05c6f0'),
 ('7', 'MatrixBlock', '1', '0', '2016-10-09 00:03:40', '2016-10-11 18:14:24', 'f459f988-bc9c-46b0-a941-8e6d94fea3f4'),
 ('10', 'MatrixBlock', '1', '0', '2016-10-09 00:18:11', '2016-10-11 18:14:24', '8b4171bd-2d43-4dbe-88aa-d674c9848c82'),
 ('11', 'MatrixBlock', '1', '0', '2016-10-09 03:00:50', '2016-10-11 18:14:24', '392edf05-6379-487d-b261-954c8bcc2a17'),
 ('12', 'MatrixBlock', '1', '0', '2016-10-09 03:10:16', '2016-10-11 18:14:24', 'ca7de8a9-f921-42a3-ba16-b5a42df20e47'),
 ('13', 'MatrixBlock', '1', '0', '2016-10-09 03:10:16', '2016-10-11 18:14:24', '95248b07-87b3-46e5-980a-9c8ac245953e'),
 ('14', 'MatrixBlock', '1', '0', '2016-10-09 03:57:33', '2016-10-11 18:14:24', '74f29c33-914f-43a1-b19e-75dfe93bb9fa'),
 ('15', 'MatrixBlock', '1', '0', '2016-10-09 03:57:33', '2016-10-11 18:14:24', 'dd9e1ce5-7a48-40bd-9595-55be3552b525'),
 ('16', 'MatrixBlock', '1', '0', '2016-10-09 04:59:56', '2016-10-09 17:39:24', 'e04a3206-a24a-4a1c-8fc5-5c6d91497438'),
 ('17', 'MatrixBlock', '1', '0', '2016-10-09 04:59:56', '2016-10-09 17:39:24', '343a2118-6cbb-40f9-8d0f-d3c24bbeb1ee'),
 ('18', 'MatrixBlock', '1', '0', '2016-10-09 04:59:56', '2016-10-09 17:39:24', '1c583643-87c3-4cd8-b9f0-35a82f07b27c'),
 ('19', 'MatrixBlock', '1', '0', '2016-10-09 05:02:21', '2016-10-09 17:39:24', '4dc88ce2-2bb1-4d39-acd2-6c8083d2985b'),
 ('20', 'MatrixBlock', '1', '0', '2016-10-09 05:02:21', '2016-10-09 17:39:24', 'cc6a838c-b004-4fde-ae39-b7b27fb3f6a8'),
 ('21', 'MatrixBlock', '1', '0', '2016-10-09 05:16:58', '2016-10-11 16:03:54', '1df583c7-6846-496e-9e02-89c22a0f7ce0'),
 ('22', 'MatrixBlock', '1', '0', '2016-10-09 05:16:58', '2016-10-11 16:03:54', '05570af7-15de-4b5d-b69f-0085a9764883'),
 ('23', 'MatrixBlock', '1', '0', '2016-10-09 05:16:58', '2016-10-11 16:03:54', '272c3290-5b4a-4b30-bfcf-576379e27cb0'),
 ('24', 'MatrixBlock', '1', '0', '2016-10-09 05:16:58', '2016-10-11 16:03:54', 'cfde8d2c-4990-406e-a08f-cda60c87707d'),
 ('25', 'MatrixBlock', '1', '0', '2016-10-09 05:16:58', '2016-10-11 16:03:54', '348afc18-86a1-4242-9227-5304ee4f5d50'),
 ('26', 'MatrixBlock', '1', '0', '2016-10-09 05:16:58', '2016-10-11 16:03:54', '23550707-e5cc-4027-9896-d09a15c7bafb'),
 ('27', 'Category', '1', '0', '2016-10-09 17:08:49', '2016-10-09 17:08:49', 'd27e25e8-7898-42bd-8664-9a50001e75ed'),
 ('28', 'Category', '1', '0', '2016-10-09 17:09:02', '2016-10-09 17:09:02', 'd34fb3e8-2ac0-4e32-b2f9-ff9b27012958'),
 ('29', 'Category', '1', '0', '2016-10-09 17:09:13', '2016-10-09 17:09:13', '30174a6a-8ddc-45af-89f9-c86207ba0efc'),
 ('30', 'Category', '1', '0', '2016-10-09 17:09:22', '2016-10-09 17:09:22', 'cf110704-566c-4f91-b831-bed4423aed0c'),
 ('31', 'Category', '1', '0', '2016-10-09 17:09:39', '2016-10-09 17:09:39', '1539bda6-e928-4b50-b875-6d452d6d742d'),
 ('32', 'Category', '1', '0', '2016-10-09 17:09:48', '2016-10-09 17:09:48', '579750d7-8075-434b-befa-9f741aeba4ce'),
 ('33', 'Category', '1', '0', '2016-10-09 17:09:57', '2016-10-09 17:09:57', '029e4b80-8513-4963-b83f-ba6aa366a686'),
 ('34', 'Category', '1', '0', '2016-10-09 17:10:03', '2016-10-09 17:10:03', '574fd559-4d5d-42a0-9003-27498dfd962f'),
 ('35', 'Category', '1', '0', '2016-10-09 17:10:30', '2016-10-09 17:10:30', '723cb2f1-4c80-4c6a-86e1-f567e38ee3a3'),
 ('36', 'Category', '1', '0', '2016-10-09 17:10:39', '2016-10-09 17:10:39', '687d6300-6cf6-4072-898b-22c3fbb7be5c'),
 ('37', 'Category', '1', '0', '2016-10-09 17:10:48', '2016-10-09 17:10:48', 'e8abe74d-b83b-43e3-b7e8-9c829dd89d55'),
 ('38', 'Category', '1', '0', '2016-10-09 17:10:55', '2016-10-09 17:10:55', '2b822ce2-e9a9-4721-85c6-902a00517837'),
 ('39', 'Category', '1', '0', '2016-10-09 17:11:04', '2016-10-09 17:11:04', '9c3408e4-5d96-4b1a-a1e7-1a667a202fdd'),
 ('40', 'Category', '1', '0', '2016-10-09 17:11:19', '2016-10-09 17:11:19', '433b094b-cc47-46fd-a6b8-8d625b8ce122'),
 ('41', 'Category', '1', '0', '2016-10-09 17:11:36', '2016-10-09 17:11:36', 'c6ae93e5-7a82-4597-8417-33b7c3cfaf27'),
 ('42', 'Category', '1', '0', '2016-10-09 17:11:54', '2016-10-09 17:11:54', '5d54b9cf-f4d0-47e8-9e75-4091ba635808'),
 ('43', 'Category', '1', '0', '2016-10-09 17:12:11', '2016-10-09 17:12:11', 'b631d067-723e-47dd-bbb1-e753743bd0ea'),
 ('44', 'Category', '1', '0', '2016-10-09 17:12:22', '2016-10-09 17:12:22', 'a394ffad-1c8d-4c7c-b7d9-fa3a6cc62fb8'),
 ('45', 'Category', '1', '0', '2016-10-09 17:15:17', '2016-10-10 04:02:30', 'f2f6d304-795d-417a-9a2d-128593846908'),
 ('46', 'Category', '1', '0', '2016-10-09 17:15:25', '2016-10-09 17:15:25', 'dab95818-6e56-48e6-9217-d3c7a4431626'),
 ('47', 'Category', '1', '0', '2016-10-09 17:15:32', '2016-10-09 17:15:32', '197c06d8-4b4a-41bd-b2fd-42d7c58fe38f'),
 ('48', 'Category', '1', '0', '2016-10-09 17:15:48', '2016-10-09 17:15:48', '1956237b-6dcd-41f9-9d3b-904cc210537f'),
 ('49', 'Category', '1', '0', '2016-10-09 17:16:46', '2016-10-09 17:16:46', '92fa1526-9973-4f1a-b876-6da7bf49bc18'),
 ('50', 'Category', '1', '0', '2016-10-09 17:16:53', '2016-10-09 17:16:53', '9d56c4da-366a-4701-a20a-07130d6260d3'),
 ('51', 'Category', '1', '0', '2016-10-09 17:17:15', '2016-10-09 17:19:41', '8dffdbe2-2779-43ec-b0e3-a6a40f7f30a3'),
 ('52', 'Category', '1', '0', '2016-10-09 17:17:25', '2016-10-09 17:17:25', '23075eb9-de8e-4e1d-a3eb-21041558afe9'),
 ('53', 'Category', '1', '0', '2016-10-09 17:17:34', '2016-10-09 17:17:34', 'a52b3c53-e29b-4c65-8bfe-baa8720666fa'),
 ('54', 'Category', '1', '0', '2016-10-09 17:17:44', '2016-10-09 17:17:44', 'cc7fccc9-e7a4-4b7c-9341-50ede1f1dbdb'),
 ('55', 'Category', '1', '0', '2016-10-09 17:18:02', '2016-10-09 17:18:02', '6021afca-4f2d-43af-9de6-05b325ce9bde'),
 ('56', 'Category', '1', '0', '2016-10-09 17:18:11', '2016-10-09 17:18:11', 'c99be32f-f215-4a44-93ce-f93f5bee6bd3'),
 ('57', 'Category', '1', '0', '2016-10-09 17:18:26', '2016-10-09 17:18:26', '4efa723e-76ff-402b-9c85-2ceaec752a27'),
 ('58', 'Category', '1', '0', '2016-10-09 17:19:23', '2016-10-09 17:19:23', '60a77446-024d-4069-b289-8b78c9417d07'),
 ('59', 'Category', '1', '0', '2016-10-09 17:19:31', '2016-10-09 17:19:31', 'e45d277a-e3d8-4c20-b07f-c06d52a96ede'),
 ('60', 'Entry', '1', '0', '2016-10-10 05:44:42', '2016-10-11 16:04:27', '8a688b80-ca3d-4e71-97c7-4501253b5e41'),
 ('61', 'MatrixBlock', '1', '0', '2016-10-10 05:44:42', '2016-10-11 16:04:27', 'dc6fe3ab-4616-415e-b493-7b5ef2f580cd'),
 ('62', 'MatrixBlock', '1', '0', '2016-10-10 05:44:42', '2016-10-11 16:04:27', '53b6c6e5-d171-4a64-bd8b-49c7913afaf5'),
 ('63', 'MatrixBlock', '1', '0', '2016-10-10 05:44:42', '2016-10-11 16:04:27', '157c969c-0671-4652-9563-f2912380e728'),
 ('64', 'MatrixBlock', '1', '0', '2016-10-10 05:44:42', '2016-10-11 16:04:27', 'dc1a035d-f6b1-476e-8d04-f2b5cce79811'),
 ('65', 'Entry', '1', '0', '2016-10-11 15:48:45', '2016-10-11 16:04:13', '393b61bf-e6ff-4845-ae05-7e7494d00544'),
 ('66', 'MatrixBlock', '1', '0', '2016-10-11 15:48:45', '2016-10-11 16:04:13', '217b2d3b-009e-496b-a77b-31b588adc1b5'),
 ('67', 'MatrixBlock', '1', '0', '2016-10-11 15:48:45', '2016-10-11 16:04:13', '55e5acf8-ce6a-4b83-b212-238f037473e8'),
 ('68', 'MatrixBlock', '1', '0', '2016-10-11 15:48:45', '2016-10-11 16:04:13', '0a892417-6f50-48e2-8549-9e954f6d5f3c'),
 ('69', 'Entry', '1', '0', '2016-10-11 15:50:05', '2016-10-11 16:04:35', 'd75a3675-b883-4771-97c6-048aeb38573d'),
 ('70', 'MatrixBlock', '1', '0', '2016-10-11 15:50:05', '2016-10-11 16:04:35', 'b194bb7f-203b-4dd9-95de-387ed0a0544d'),
 ('71', 'MatrixBlock', '1', '0', '2016-10-11 15:50:05', '2016-10-11 16:04:35', 'be0cd94b-f0f4-453e-8051-23b7f5525482'),
 ('72', 'MatrixBlock', '1', '0', '2016-10-11 15:50:05', '2016-10-11 16:04:35', 'e9d2830d-662f-48fb-9522-1b8e325416b8'),
 ('73', 'Entry', '1', '0', '2016-10-11 16:00:28', '2016-10-11 17:56:52', '91a3103e-7416-42c3-9973-9f21aa7a2845'),
 ('74', 'MatrixBlock', '1', '0', '2016-10-11 16:00:28', '2016-10-11 17:56:52', '22285ae4-f298-4d3d-ab7f-07362430ab42'),
 ('76', 'MatrixBlock', '1', '0', '2016-10-11 16:00:28', '2016-10-11 17:56:52', 'c5978125-7ed4-418a-9e3f-f15c6f3e29ec'),
 ('77', 'MatrixBlock', '1', '0', '2016-10-11 16:00:28', '2016-10-11 17:56:52', 'f4cb76e5-de34-45df-b4d9-f66c25cf75bd'),
 ('78', 'MatrixBlock', '1', '0', '2016-10-11 16:00:28', '2016-10-11 17:56:52', '60b9aa86-3085-4550-91d1-5a9f125c1536'),
 ('79', 'Entry', '1', '0', '2016-10-11 16:01:15', '2016-10-11 16:01:15', '523e9b20-7ef6-4053-8352-40743fd7359c'),
 ('80', 'MatrixBlock', '1', '0', '2016-10-11 16:01:15', '2016-10-11 16:01:15', '8dee0f26-6352-46ac-be66-f23f7250ccc5'),
 ('81', 'MatrixBlock', '1', '0', '2016-10-11 16:01:15', '2016-10-11 16:01:15', 'fbc6687f-b405-4f13-bc39-37b555347230'),
 ('82', 'Entry', '1', '0', '2016-10-11 16:03:23', '2016-10-11 17:56:19', 'ce97dc6b-dac4-4644-84a6-cc61dafa372a'),
 ('83', 'MatrixBlock', '1', '0', '2016-10-11 16:03:23', '2016-10-11 17:56:19', 'e1c8fc63-f5a9-4f02-9d47-11742e8ff6a5'),
 ('84', 'MatrixBlock', '1', '0', '2016-10-11 16:03:23', '2016-10-11 17:56:19', 'ffb19e61-4cf7-4f95-8584-354216fee4dd'),
 ('85', 'MatrixBlock', '1', '0', '2016-10-11 16:03:23', '2016-10-11 17:56:19', 'b7a3bc17-55cb-49a6-ab7c-c6b22ca8efaa'),
 ('86', 'MatrixBlock', '1', '0', '2016-10-11 16:03:23', '2016-10-11 17:56:19', '4d914add-d65d-429d-a14e-08b07c47e162'),
 ('87', 'MatrixBlock', '1', '0', '2016-10-11 16:03:23', '2016-10-11 17:56:19', 'b5fa9434-bcb2-4fd9-aa47-a86ad592c720'),
 ('88', 'MatrixBlock', '1', '0', '2016-10-11 16:03:23', '2016-10-11 17:56:19', '5b839414-3b29-427f-9c95-91fa4393d995'),
 ('89', 'MatrixBlock', '1', '0', '2016-10-11 17:56:19', '2016-10-11 17:56:19', '18899c46-d916-4e47-aa55-e5beb1ae5d5a'),
 ('90', 'MatrixBlock', '1', '0', '2016-10-11 17:56:19', '2016-10-11 17:56:19', '1944ceb8-10a4-4578-a3bf-cca59ba777c5'),
 ('91', 'MatrixBlock', '1', '0', '2016-10-11 17:56:19', '2016-10-11 17:56:19', '2a744766-3b51-4dcf-be90-c8bb5b1ffca0'),
 ('92', 'MatrixBlock', '1', '0', '2016-10-11 17:56:19', '2016-10-11 17:56:19', '9493c3d0-3d1e-4a8b-9611-dd78c192ad31'),
 ('93', 'MatrixBlock', '1', '0', '2016-10-11 17:56:52', '2016-10-11 17:56:52', 'bb356e4c-a7fc-41e6-8e95-a8938fabac59'),
 ('94', 'Category', '1', '0', '2016-10-11 18:07:02', '2016-10-11 18:07:02', 'c79f7213-7aa9-483a-8867-4b9fcb4d94ff'),
 ('95', 'Entry', '1', '0', '2016-10-11 18:13:05', '2016-10-11 18:13:05', 'b89d949c-2156-4ddb-85eb-2186b7635d86'),
 ('96', 'MatrixBlock', '1', '0', '2016-10-11 18:13:05', '2016-10-11 18:13:05', '7aa727db-0145-4da4-87f6-a03fe9d582f8'),
 ('97', 'MatrixBlock', '1', '0', '2016-10-11 18:13:05', '2016-10-11 18:13:05', 'b0bf821f-5448-47fd-b135-993ed8cfb037'),
 ('98', 'MatrixBlock', '1', '0', '2016-10-11 18:13:05', '2016-10-11 18:13:05', '794b14eb-3940-4006-b7a1-2c856c9fc4a4'),
 ('99', 'MatrixBlock', '1', '0', '2016-10-11 18:13:05', '2016-10-11 18:13:05', 'ba7148e2-8eff-4580-8806-34de82ed9466'),
 ('100', 'MatrixBlock', '1', '0', '2016-10-11 18:13:05', '2016-10-11 18:13:05', 'ecb71996-c9d8-4b64-a02a-7317619379fd'),
 ('101', 'MatrixBlock', '1', '0', '2016-10-11 18:13:05', '2016-10-11 18:13:05', '2f39f314-f9cb-4881-9c5a-96d112b5aff5');



DROP TABLE IF EXISTS `craft_elements_i18n`;


--
-- Schema for table `craft_elements_i18n`
--
CREATE TABLE `craft_elements_i18n` (
  `id` int(11) NOT NULL AUTO_INCREMENT,
  `elementId` int(11) NOT NULL,
  `locale` char(12) COLLATE utf8_unicode_ci NOT NULL,
  `slug` varchar(255) COLLATE utf8_unicode_ci DEFAULT NULL,
  `uri` varchar(255) COLLATE utf8_unicode_ci DEFAULT NULL,
  `enabled` tinyint(1) unsigned NOT NULL DEFAULT '1',
  `dateCreated` datetime NOT NULL,
  `dateUpdated` datetime NOT NULL,
  `uid` char(36) COLLATE utf8_unicode_ci NOT NULL DEFAULT '0',
  PRIMARY KEY (`id`),
  UNIQUE KEY `craft_elements_i18n_elementId_locale_unq_idx` (`elementId`,`locale`),
  UNIQUE KEY `craft_elements_i18n_uri_locale_unq_idx` (`uri`,`locale`),
  KEY `craft_elements_i18n_slug_locale_idx` (`slug`,`locale`),
  KEY `craft_elements_i18n_enabled_idx` (`enabled`),
  KEY `craft_elements_i18n_locale_fk` (`locale`)
) ENGINE=InnoDB AUTO_INCREMENT=102 DEFAULT CHARSET=utf8 COLLATE=utf8_unicode_ci;

--
-- Data for table `craft_elements_i18n`
--

INSERT INTO `craft_elements_i18n` (`id`, `elementId`, `locale`, `slug`, `uri`, `enabled`, `dateCreated`, `dateUpdated`, `uid`) VALUES
 ('1', '1', 'en_us', '', NULL, '1', '2016-10-08 17:10:59', '2016-10-08 17:10:59', '7cab6f07-31e5-47fe-890b-1df6ccd1e022'),
 ('2', '2', 'en_us', 'homepage', '__home__', '1', '2016-10-08 17:11:02', '2016-10-09 06:30:57', 'a78d4703-9582-4f67-b689-e60b75cb6f20'),
 ('3', '3', 'en_us', 'we-just-installed-craft', 'news/2016/we-just-installed-craft', '1', '2016-10-08 17:11:02', '2016-10-08 17:11:02', '70393667-1e48-4df0-bcc9-023e617a204f'),
 ('4', '4', 'en_us', 'er-hospital', 'organization/er-hospital', '1', '2016-10-08 18:02:21', '2016-10-11 16:03:54', '0c510249-8f9f-46ef-8186-6c5b37bdd752'),
 ('5', '5', 'en_us', 'rugbyleague', 'organization/rugbyleague', '1', '2016-10-08 18:03:30', '2016-10-09 17:39:24', '9ff5f3e4-8df6-4410-befa-c6ff9757ff8d'),
 ('6', '6', 'en_us', 'plumbers', 'organization/plumbers', '1', '2016-10-08 19:08:50', '2016-10-11 18:14:24', '6d798403-7cda-4b7f-96c4-e701375279dc'),
 ('7', '7', 'en_us', '', NULL, '1', '2016-10-09 00:03:40', '2016-10-11 18:14:24', '6b8ea741-8409-4065-b7a4-84d9cb7f637b'),
 ('10', '10', 'en_us', '', NULL, '1', '2016-10-09 00:18:11', '2016-10-11 18:14:24', '06b3e62a-f1f5-451f-aca8-eb85e4dce68e'),
 ('11', '11', 'en_us', '', NULL, '1', '2016-10-09 03:00:50', '2016-10-11 18:14:24', '5a82b57e-1df9-4452-9524-88a4f4575a99'),
 ('12', '12', 'en_us', '', NULL, '1', '2016-10-09 03:10:16', '2016-10-11 18:14:24', 'f91e9a1c-11ad-4e00-9648-414f808973f9'),
 ('13', '13', 'en_us', '', NULL, '1', '2016-10-09 03:10:16', '2016-10-11 18:14:24', 'bf1458b0-d20c-432b-93b8-ecceae47eff5'),
 ('14', '14', 'en_us', '', NULL, '1', '2016-10-09 03:57:33', '2016-10-11 18:14:24', '0b883d7c-01a0-4d08-82a0-62c45a02a4cf'),
 ('15', '15', 'en_us', '', NULL, '1', '2016-10-09 03:57:33', '2016-10-11 18:14:24', '77e7f4b6-61cf-405f-9839-2ecd0d568e5c'),
 ('16', '16', 'en_us', '', NULL, '1', '2016-10-09 04:59:56', '2016-10-09 17:39:24', '8f730585-8c78-4574-8609-344ac6a65357'),
 ('17', '17', 'en_us', '', NULL, '1', '2016-10-09 04:59:56', '2016-10-09 17:39:24', 'f855b354-9130-498c-b0b5-586626965f0f'),
 ('18', '18', 'en_us', '', NULL, '1', '2016-10-09 04:59:56', '2016-10-09 17:39:24', 'ea888ce1-487b-42d6-b8c3-a8c2b7e1b696'),
 ('19', '19', 'en_us', '', NULL, '1', '2016-10-09 05:02:21', '2016-10-09 17:39:24', '6e4d59df-2ff8-4193-a03e-55d05fc3b4ea'),
 ('20', '20', 'en_us', '', NULL, '1', '2016-10-09 05:02:21', '2016-10-09 17:39:24', '49682201-ebaa-487c-9f67-eb2415780776'),
 ('21', '21', 'en_us', '', NULL, '1', '2016-10-09 05:16:58', '2016-10-11 16:03:54', '7cf9bfd4-90eb-4f0f-ac05-dae0a03b1cd5'),
 ('22', '22', 'en_us', '', NULL, '1', '2016-10-09 05:16:58', '2016-10-11 16:03:54', 'c72eaa8c-69d4-443a-bb1c-a78ec7321207'),
 ('23', '23', 'en_us', '', NULL, '1', '2016-10-09 05:16:58', '2016-10-11 16:03:54', '8151a1f9-3f65-4fb7-83ac-3dfb179f5363'),
 ('24', '24', 'en_us', '', NULL, '1', '2016-10-09 05:16:58', '2016-10-11 16:03:54', '39fe20f2-14f3-455c-98a4-5b34928f637b'),
 ('25', '25', 'en_us', '', NULL, '1', '2016-10-09 05:16:58', '2016-10-11 16:03:54', '69d3d3b5-b7f0-4bdf-b4b9-5f26e86838c3'),
 ('26', '26', 'en_us', '', NULL, '1', '2016-10-09 05:16:58', '2016-10-11 16:03:54', '12d89c24-b6ef-4245-9ecc-2d6b4d5fce46'),
 ('27', '27', 'en_us', 'adult-education', 'categories/adult-education', '1', '2016-10-09 17:08:50', '2016-10-09 18:02:00', 'da38dac6-1520-4689-bda2-246c096255ae'),
 ('28', '28', 'en_us', 'after-school-care', 'categories/after-school-care', '1', '2016-10-09 17:09:02', '2016-10-09 18:02:00', '4bfd06d9-a297-4b31-9d37-f74abf9d5116'),
 ('29', '29', 'en_us', 'alcohol-and-drug-abuse', 'categories/alcohol-and-drug-abuse', '1', '2016-10-09 17:09:13', '2016-10-09 18:02:00', '50da525d-082e-4078-b3ec-b8e41f4ae564'),
 ('30', '30', 'en_us', 'arts-and-entertainment', 'categories/arts-and-entertainment', '1', '2016-10-09 17:09:22', '2016-10-09 18:02:00', 'a1fa56f5-dea8-4e97-8985-d6f839cfc190'),
 ('31', '31', 'en_us', 'caregiver-support', 'categories/caregiver-support', '1', '2016-10-09 17:09:39', '2016-10-09 18:02:00', '89e48aa9-cf22-478c-a17e-f7db04bc4737'),
 ('32', '32', 'en_us', 'childcare', 'categories/childcare', '1', '2016-10-09 17:09:48', '2016-10-09 18:02:00', 'f7fc0fda-5718-4e55-a292-3c94f23bb95e'),
 ('33', '33', 'en_us', 'children-services', 'categories/children-services', '1', '2016-10-09 17:09:57', '2016-10-09 18:02:00', 'af76c322-6618-4e62-9041-c048d4cee5a8'),
 ('34', '34', 'en_us', 'clergy', 'categories/clergy', '1', '2016-10-09 17:10:03', '2016-10-09 18:02:00', '4f14e0e5-ee14-4f08-ba16-0d65047aeeac'),
 ('35', '35', 'en_us', 'counseling', 'categories/counseling', '1', '2016-10-09 17:10:30', '2016-10-09 18:02:00', '1bb7de8e-e580-4b20-a270-66f3e01e5fd3'),
 ('36', '36', 'en_us', 'dental', 'categories/dental', '1', '2016-10-09 17:10:39', '2016-10-09 18:02:00', '62b08e31-f001-429d-9326-2fc201a7aea3'),
 ('37', '37', 'en_us', 'emergency-services', 'categories/emergency-services', '1', '2016-10-09 17:10:48', '2016-10-09 18:02:00', '2100d8c0-bfba-4425-995d-0580fe561aa4'),
 ('38', '38', 'en_us', 'employment', 'categories/employment', '1', '2016-10-09 17:10:55', '2016-10-09 18:02:00', '327323f6-0e37-4fbe-a65e-c65a3a72ba79'),
 ('39', '39', 'en_us', 'family-resources', 'categories/family-resources', '1', '2016-10-09 17:11:04', '2016-10-09 18:02:00', '0a11b62e-55ec-474a-a9d5-590ff985743e'),
 ('40', '40', 'en_us', 'financial-services', 'categories/financial-services', '1', '2016-10-09 17:11:19', '2016-10-09 18:02:00', '14a2586b-64e9-4785-aea4-96e20aef8eec'),
 ('41', '41', 'en_us', 'goverment', 'categories/goverment', '1', '2016-10-09 17:11:36', '2016-10-09 18:02:00', 'd5290334-dee3-4d92-9aec-7f9cd2e9371f'),
 ('42', '42', 'en_us', 'health-services', 'categories/health-services', '1', '2016-10-09 17:11:54', '2016-10-09 18:02:00', '8062a875-cd86-477c-8d95-ad6f49532201'),
 ('43', '43', 'en_us', 'health-and-wellness', 'categories/health-and-wellness', '1', '2016-10-09 17:12:12', '2016-10-09 18:02:00', '625fca0f-85a4-4e96-9621-0c5c19ce6b2f'),
 ('44', '44', 'en_us', 'home-care', 'categories/home-care', '1', '2016-10-09 17:12:22', '2016-10-09 18:02:01', 'db91dd45-1fb1-48cc-a43b-3fb803025828'),
 ('45', '45', 'en_us', 'hospital', 'categories/hospital', '1', '2016-10-09 17:15:18', '2016-10-10 04:02:30', '0a972195-51e0-4d15-8558-0fe5a7e2f78f'),
 ('46', '46', 'en_us', 'housing', 'categories/housing', '1', '2016-10-09 17:15:25', '2016-10-09 18:02:01', '936b7e5a-4fc0-42c1-95f0-502e9335471e'),
 ('47', '47', 'en_us', 'medical', 'categories/medical', '1', '2016-10-09 17:15:32', '2016-10-09 18:02:01', 'db73efa4-5bb6-4aec-a06d-a70e48c25664'),
 ('48', '48', 'en_us', 'national-hotlines', 'categories/national-hotlines', '1', '2016-10-09 17:15:48', '2016-10-09 18:02:01', '22d3c021-6006-43a9-b91e-9000e8758c0c'),
 ('49', '49', 'en_us', 'parent-education', 'categories/parent-education', '1', '2016-10-09 17:16:46', '2016-10-09 18:02:01', '3b2fcc9a-0094-422e-9c98-84e9e25582c3'),
 ('50', '50', 'en_us', 'recreation', 'categories/recreation', '1', '2016-10-09 17:16:53', '2016-10-09 18:02:01', '5e1eaf82-61c1-4dab-a5a8-e05247b76e54'),
 ('51', '51', 'en_us', 'schools-and-libraries', 'categories/schools-and-libraries', '1', '2016-10-09 17:17:15', '2016-10-09 18:02:01', 'dad6cd10-cb2c-4ea3-857f-90fb7a14f329'),
 ('52', '52', 'en_us', 'senior-health', 'categories/senior-health', '1', '2016-10-09 17:17:25', '2016-10-09 18:02:01', '601c0d44-61d8-4a38-abad-38e56b7a6dcb'),
 ('53', '53', 'en_us', 'senior-living', 'categories/senior-living', '1', '2016-10-09 17:17:34', '2016-10-09 18:02:01', 'f34de5f5-d23a-4437-8ce5-167c47618d7e'),
 ('54', '54', 'en_us', 'service-learning', 'categories/service-learning', '1', '2016-10-09 17:17:44', '2016-10-09 18:02:01', '58a0793d-2f8a-4204-92ac-0a8d11921f27'),
 ('55', '55', 'en_us', 'special-needs', 'categories/special-needs', '1', '2016-10-09 17:18:02', '2016-10-09 18:02:01', 'bc6e0f74-07e7-4980-95b9-f421065b80a2'),
 ('56', '56', 'en_us', 'transportation', 'categories/transportation', '1', '2016-10-09 17:18:11', '2016-10-09 18:02:01', 'e6a88474-a714-4ce4-806e-8f76de7ba3bc'),
 ('57', '57', 'en_us', 'volunteer-opportunities', 'categories/volunteer-opportunities', '1', '2016-10-09 17:18:26', '2016-10-09 18:02:01', 'bdea2bf4-1b45-47bd-b6eb-172c95899d71'),
 ('58', '58', 'en_us', 'volunteer-services', 'categories/volunteer-services', '1', '2016-10-09 17:19:23', '2016-10-09 18:02:01', '7a2c7544-c15e-4687-99f4-342d2f185fc3'),
 ('59', '59', 'en_us', 'other', 'categories/other', '1', '2016-10-09 17:19:31', '2016-10-09 18:02:01', '9735b22b-d0bd-498c-8a88-87d1febc0d75'),
 ('60', '60', 'en_us', 'urgent-care', 'organization/urgent-care', '1', '2016-10-10 05:44:42', '2016-10-11 16:04:27', '0f80734a-0f62-4272-a386-56182864d07f'),
 ('61', '61', 'en_us', '', NULL, '1', '2016-10-10 05:44:42', '2016-10-11 16:04:27', '0f6c4a7b-cdad-4c10-b950-75ca14c46d49'),
 ('62', '62', 'en_us', '', NULL, '1', '2016-10-10 05:44:42', '2016-10-11 16:04:27', '0f7294bf-2653-4c53-9e0a-4ba05a97d464'),
 ('63', '63', 'en_us', '', NULL, '1', '2016-10-10 05:44:42', '2016-10-11 16:04:27', '3146ebd6-2ed0-409c-8a0d-53ce48b389ae'),
 ('64', '64', 'en_us', '', NULL, '1', '2016-10-10 05:44:42', '2016-10-11 16:04:27', '24573533-bbaa-4aab-b1d9-bfd11efb469f'),
 ('65', '65', 'en_us', 'providence', 'organization/providence', '1', '2016-10-11 15:48:45', '2016-10-11 16:04:13', '7f46c2c1-39a7-49cd-a970-5720ecb4f661'),
 ('66', '66', 'en_us', '', NULL, '1', '2016-10-11 15:48:45', '2016-10-11 16:04:13', 'b0c3b3bb-24bd-4b94-aa84-8c5b7edd84f4'),
 ('67', '67', 'en_us', '', NULL, '1', '2016-10-11 15:48:45', '2016-10-11 16:04:13', '518f0d00-352e-4128-88bb-d2320db75b0d'),
 ('68', '68', 'en_us', '', NULL, '1', '2016-10-11 15:48:45', '2016-10-11 16:04:13', '6991d5d2-a6f1-41a1-902a-502fa88db67d'),
 ('69', '69', 'en_us', 'twin-lake-hospice', 'organization/twin-lake-hospice', '1', '2016-10-11 15:50:05', '2016-10-11 16:04:35', '24f11a66-c142-48fe-b1ba-125e32464b62'),
 ('70', '70', 'en_us', '', NULL, '1', '2016-10-11 15:50:05', '2016-10-11 16:04:35', 'ce19ac71-0521-4fc8-8132-32992aff967f'),
 ('71', '71', 'en_us', '', NULL, '1', '2016-10-11 15:50:05', '2016-10-11 16:04:35', '380a0c10-ec8c-408b-b213-bbaac861918c'),
 ('72', '72', 'en_us', '', NULL, '1', '2016-10-11 15:50:05', '2016-10-11 16:04:35', 'c2c79452-26b9-499e-9579-17a717325ea5'),
 ('73', '73', 'en_us', 'asap-hospital', 'organization/asap-hospital', '1', '2016-10-11 16:00:28', '2016-10-11 17:56:52', 'd47ff50b-65d9-4297-81b3-d664e714a0f9'),
 ('74', '74', 'en_us', '', NULL, '1', '2016-10-11 16:00:28', '2016-10-11 17:56:52', '7ac35168-ca4e-4dfd-901e-754fd5dd75a7'),
 ('76', '76', 'en_us', '', NULL, '1', '2016-10-11 16:00:28', '2016-10-11 17:56:52', '6f1fc745-e2c4-45cb-beda-939e6b1d15a7'),
 ('77', '77', 'en_us', '', NULL, '1', '2016-10-11 16:00:28', '2016-10-11 17:56:52', 'f9a7b7b4-6321-486d-ad44-51c9418839be'),
 ('78', '78', 'en_us', '', NULL, '1', '2016-10-11 16:00:28', '2016-10-11 17:56:52', 'c1b43d34-c9fa-4d39-8360-df819044fe15'),
 ('79', '79', 'en_us', 'asuris-health', 'organization/asuris-health', '1', '2016-10-11 16:01:15', '2016-10-11 16:01:15', '0a17a2d4-5d20-4879-8db4-52cc08ce0c5a'),
 ('80', '80', 'en_us', '', NULL, '1', '2016-10-11 16:01:15', '2016-10-11 16:01:15', 'aa943cc7-2cb2-479d-bfe9-252da3f117e8'),
 ('81', '81', 'en_us', '', NULL, '1', '2016-10-11 16:01:15', '2016-10-11 16:01:15', 'a2a33407-49a3-483e-9ef7-6abcfabb110e'),
 ('82', '82', 'en_us', 'regent-care-emergency', 'organization/regent-care-emergency', '1', '2016-10-11 16:03:23', '2016-10-11 17:56:19', '94e4b8c2-0b32-4fe5-8a79-fce885466183'),
 ('83', '83', 'en_us', '', NULL, '1', '2016-10-11 16:03:23', '2016-10-11 17:56:19', 'a427e24b-65c2-499e-94e4-c4369506a56b'),
 ('84', '84', 'en_us', '', NULL, '1', '2016-10-11 16:03:23', '2016-10-11 17:56:19', 'cd04de32-c38a-4c46-a6ae-8e52183569e8'),
 ('85', '85', 'en_us', '', NULL, '1', '2016-10-11 16:03:23', '2016-10-11 17:56:19', '005fd7b0-4357-4206-ac03-ee864ef5ade9'),
 ('86', '86', 'en_us', '', NULL, '1', '2016-10-11 16:03:23', '2016-10-11 17:56:19', '1c0c41a4-e90d-41ff-a2e5-e9433f4c8df0'),
 ('87', '87', 'en_us', '', NULL, '1', '2016-10-11 16:03:23', '2016-10-11 17:56:19', 'a22659e7-5cdb-45e9-b62f-3947e05cc933'),
 ('88', '88', 'en_us', '', NULL, '1', '2016-10-11 16:03:23', '2016-10-11 17:56:19', '7b326c1c-5c1b-4f69-afe8-81651ce62b68'),
 ('89', '89', 'en_us', '', NULL, '1', '2016-10-11 17:56:19', '2016-10-11 17:56:19', '8baaeaba-b9c9-42bd-9285-c85c9b8f5d2a'),
 ('90', '90', 'en_us', '', NULL, '1', '2016-10-11 17:56:19', '2016-10-11 17:56:19', '6232ab55-f1c2-4f1b-a21e-8b70d2c1ed7c'),
 ('91', '91', 'en_us', '', NULL, '1', '2016-10-11 17:56:19', '2016-10-11 17:56:19', '30d869ac-196f-4311-8c1d-fda4042d2086'),
 ('92', '92', 'en_us', '', NULL, '1', '2016-10-11 17:56:19', '2016-10-11 17:56:19', 'e601e07e-21ce-4d6e-a069-c32fad561664'),
 ('93', '93', 'en_us', '', NULL, '1', '2016-10-11 17:56:52', '2016-10-11 17:56:52', 'd1041e8c-c31e-4d30-9d55-9acecc622c80'),
 ('94', '94', 'en_us', 'construction', 'categories/construction', '1', '2016-10-11 18:07:03', '2016-10-11 18:07:04', '24231502-08d3-4bea-9fcf-89b2ba4f6f0a'),
 ('95', '95', 'en_us', 'discount-water-heater', 'organization/discount-water-heater', '1', '2016-10-11 18:13:05', '2016-10-11 18:13:05', 'b4bd232d-2631-4dd3-8d14-86da3d33381b'),
 ('96', '96', 'en_us', '', NULL, '1', '2016-10-11 18:13:05', '2016-10-11 18:13:05', '48345bfa-9ed5-4f0a-a142-de7e449d2dba'),
 ('97', '97', 'en_us', '', NULL, '1', '2016-10-11 18:13:05', '2016-10-11 18:13:05', 'f91aa835-5872-4487-a771-283ce153b1c3'),
 ('98', '98', 'en_us', '', NULL, '1', '2016-10-11 18:13:05', '2016-10-11 18:13:05', '195d5806-8d16-4917-b805-b0ec98ecb3cd'),
 ('99', '99', 'en_us', '', NULL, '1', '2016-10-11 18:13:05', '2016-10-11 18:13:05', 'bb98b13f-0e05-429f-9893-112c2d5bbc79'),
 ('100', '100', 'en_us', '', NULL, '1', '2016-10-11 18:13:05', '2016-10-11 18:13:05', 'd1efda73-8b75-41a8-9c94-f323650d3b41'),
 ('101', '101', 'en_us', '', NULL, '1', '2016-10-11 18:13:05', '2016-10-11 18:13:05', 'b12c28aa-6fa0-4b2c-aec6-0fc9452e5ad6');



DROP TABLE IF EXISTS `craft_emailmessages`;


--
-- Schema for table `craft_emailmessages`
--
CREATE TABLE `craft_emailmessages` (
  `id` int(11) NOT NULL AUTO_INCREMENT,
  `key` char(150) COLLATE utf8_unicode_ci NOT NULL,
  `locale` char(12) COLLATE utf8_unicode_ci NOT NULL,
  `subject` varchar(1000) COLLATE utf8_unicode_ci NOT NULL,
  `body` text COLLATE utf8_unicode_ci NOT NULL,
  `dateCreated` datetime NOT NULL,
  `dateUpdated` datetime NOT NULL,
  `uid` char(36) COLLATE utf8_unicode_ci NOT NULL DEFAULT '0',
  PRIMARY KEY (`id`),
  UNIQUE KEY `craft_emailmessages_key_locale_unq_idx` (`key`,`locale`),
  KEY `craft_emailmessages_locale_fk` (`locale`)
) ENGINE=InnoDB DEFAULT CHARSET=utf8 COLLATE=utf8_unicode_ci;

DROP TABLE IF EXISTS `craft_entries`;


--
-- Schema for table `craft_entries`
--
CREATE TABLE `craft_entries` (
  `id` int(11) NOT NULL,
  `sectionId` int(11) NOT NULL,
  `typeId` int(11) DEFAULT NULL,
  `authorId` int(11) DEFAULT NULL,
  `postDate` datetime DEFAULT NULL,
  `expiryDate` datetime DEFAULT NULL,
  `dateCreated` datetime NOT NULL,
  `dateUpdated` datetime NOT NULL,
  `uid` char(36) COLLATE utf8_unicode_ci NOT NULL DEFAULT '0',
  PRIMARY KEY (`id`),
  KEY `craft_entries_sectionId_idx` (`sectionId`),
  KEY `craft_entries_typeId_idx` (`typeId`),
  KEY `craft_entries_postDate_idx` (`postDate`),
  KEY `craft_entries_expiryDate_idx` (`expiryDate`),
  KEY `craft_entries_authorId_fk` (`authorId`)
) ENGINE=InnoDB DEFAULT CHARSET=utf8 COLLATE=utf8_unicode_ci;

--
-- Data for table `craft_entries`
--

INSERT INTO `craft_entries` (`id`, `sectionId`, `typeId`, `authorId`, `postDate`, `expiryDate`, `dateCreated`, `dateUpdated`, `uid`) VALUES
 ('2', '1', NULL, NULL, '2016-10-08 17:11:02', NULL, '2016-10-08 17:11:02', '2016-10-09 06:30:57', 'd19e61ed-b3dc-4eb4-a29a-8dae001ddef5'),
 ('3', '2', '2', '1', '2016-10-08 17:11:02', NULL, '2016-10-08 17:11:02', '2016-10-08 17:11:02', '78db7988-06da-4247-a827-7df1d1fff3f5'),
 ('4', '3', '3', '1', '2016-10-08 18:02:00', NULL, '2016-10-08 18:02:21', '2016-10-11 16:03:54', '9484dcdc-00c7-47ac-9396-88e8b7061861'),
 ('5', '3', '3', '1', '2016-10-08 18:03:00', NULL, '2016-10-08 18:03:30', '2016-10-09 17:39:24', 'ef739eeb-da9b-4ea2-8173-f62c70fe2c7c'),
 ('6', '3', '3', '1', '2016-10-08 19:08:00', NULL, '2016-10-08 19:08:50', '2016-10-11 18:14:24', 'fa4723e7-f64b-4aa8-add5-932186260b4f'),
 ('60', '3', '3', '1', '2016-10-10 05:44:00', NULL, '2016-10-10 05:44:42', '2016-10-11 16:04:27', '5c1ed75e-a4ea-4660-aada-33fc6c861a37'),
 ('65', '3', '3', '1', '2016-10-11 15:48:00', NULL, '2016-10-11 15:48:45', '2016-10-11 16:04:13', 'e03fbe56-b145-49c8-9049-b57404c3d673'),
 ('69', '3', '3', '1', '2016-10-11 15:50:00', NULL, '2016-10-11 15:50:05', '2016-10-11 16:04:35', '8750f473-40c9-404d-bc5e-7e02393a48d1'),
 ('73', '3', '3', '1', '2016-10-11 16:00:00', NULL, '2016-10-11 16:00:28', '2016-10-11 17:56:52', '0804da1b-879b-459e-9d28-483d6cd4afa3'),
 ('79', '3', '3', '1', '2016-10-11 16:01:15', NULL, '2016-10-11 16:01:15', '2016-10-11 16:01:15', '3a36f5d3-af0c-4eee-8854-a2d94831d7d5'),
 ('82', '3', '3', '1', '2016-10-11 16:03:00', NULL, '2016-10-11 16:03:23', '2016-10-11 17:56:19', '20330064-37a5-47dc-87bf-82020287eaaf'),
 ('95', '3', '3', '1', '2016-10-11 18:13:05', NULL, '2016-10-11 18:13:05', '2016-10-11 18:13:05', '58d5f42d-7b96-4917-9436-70d678cbb700');



DROP TABLE IF EXISTS `craft_entrydrafts`;


--
-- Schema for table `craft_entrydrafts`
--
CREATE TABLE `craft_entrydrafts` (
  `id` int(11) NOT NULL AUTO_INCREMENT,
  `entryId` int(11) NOT NULL,
  `sectionId` int(11) NOT NULL,
  `creatorId` int(11) NOT NULL,
  `locale` char(12) COLLATE utf8_unicode_ci NOT NULL,
  `name` varchar(255) COLLATE utf8_unicode_ci NOT NULL,
  `notes` tinytext COLLATE utf8_unicode_ci,
  `data` mediumtext COLLATE utf8_unicode_ci NOT NULL,
  `dateCreated` datetime NOT NULL,
  `dateUpdated` datetime NOT NULL,
  `uid` char(36) COLLATE utf8_unicode_ci NOT NULL DEFAULT '0',
  PRIMARY KEY (`id`),
  KEY `craft_entrydrafts_entryId_locale_idx` (`entryId`,`locale`),
  KEY `craft_entrydrafts_sectionId_fk` (`sectionId`),
  KEY `craft_entrydrafts_creatorId_fk` (`creatorId`),
  KEY `craft_entrydrafts_locale_fk` (`locale`)
) ENGINE=InnoDB DEFAULT CHARSET=utf8 COLLATE=utf8_unicode_ci;

DROP TABLE IF EXISTS `craft_entrytypes`;


--
-- Schema for table `craft_entrytypes`
--
CREATE TABLE `craft_entrytypes` (
  `id` int(11) NOT NULL AUTO_INCREMENT,
  `sectionId` int(11) NOT NULL,
  `fieldLayoutId` int(11) DEFAULT NULL,
  `name` varchar(255) COLLATE utf8_unicode_ci NOT NULL,
  `handle` varchar(255) COLLATE utf8_unicode_ci NOT NULL,
  `hasTitleField` tinyint(1) unsigned NOT NULL DEFAULT '1',
  `titleLabel` varchar(255) COLLATE utf8_unicode_ci DEFAULT 'Title',
  `titleFormat` varchar(255) COLLATE utf8_unicode_ci DEFAULT NULL,
  `sortOrder` smallint(6) unsigned DEFAULT NULL,
  `dateCreated` datetime NOT NULL,
  `dateUpdated` datetime NOT NULL,
  `uid` char(36) COLLATE utf8_unicode_ci NOT NULL DEFAULT '0',
  PRIMARY KEY (`id`),
  UNIQUE KEY `craft_entrytypes_name_sectionId_unq_idx` (`name`,`sectionId`),
  UNIQUE KEY `craft_entrytypes_handle_sectionId_unq_idx` (`handle`,`sectionId`),
  KEY `craft_entrytypes_sectionId_fk` (`sectionId`),
  KEY `craft_entrytypes_fieldLayoutId_fk` (`fieldLayoutId`)
) ENGINE=InnoDB AUTO_INCREMENT=4 DEFAULT CHARSET=utf8 COLLATE=utf8_unicode_ci;

--
-- Data for table `craft_entrytypes`
--

INSERT INTO `craft_entrytypes` (`id`, `sectionId`, `fieldLayoutId`, `name`, `handle`, `hasTitleField`, `titleLabel`, `titleFormat`, `sortOrder`, `dateCreated`, `dateUpdated`, `uid`) VALUES
 ('1', '1', '56', 'Homepage', 'homepage', '1', 'Title', NULL, '1', '2016-10-08 17:11:02', '2016-10-09 06:40:47', '484bf80b-ce2b-4c9b-bae5-1fc13d9f36c6'),
 ('2', '2', '5', 'News', 'news', '1', 'Title', NULL, '1', '2016-10-08 17:11:02', '2016-10-08 17:11:02', '2ee668af-1452-4db5-8841-a0c371ad4af0'),
 ('3', '3', '73', 'Organizations', 'organizations', '1', 'Name', NULL, '1', '2016-10-08 17:42:36', '2016-10-09 17:36:15', 'a159fe45-f7c1-4e6c-a8fe-460a3e0e3f5f');



DROP TABLE IF EXISTS `craft_entryversions`;


--
-- Schema for table `craft_entryversions`
--
CREATE TABLE `craft_entryversions` (
  `id` int(11) NOT NULL AUTO_INCREMENT,
  `entryId` int(11) NOT NULL,
  `sectionId` int(11) NOT NULL,
  `creatorId` int(11) DEFAULT NULL,
  `locale` char(12) COLLATE utf8_unicode_ci NOT NULL,
  `num` smallint(6) unsigned NOT NULL,
  `notes` tinytext COLLATE utf8_unicode_ci,
  `data` mediumtext COLLATE utf8_unicode_ci NOT NULL,
  `dateCreated` datetime NOT NULL,
  `dateUpdated` datetime NOT NULL,
  `uid` char(36) COLLATE utf8_unicode_ci NOT NULL DEFAULT '0',
  PRIMARY KEY (`id`),
  KEY `craft_entryversions_entryId_locale_idx` (`entryId`,`locale`),
  KEY `craft_entryversions_sectionId_fk` (`sectionId`),
  KEY `craft_entryversions_creatorId_fk` (`creatorId`),
  KEY `craft_entryversions_locale_fk` (`locale`)
) ENGINE=InnoDB AUTO_INCREMENT=48 DEFAULT CHARSET=utf8 COLLATE=utf8_unicode_ci;

--
-- Data for table `craft_entryversions`
--

INSERT INTO `craft_entryversions` (`id`, `entryId`, `sectionId`, `creatorId`, `locale`, `num`, `notes`, `data`, `dateCreated`, `dateUpdated`, `uid`) VALUES
 ('1', '2', '1', '1', 'en_us', '1', NULL, '{\"typeId\":\"1\",\"authorId\":null,\"title\":\"Homepage\",\"slug\":\"homepage\",\"postDate\":1475946662,\"expiryDate\":null,\"enabled\":1,\"parentId\":null,\"fields\":[]}', '2016-10-08 17:11:02', '2016-10-08 17:11:02', '76585a41-3465-44da-8294-4a6d5d3c1629'),
 ('2', '2', '1', '1', 'en_us', '2', NULL, '{\"typeId\":null,\"authorId\":null,\"title\":\"Welcome to Localhost!\",\"slug\":\"homepage\",\"postDate\":1475946662,\"expiryDate\":null,\"enabled\":\"1\",\"parentId\":null,\"fields\":{\"1\":\"<p>It\\u2019s true, this site doesn\\u2019t have a whole lot of content yet, but don\\u2019t worry. Our web developers have just installed the CMS, and they\\u2019re setting things up for the content editors this very moment. Soon Localhost will be an oasis of fresh perspectives, sharp analyses, and astute opinions that will keep you coming back again and again.<\\/p>\"}}', '2016-10-08 17:11:02', '2016-10-08 17:11:02', '68253b2b-8579-4eb1-9524-cc659b2afea2'),
 ('3', '3', '2', '1', 'en_us', '1', NULL, '{\"typeId\":\"2\",\"authorId\":\"1\",\"title\":\"We just installed Craft!\",\"slug\":\"we-just-installed-craft\",\"postDate\":1475946662,\"expiryDate\":null,\"enabled\":1,\"parentId\":null,\"fields\":[]}', '2016-10-08 17:11:02', '2016-10-08 17:11:02', 'f68f5f9e-f071-4312-bec2-e664b2da5902'),
 ('4', '4', '3', '1', 'en_us', '1', '', '{\"typeId\":null,\"authorId\":\"1\",\"title\":\"ER Hospital \",\"slug\":\"er-hospital\",\"postDate\":1475949741,\"expiryDate\":null,\"enabled\":1,\"parentId\":null,\"fields\":{\"4\":\"<p>Lorem ipsum dolor sit amet, consectetur adipiscing elit. Curabitur aliquet quam id dui posuere blandit. Sed porttitor lectus nibh. Vivamus magna justo, lacinia eget consectetur sed, convallis at tellus. Curabitur arcu erat, accumsan id imperdiet et, porttitor at sem. Proin eget tortor risus. Curabitur non nulla sit amet nisl tempus convallis quis ac lectus. Proin eget tortor risus. Vestibulum ante ipsum primis in faucibus orci luctus et ultrices posuere cubilia Curae; Donec velit neque, auctor sit amet aliquam vel, ullamcorper sit amet ligula. Quisque velit nisi, pretium ut lacinia in, elementum id enim.<\\/p>\",\"9\":\"email@email.com\",\"5\":\"3422, west leafy lane, Spokane, WA, USA\",\"3\":\"ER Hospital Corrp\",\"6\":\"343,343,3435\",\"7\":\"<p>Lorem ipsum dolor sit amet, consectetur adipiscing elit. Curabitur aliquet quam id dui posuere blandit. Sed porttitor lectus nibh. Vivamus magna justo, lacinia eget consectetur sed, convallis at tellus. Curabitur arcu erat, accumsan id imperdiet et, porttitor at sem. Proin eget tortor risus. Curabitur non nulla sit amet nisl tempus convallis quis ac lectus. Proin eget tortor risus. Vestibulum ante ipsum primis in faucibus orci luctus et ultrices posuere cubilia Curae; Donec velit neque, auctor sit amet aliquam vel, ullamcorper sit amet ligula. Quisque velit nisi, pretium ut lacinia in, elementum id enim.<\\/p>\",\"8\":\"www.address.com\"}}', '2016-10-08 18:02:21', '2016-10-08 18:02:21', '892d4720-b71f-4e74-a219-862b1714a82b'),
 ('5', '5', '3', '1', 'en_us', '1', '', '{\"typeId\":null,\"authorId\":\"1\",\"title\":\"RugbyLeague\",\"slug\":\"rugbyleague\",\"postDate\":1475949810,\"expiryDate\":null,\"enabled\":1,\"parentId\":null,\"fields\":{\"4\":\"<p>Lorem ipsum dolor sit amet, consectetur adipiscing elit. Curabitur aliquet quam id dui posuere blandit. Sed porttitor lectus nibh. Vivamus magna justo, lacinia eget consectetur sed, convallis at tellus. Curabitur arcu erat, accumsan id imperdiet et, porttitor at sem. Proin eget tortor risus. Curabitur non nulla sit amet nisl tempus convallis quis ac lectus. Proin eget tortor risus. Vestibulum ante ipsum primis in faucibus orci luctus et ultrices posuere cubilia Curae; Donec velit neque, auctor sit amet aliquam vel, ullamcorper sit amet ligula. Quisque velit nisi, pretium ut lacinia in, elementum id enim.<\\/p>\",\"9\":\"email@email.com\",\"5\":\"34, Rusty Rivet, Spokane, WA, USA\",\"3\":\"Rugby Union Spokane\",\"6\":\"342.343.6563\",\"7\":\"<p>Lorem ipsum dolor sit amet, consectetur adipiscing elit. Curabitur aliquet quam id dui posuere blandit. Sed porttitor lectus nibh. Vivamus magna justo, lacinia eget consectetur sed, convallis at tellus. Curabitur arcu erat, accumsan id imperdiet et, porttitor at sem. Proin eget tortor risus. Curabitur non nulla sit amet nisl tempus convallis quis ac lectus. Proin eget tortor risus. Vestibulum ante ipsum primis in faucibus orci luctus et ultrices posuere cubilia Curae; Donec velit neque, auctor sit amet aliquam vel, ullamcorper sit amet ligula. Quisque velit nisi, pretium ut lacinia in, elementum id enim.<\\/p>\",\"8\":\"www.website.com\"}}', '2016-10-08 18:03:30', '2016-10-08 18:03:30', 'cc1badc7-4043-4344-99c6-1d328bb86db0'),
 ('6', '6', '3', '1', 'en_us', '1', '', '{\"typeId\":null,\"authorId\":\"1\",\"title\":\"Plumbers\",\"slug\":\"plumbers\",\"postDate\":1475953730,\"expiryDate\":null,\"enabled\":1,\"parentId\":null,\"fields\":{\"4\":\"<p>Nulla quis lorem ut libero malesuada feugiat. Vivamus suscipit tortor eget felis porttitor volutpat. Quisque velit nisi, pretium ut lacinia in, elementum id enim. Proin eget tortor risus. Donec sollicitudin molestie malesuada. Vivamus suscipit tortor eget felis porttitor volutpat. Donec sollicitudin molestie malesuada. Curabitur non nulla sit amet nisl tempus convallis quis ac lectus. Curabitur non nulla sit amet nisl tempus convallis quis ac lectus. Donec sollicitudin molestie malesuada.<\\/p>\",\"9\":\"\",\"5\":\"42 wallaby lane, sydney\",\"3\":\"PlumbersMan\",\"6\":\"3454642\",\"7\":\"<p>Nulla quis lorem ut libero malesuada feugiat. Vivamus suscipit tortor eget felis porttitor volutpat. Quisque velit nisi, pretium ut lacinia in, elementum id enim. Proin eget tortor risus. Donec sollicitudin molestie malesuada. Vivamus suscipit tortor eget felis porttitor volutpat. Donec sollicitudin molestie malesuada. Curabitur non nulla sit amet nisl tempus convallis quis ac lectus. Curabitur non nulla sit amet nisl tempus convallis quis ac lectus. Donec sollicitudin molestie malesuada.<\\/p>\",\"8\":\"\"}}', '2016-10-08 19:08:50', '2016-10-08 19:08:50', '11ec0e60-7719-4ab1-811f-bcf0f495651d'),
 ('7', '6', '3', '1', 'en_us', '2', '', '{\"typeId\":\"3\",\"authorId\":\"1\",\"title\":\"Plumbers\",\"slug\":\"plumbers\",\"postDate\":1475953680,\"expiryDate\":null,\"enabled\":1,\"parentId\":null,\"fields\":{\"4\":\"<p>Donec sollicitudin molestie malesuada. Vivamus suscipit tortor eget felis porttitor volutpat. Nulla porttitor accumsan tincidunt. Sed porttitor lectus nibh. Mauris blandit aliquet elit, eget tincidunt nibh pulvinar a. Curabitur non nulla sit amet nisl tempus convallis quis ac lectus. Vivamus suscipit tortor eget felis porttitor volutpat. Curabitur arcu erat, accumsan id imperdiet et, porttitor at sem. Pellentesque in ipsum id orci porta dapibus. Lorem ipsum dolor sit amet, consectetur adipiscing elit.<\\/p><p>Donec sollicitudin molestie malesuada. Vivamus suscipit tortor eget felis porttitor volutpat. Nulla porttitor accumsan tincidunt. Sed porttitor lectus nibh. Mauris blandit aliquet elit, eget tincidunt nibh pulvinar a. Curabitur non nulla sit amet nisl tempus convallis quis ac lectus. Vivamus suscipit tortor eget felis porttitor volutpat. Curabitur arcu erat, accumsan id imperdiet et, porttitor at sem. Pellentesque in ipsum id orci porta dapibus. Lorem ipsum dolor sit amet, consectetur adipiscing elit.<br><\\/p><p>Donec sollicitudin molestie malesuada. Vivamus suscipit tortor eget felis porttitor volutpat. Nulla porttitor accumsan tincidunt. Sed porttitor lectus nibh. Mauris blandit aliquet elit, eget tincidunt nibh pulvinar a. Curabitur non nulla sit amet nisl tempus convallis quis ac lectus. Vivamus suscipit tortor eget felis porttitor volutpat. Curabitur arcu erat, accumsan id imperdiet et, porttitor at sem. Pellentesque in ipsum id orci porta dapibus. Lorem ipsum dolor sit amet, consectetur adipiscing elit.<br><\\/p>\",\"5\":\"42 wallaby lane, sydney\",\"9\":\"\",\"3\":\"PlumbersMan\",\"6\":\"3454642\",\"7\":\"<p>Nulla quis lorem ut libero malesuada feugiat. Vivamus suscipit tortor eget felis porttitor volutpat. Quisque velit nisi, pretium ut lacinia in, elementum id enim. Proin eget tortor risus. Donec sollicitudin molestie malesuada. Vivamus suscipit tortor eget felis porttitor volutpat. Donec sollicitudin molestie malesuada. Curabitur non nulla sit amet nisl tempus convallis quis ac lectus. Curabitur non nulla sit amet nisl tempus convallis quis ac lectus. Donec sollicitudin molestie malesuada.<\\/p>\",\"10\":\"<p>Nulla quis lorem ut libero malesuada feugiat. Vivamus suscipit tortor eget felis porttitor volutpat. Quisque velit nisi, pretium ut lacinia in, elementum id enim. Proin eget tortor risus. Donec sollicitudin molestie malesuada. Vivamus suscipit tortor eget felis porttitor volutpat. Donec sollicitudin molestie malesuada. Curabitur non nulla sit amet nisl tempus convallis quis ac lectus. Curabitur non nulla sit amet nisl tempus convallis quis ac lectus. Donec sollicitudin molestie malesuada.<\\/p>\",\"8\":\"\"}}', '2016-10-08 21:15:48', '2016-10-08 21:15:48', 'cbb76314-1bd1-439d-85b1-06d89ac2f69c'),
 ('8', '5', '3', '1', 'en_us', '2', '', '{\"typeId\":\"3\",\"authorId\":\"1\",\"title\":\"RugbyLeague\",\"slug\":\"rugbyleague\",\"postDate\":1475949780,\"expiryDate\":null,\"enabled\":1,\"parentId\":null,\"fields\":{\"4\":\"<p>Lorem ipsum dolor sit amet, consectetur adipiscing elit. Curabitur aliquet quam id dui posuere blandit. Sed porttitor lectus nibh. Vivamus magna justo, lacinia eget consectetur sed, convallis at tellus. Curabitur arcu erat, accumsan id imperdiet et, porttitor at sem. Proin eget tortor risus. Curabitur non nulla sit amet nisl tempus convallis quis ac lectus. Proin eget tortor risus. Vestibulum ante ipsum primis in faucibus orci luctus et ultrices posuere cubilia Curae; Donec velit neque, auctor sit amet aliquam vel, ullamcorper sit amet ligula. Quisque velit nisi, pretium ut lacinia in, elementum id enim.<\\/p><p>Donec sollicitudin molestie malesuada. Vivamus suscipit tortor eget felis porttitor volutpat. Nulla porttitor accumsan tincidunt. Sed porttitor lectus nibh. Mauris blandit aliquet elit, eget tincidunt nibh pulvinar a. Curabitur non nulla sit amet nisl tempus convallis quis ac lectus. Vivamus suscipit tortor eget felis porttitor volutpat. Curabitur arcu erat, accumsan id imperdiet et, porttitor at sem. Pellentesque in ipsum id orci porta dapibus. Lorem ipsum dolor sit amet, consectetur adipiscing elit.<br><\\/p><p>Donec sollicitudin molestie malesuada. Vivamus suscipit tortor eget felis porttitor volutpat. Nulla porttitor accumsan tincidunt. Sed porttitor lectus nibh. Mauris blandit aliquet elit, eget tincidunt nibh pulvinar a. Curabitur non nulla sit amet nisl tempus convallis quis ac lectus. Vivamus suscipit tortor eget felis porttitor volutpat. Curabitur arcu erat, accumsan id imperdiet et, porttitor at sem. Pellentesque in ipsum id orci porta dapibus. Lorem ipsum dolor sit amet, consectetur adipiscing elit.<br><\\/p>\",\"5\":\"34, Rusty Rivet, Spokane, WA, USA\",\"9\":\"email@email.com\",\"3\":\"Rugby Union Spokane\",\"6\":\"342.343.6563\",\"7\":\"<p>Lorem ipsum dolor sit amet, consectetur adipiscing elit. Curabitur aliquet quam id dui posuere blandit. Sed porttitor lectus nibh. Vivamus magna justo, lacinia eget consectetur sed, convallis at tellus. Curabitur arcu erat, accumsan id imperdiet et, porttitor at sem. Proin eget tortor risus. Curabitur non nulla sit amet nisl tempus convallis quis ac lectus. Proin eget tortor risus. Vestibulum ante ipsum primis in faucibus orci luctus et ultrices posuere cubilia Curae; Donec velit neque, auctor sit amet aliquam vel, ullamcorper sit amet ligula. Quisque velit nisi, pretium ut lacinia in, elementum id enim.<\\/p>\",\"10\":\"<p>Donec sollicitudin molestie malesuada. Vivamus suscipit tortor eget felis porttitor volutpat. Nulla porttitor accumsan tincidunt. Sed porttitor lectus nibh. Mauris blandit aliquet elit, eget tincidunt nibh pulvinar a. Curabitur non nulla sit amet nisl tempus convallis quis ac lectus. Vivamus suscipit tortor eget felis porttitor volutpat. Curabitur arcu erat, accumsan id imperdiet et, porttitor at sem. Pellentesque in ipsum id orci porta dapibus. Lorem ipsum dolor sit amet, consectetur adipiscing elit.<\\/p>\",\"8\":\"www.website.com\"}}', '2016-10-08 21:16:07', '2016-10-08 21:16:07', '28bfbfe6-6489-42fb-8295-d90ede462f14'),
 ('9', '4', '3', '1', 'en_us', '2', '', '{\"typeId\":\"3\",\"authorId\":\"1\",\"title\":\"ER Hospital \",\"slug\":\"er-hospital\",\"postDate\":1475949720,\"expiryDate\":null,\"enabled\":1,\"parentId\":null,\"fields\":{\"4\":\"<p>Lorem ipsum dolor sit amet, consectetur adipiscing elit. Curabitur aliquet quam id dui posuere blandit. Sed porttitor lectus nibh. Vivamus magna justo, lacinia eget consectetur sed, convallis at tellus. Curabitur arcu erat, accumsan id imperdiet et, porttitor at sem. Proin eget tortor risus. Curabitur non nulla sit amet nisl tempus convallis quis ac lectus. Proin eget tortor risus. Vestibulum ante ipsum primis in faucibus orci luctus et ultrices posuere cubilia Curae; Donec velit neque, auctor sit amet aliquam vel, ullamcorper sit amet ligula. Quisque velit nisi, pretium ut lacinia in, elementum id enim.<\\/p><p>Donec sollicitudin molestie malesuada. Vivamus suscipit tortor eget felis porttitor volutpat. Nulla porttitor accumsan tincidunt. Sed porttitor lectus nibh. Mauris blandit aliquet elit, eget tincidunt nibh pulvinar a. Curabitur non nulla sit amet nisl tempus convallis quis ac lectus. Vivamus suscipit tortor eget felis porttitor volutpat. Curabitur arcu erat, accumsan id imperdiet et, porttitor at sem. Pellentesque in ipsum id orci porta dapibus. Lorem ipsum dolor sit amet, consectetur adipiscing elit.<br><\\/p><p>Donec sollicitudin molestie malesuada. Vivamus suscipit tortor eget felis porttitor volutpat. Nulla porttitor accumsan tincidunt. Sed porttitor lectus nibh. Mauris blandit aliquet elit, eget tincidunt nibh pulvinar a. Curabitur non nulla sit amet nisl tempus convallis quis ac lectus. Vivamus suscipit tortor eget felis porttitor volutpat. Curabitur arcu erat, accumsan id imperdiet et, porttitor at sem. Pellentesque in ipsum id orci porta dapibus. Lorem ipsum dolor sit amet, consectetur adipiscing elit.<br><\\/p>\",\"5\":\"3422, west leafy lane, Spokane, WA, USA\",\"9\":\"email@email.com\",\"3\":\"ER Hospital Corrp\",\"6\":\"343,343,3435\",\"7\":\"<p>Lorem ipsum dolor sit amet, consectetur adipiscing elit. Curabitur aliquet quam id dui posuere blandit. Sed porttitor lectus nibh. Vivamus magna justo, lacinia eget consectetur sed, convallis at tellus. Curabitur arcu erat, accumsan id imperdiet et, porttitor at sem. Proin eget tortor risus. Curabitur non nulla sit amet nisl tempus convallis quis ac lectus. Proin eget tortor risus. Vestibulum ante ipsum primis in faucibus orci luctus et ultrices posuere cubilia Curae; Donec velit neque, auctor sit amet aliquam vel, ullamcorper sit amet ligula. Quisque velit nisi, pretium ut lacinia in, elementum id enim.<\\/p>\",\"10\":\"<p>Donec sollicitudin molestie malesuada. Vivamus suscipit tortor eget felis porttitor volutpat. Nulla porttitor accumsan tincidunt. Sed porttitor lectus nibh. Mauris blandit aliquet elit, eget tincidunt nibh pulvinar a. Curabitur non nulla sit amet nisl tempus convallis quis ac lectus. Vivamus suscipit tortor eget felis porttitor volutpat. Curabitur arcu erat, accumsan id imperdiet et, porttitor at sem. Pellentesque in ipsum id orci porta dapibus. Lorem ipsum dolor sit amet, consectetur adipiscing elit.<\\/p>\",\"8\":\"www.address.com\"}}', '2016-10-08 21:16:19', '2016-10-08 21:16:19', '6ab661ad-ed0b-484a-82cb-30ab63181c9e'),
 ('10', '6', '3', '1', 'en_us', '3', '', '{\"typeId\":\"3\",\"authorId\":\"1\",\"title\":\"Plumbers\",\"slug\":\"plumbers\",\"postDate\":1475953680,\"expiryDate\":null,\"enabled\":1,\"parentId\":null,\"fields\":{\"4\":\"<p>Donec sollicitudin molestie malesuada. Vivamus suscipit tortor eget felis porttitor volutpat. Nulla porttitor accumsan tincidunt. Sed porttitor lectus nibh. Mauris blandit aliquet elit, eget tincidunt nibh pulvinar a. Curabitur non nulla sit amet nisl tempus convallis quis ac lectus. Vivamus suscipit tortor eget felis porttitor volutpat. Curabitur arcu erat, accumsan id imperdiet et, porttitor at sem. Pellentesque in ipsum id orci porta dapibus. Lorem ipsum dolor sit amet, consectetur adipiscing elit.<\\/p>\\r\\n\\r\\n<p>Donec sollicitudin molestie malesuada. Vivamus suscipit tortor eget felis porttitor volutpat. Nulla porttitor accumsan tincidunt. Sed porttitor lectus nibh. Mauris blandit aliquet elit, eget tincidunt nibh pulvinar a. Curabitur non nulla sit amet nisl tempus convallis quis ac lectus. Vivamus suscipit tortor eget felis porttitor volutpat. Curabitur arcu erat, accumsan id imperdiet et, porttitor at sem. Pellentesque in ipsum id orci porta dapibus. Lorem ipsum dolor sit amet, consectetur adipiscing elit.<br><\\/p>\\r\\n\\r\\n<p>Donec sollicitudin molestie malesuada. Vivamus suscipit tortor eget felis porttitor volutpat. Nulla porttitor accumsan tincidunt. Sed porttitor lectus nibh. Mauris blandit aliquet elit, eget tincidunt nibh pulvinar a. Curabitur non nulla sit amet nisl tempus convallis quis ac lectus. Vivamus suscipit tortor eget felis porttitor volutpat. Curabitur arcu erat, accumsan id imperdiet et, porttitor at sem. Pellentesque in ipsum id orci porta dapibus. Lorem ipsum dolor sit amet, consectetur adipiscing elit.<br><\\/p>\",\"5\":\"42 wallaby lane, sydney\",\"11\":{\"new1\":{\"type\":\"about\",\"enabled\":\"1\",\"fields\":{\"aboutField\":\"<p>Praesent sapien massa, convallis a pellentesque nec, egestas non nisi. Cras ultricies ligula sed magna dictum porta. Vivamus suscipit tortor eget felis porttitor volutpat. Proin eget tortor risus. Donec rutrum congue leo eget malesuada. Praesent sapien massa, convallis a pellentesque nec, egestas non nisi. Mauris blandit aliquet elit, eget tincidunt nibh pulvinar a. Donec sollicitudin molestie malesuada. Cras ultricies ligula sed magna dictum porta. Mauris blandit aliquet elit, eget tincidunt nibh pulvinar a.<\\/p>\"}},\"new2\":{\"type\":\"services\",\"enabled\":\"1\",\"fields\":{\"servicesField\":\"<p>Praesent sapien massa, convallis a pellentesque nec, egestas non nisi. Cras ultricies ligula sed magna dictum porta. Vivamus suscipit tortor eget felis porttitor volutpat. Proin eget tortor risus. Donec rutrum congue leo eget malesuada. Praesent sapien massa, convallis a pellentesque nec, egestas non nisi. Mauris blandit aliquet elit, eget tincidunt nibh pulvinar a. Donec sollicitudin molestie malesuada. Cras ultricies ligula sed magna dictum porta. Mauris blandit aliquet elit, eget tincidunt nibh pulvinar a.<\\/p>\"}},\"new3\":{\"type\":\"address\",\"enabled\":\"1\",\"fields\":{\"addressField\":\"43 wallaby lane sydney\"}}},\"9\":\"\",\"3\":\"PlumbersMan\",\"6\":\"3454642\",\"7\":\"<p>Nulla quis lorem ut libero malesuada feugiat. Vivamus suscipit tortor eget felis porttitor volutpat. Quisque velit nisi, pretium ut lacinia in, elementum id enim. Proin eget tortor risus. Donec sollicitudin molestie malesuada. Vivamus suscipit tortor eget felis porttitor volutpat. Donec sollicitudin molestie malesuada. Curabitur non nulla sit amet nisl tempus convallis quis ac lectus. Curabitur non nulla sit amet nisl tempus convallis quis ac lectus. Donec sollicitudin molestie malesuada.<\\/p>\",\"10\":\"<p>Nulla quis lorem ut libero malesuada feugiat. Vivamus suscipit tortor eget felis porttitor volutpat. Quisque velit nisi, pretium ut lacinia in, elementum id enim. Proin eget tortor risus. Donec sollicitudin molestie malesuada. Vivamus suscipit tortor eget felis porttitor volutpat. Donec sollicitudin molestie malesuada. Curabitur non nulla sit amet nisl tempus convallis quis ac lectus. Curabitur non nulla sit amet nisl tempus convallis quis ac lectus. Donec sollicitudin molestie malesuada.<\\/p>\",\"8\":\"\"}}', '2016-10-09 00:03:40', '2016-10-09 00:03:40', 'bd2f26db-1070-4940-be25-0093cb33d860'),
 ('11', '6', '3', '1', 'en_us', '4', '', '{\"typeId\":\"3\",\"authorId\":\"1\",\"title\":\"Plumbers\",\"slug\":\"plumbers\",\"postDate\":1475953680,\"expiryDate\":null,\"enabled\":1,\"parentId\":null,\"fields\":{\"4\":\"<p>Donec sollicitudin molestie malesuada. Vivamus suscipit tortor eget felis porttitor volutpat. Nulla porttitor accumsan tincidunt. Sed porttitor lectus nibh. Mauris blandit aliquet elit, eget tincidunt nibh pulvinar a. Curabitur non nulla sit amet nisl tempus convallis quis ac lectus. Vivamus suscipit tortor eget felis porttitor volutpat. Curabitur arcu erat, accumsan id imperdiet et, porttitor at sem. Pellentesque in ipsum id orci porta dapibus. Lorem ipsum dolor sit amet, consectetur adipiscing elit.<\\/p>\\r\\n\\r\\n<p>Donec sollicitudin molestie malesuada. Vivamus suscipit tortor eget felis porttitor volutpat. Nulla porttitor accumsan tincidunt. Sed porttitor lectus nibh. Mauris blandit aliquet elit, eget tincidunt nibh pulvinar a. Curabitur non nulla sit amet nisl tempus convallis quis ac lectus. Vivamus suscipit tortor eget felis porttitor volutpat. Curabitur arcu erat, accumsan id imperdiet et, porttitor at sem. Pellentesque in ipsum id orci porta dapibus. Lorem ipsum dolor sit amet, consectetur adipiscing elit.<br><\\/p>\\r\\n\\r\\n\\r\\n\\r\\n<p>Donec sollicitudin molestie malesuada. Vivamus suscipit tortor eget felis porttitor volutpat. Nulla porttitor accumsan tincidunt. Sed porttitor lectus nibh. Mauris blandit aliquet elit, eget tincidunt nibh pulvinar a. Curabitur non nulla sit amet nisl tempus convallis quis ac lectus. Vivamus suscipit tortor eget felis porttitor volutpat. Curabitur arcu erat, accumsan id imperdiet et, porttitor at sem. Pellentesque in ipsum id orci porta dapibus. Lorem ipsum dolor sit amet, consectetur adipiscing elit.<br><\\/p>\",\"5\":\"42 wallaby lane, sydney\",\"11\":{\"7\":{\"type\":\"about\",\"enabled\":\"1\",\"fields\":{\"aboutField\":\"<p>Praesent sapien massa, convallis a pellentesque nec, egestas non nisi. Cras ultricies ligula sed magna dictum porta. Vivamus suscipit tortor eget felis porttitor volutpat. Proin eget tortor risus. Donec rutrum congue leo eget malesuada. Praesent sapien massa, convallis a pellentesque nec, egestas non nisi. Mauris blandit aliquet elit, eget tincidunt nibh pulvinar a. Donec sollicitudin molestie malesuada. Cras ultricies ligula sed magna dictum porta. Mauris blandit aliquet elit, eget tincidunt nibh pulvinar a.<\\/p>\",\"address\":\"efrsgsdfbdfbse\"}},\"8\":{\"type\":\"services\",\"enabled\":\"1\",\"fields\":{\"servicesField\":\"<p>Praesent sapien massa, convallis a pellentesque nec, egestas non nisi. Cras ultricies ligula sed magna dictum porta. Vivamus suscipit tortor eget felis porttitor volutpat. Proin eget tortor risus. Donec rutrum congue leo eget malesuada. Praesent sapien massa, convallis a pellentesque nec, egestas non nisi. Mauris blandit aliquet elit, eget tincidunt nibh pulvinar a. Donec sollicitudin molestie malesuada. Cras ultricies ligula sed magna dictum porta. Mauris blandit aliquet elit, eget tincidunt nibh pulvinar a.<\\/p>\"}},\"9\":{\"type\":\"address\",\"enabled\":\"1\",\"fields\":{\"addressField\":\"43 wallaby lane sydney\"}}},\"9\":\"\",\"3\":\"PlumbersMan\",\"6\":\"3454642\",\"7\":\"<p>Nulla quis lorem ut libero malesuada feugiat. Vivamus suscipit tortor eget felis porttitor volutpat. Quisque velit nisi, pretium ut lacinia in, elementum id enim. Proin eget tortor risus. Donec sollicitudin molestie malesuada. Vivamus suscipit tortor eget felis porttitor volutpat. Donec sollicitudin molestie malesuada. Curabitur non nulla sit amet nisl tempus convallis quis ac lectus. Curabitur non nulla sit amet nisl tempus convallis quis ac lectus. Donec sollicitudin molestie malesuada.<\\/p>\",\"10\":\"<p>Nulla quis lorem ut libero malesuada feugiat. Vivamus suscipit tortor eget felis porttitor volutpat. Quisque velit nisi, pretium ut lacinia in, elementum id enim. Proin eget tortor risus. Donec sollicitudin molestie malesuada. Vivamus suscipit tortor eget felis porttitor volutpat. Donec sollicitudin molestie malesuada. Curabitur non nulla sit amet nisl tempus convallis quis ac lectus. Curabitur non nulla sit amet nisl tempus convallis quis ac lectus. Donec sollicitudin molestie malesuada.<\\/p>\",\"8\":\"\"}}', '2016-10-09 00:13:05', '2016-10-09 00:13:05', '63abc5fc-621c-4548-a829-ba522af9a75e'),
 ('12', '6', '3', '1', 'en_us', '5', '', '{\"typeId\":\"3\",\"authorId\":\"1\",\"title\":\"Plumbers\",\"slug\":\"plumbers\",\"postDate\":1475953680,\"expiryDate\":null,\"enabled\":1,\"parentId\":null,\"fields\":{\"4\":\"<p>Donec sollicitudin molestie malesuada. Vivamus suscipit tortor eget felis porttitor volutpat. Nulla porttitor accumsan tincidunt. Sed porttitor lectus nibh. Mauris blandit aliquet elit, eget tincidunt nibh pulvinar a. Curabitur non nulla sit amet nisl tempus convallis quis ac lectus. Vivamus suscipit tortor eget felis porttitor volutpat. Curabitur arcu erat, accumsan id imperdiet et, porttitor at sem. Pellentesque in ipsum id orci porta dapibus. Lorem ipsum dolor sit amet, consectetur adipiscing elit.<\\/p>\\r\\n\\r\\n<p>Donec sollicitudin molestie malesuada. Vivamus suscipit tortor eget felis porttitor volutpat. Nulla porttitor accumsan tincidunt. Sed porttitor lectus nibh. Mauris blandit aliquet elit, eget tincidunt nibh pulvinar a. Curabitur non nulla sit amet nisl tempus convallis quis ac lectus. Vivamus suscipit tortor eget felis porttitor volutpat. Curabitur arcu erat, accumsan id imperdiet et, porttitor at sem. Pellentesque in ipsum id orci porta dapibus. Lorem ipsum dolor sit amet, consectetur adipiscing elit.<br><\\/p>\\r\\n\\r\\n\\r\\n\\r\\n\\r\\n\\r\\n<p>Donec sollicitudin molestie malesuada. Vivamus suscipit tortor eget felis porttitor volutpat. Nulla porttitor accumsan tincidunt. Sed porttitor lectus nibh. Mauris blandit aliquet elit, eget tincidunt nibh pulvinar a. Curabitur non nulla sit amet nisl tempus convallis quis ac lectus. Vivamus suscipit tortor eget felis porttitor volutpat. Curabitur arcu erat, accumsan id imperdiet et, porttitor at sem. Pellentesque in ipsum id orci porta dapibus. Lorem ipsum dolor sit amet, consectetur adipiscing elit.<br><\\/p>\",\"5\":\"42 wallaby lane, sydney\",\"11\":{\"7\":{\"type\":\"about\",\"enabled\":\"1\",\"fields\":{\"aboutField\":\"<p>Praesent sapien massa, convallis a pellentesque nec, egestas non nisi. Cras ultricies ligula sed magna dictum porta. Vivamus suscipit tortor eget felis porttitor volutpat. Proin eget tortor risus. Donec rutrum congue leo eget malesuada. Praesent sapien massa, convallis a pellentesque nec, egestas non nisi. Mauris blandit aliquet elit, eget tincidunt nibh pulvinar a. Donec sollicitudin molestie malesuada. Cras ultricies ligula sed magna dictum porta. Mauris blandit aliquet elit, eget tincidunt nibh pulvinar a.<\\/p>\",\"address\":\"efrsgsdfbdfbse\"}},\"new1\":{\"type\":\"address\",\"enabled\":\"1\",\"fields\":{\"addressField\":\"545iojoidfjoij\"}}},\"9\":\"\",\"3\":\"PlumbersMan\",\"6\":\"3454642\",\"7\":\"<p>Nulla quis lorem ut libero malesuada feugiat. Vivamus suscipit tortor eget felis porttitor volutpat. Quisque velit nisi, pretium ut lacinia in, elementum id enim. Proin eget tortor risus. Donec sollicitudin molestie malesuada. Vivamus suscipit tortor eget felis porttitor volutpat. Donec sollicitudin molestie malesuada. Curabitur non nulla sit amet nisl tempus convallis quis ac lectus. Curabitur non nulla sit amet nisl tempus convallis quis ac lectus. Donec sollicitudin molestie malesuada.<\\/p>\",\"10\":\"<p>Nulla quis lorem ut libero malesuada feugiat. Vivamus suscipit tortor eget felis porttitor volutpat. Quisque velit nisi, pretium ut lacinia in, elementum id enim. Proin eget tortor risus. Donec sollicitudin molestie malesuada. Vivamus suscipit tortor eget felis porttitor volutpat. Donec sollicitudin molestie malesuada. Curabitur non nulla sit amet nisl tempus convallis quis ac lectus. Curabitur non nulla sit amet nisl tempus convallis quis ac lectus. Donec sollicitudin molestie malesuada.<\\/p>\",\"8\":\"\"}}', '2016-10-09 00:18:11', '2016-10-09 00:18:11', 'c0952f12-ce26-4644-b9ed-8d581cf74fad'),
 ('13', '6', '3', '1', 'en_us', '6', '', '{\"typeId\":\"3\",\"authorId\":\"1\",\"title\":\"Plumbers\",\"slug\":\"plumbers\",\"postDate\":1475953680,\"expiryDate\":null,\"enabled\":1,\"parentId\":null,\"fields\":{\"4\":\"<p>Donec sollicitudin molestie malesuada. Vivamus suscipit tortor eget felis porttitor volutpat. Nulla porttitor accumsan tincidunt. Sed porttitor lectus nibh. Mauris blandit aliquet elit, eget tincidunt nibh pulvinar a. Curabitur non nulla sit amet nisl tempus convallis quis ac lectus. Vivamus suscipit tortor eget felis porttitor volutpat. Curabitur arcu erat, accumsan id imperdiet et, porttitor at sem. Pellentesque in ipsum id orci porta dapibus. Lorem ipsum dolor sit amet, consectetur adipiscing elit.<\\/p>\\r\\n\\r\\n<p>Donec sollicitudin molestie malesuada. Vivamus suscipit tortor eget felis porttitor volutpat. Nulla porttitor accumsan tincidunt. Sed porttitor lectus nibh. Mauris blandit aliquet elit, eget tincidunt nibh pulvinar a. Curabitur non nulla sit amet nisl tempus convallis quis ac lectus. Vivamus suscipit tortor eget felis porttitor volutpat. Curabitur arcu erat, accumsan id imperdiet et, porttitor at sem. Pellentesque in ipsum id orci porta dapibus. Lorem ipsum dolor sit amet, consectetur adipiscing elit.<br><\\/p>\\r\\n\\r\\n\\r\\n\\r\\n\\r\\n\\r\\n\\r\\n\\r\\n<p>Donec sollicitudin molestie malesuada. Vivamus suscipit tortor eget felis porttitor volutpat. Nulla porttitor accumsan tincidunt. Sed porttitor lectus nibh. Mauris blandit aliquet elit, eget tincidunt nibh pulvinar a. Curabitur non nulla sit amet nisl tempus convallis quis ac lectus. Vivamus suscipit tortor eget felis porttitor volutpat. Curabitur arcu erat, accumsan id imperdiet et, porttitor at sem. Pellentesque in ipsum id orci porta dapibus. Lorem ipsum dolor sit amet, consectetur adipiscing elit.<br><\\/p>\",\"5\":\"42 wallaby lane, sydney\",\"11\":{\"7\":{\"type\":\"about\",\"enabled\":\"1\",\"fields\":{\"aboutField\":\"<p>Praesent sapien massa, convallis a pellentesque nec, egestas non nisi. Cras ultricies ligula sed magna dictum porta. Vivamus suscipit tortor eget felis porttitor volutpat. Proin eget tortor risus. Donec rutrum congue leo eget malesuada. Praesent sapien massa, convallis a pellentesque nec, egestas non nisi. Mauris blandit aliquet elit, eget tincidunt nibh pulvinar a. Donec sollicitudin molestie malesuada. Cras ultricies ligula sed magna dictum porta. Mauris blandit aliquet elit, eget tincidunt nibh pulvinar a.<\\/p>\",\"address\":\"efrsgsdfbdfbse\"}},\"10\":{\"type\":\"address\",\"enabled\":\"1\",\"fields\":{\"addressField\":\"545iojoidfjoij\"}}},\"9\":\"\",\"3\":\"PlumbersMan\",\"6\":\"3454642\",\"7\":\"<p>Nulla quis lorem ut libero malesuada feugiat. Vivamus suscipit tortor eget felis porttitor volutpat. Quisque velit nisi, pretium ut lacinia in, elementum id enim. Proin eget tortor risus. Donec sollicitudin molestie malesuada. Vivamus suscipit tortor eget felis porttitor volutpat. Donec sollicitudin molestie malesuada. Curabitur non nulla sit amet nisl tempus convallis quis ac lectus. Curabitur non nulla sit amet nisl tempus convallis quis ac lectus. Donec sollicitudin molestie malesuada.<\\/p>\",\"10\":\"<p>Nulla quis lorem ut libero malesuada feugiat. Vivamus suscipit tortor eget felis porttitor volutpat. Quisque velit nisi, pretium ut lacinia in, elementum id enim. Proin eget tortor risus. Donec sollicitudin molestie malesuada. Vivamus suscipit tortor eget felis porttitor volutpat. Donec sollicitudin molestie malesuada. Curabitur non nulla sit amet nisl tempus convallis quis ac lectus. Curabitur non nulla sit amet nisl tempus convallis quis ac lectus. Donec sollicitudin molestie malesuada.<\\/p>\",\"8\":\"\"}}', '2016-10-09 00:21:35', '2016-10-09 00:21:35', '59a95710-b01a-406c-9d68-574267f817c2'),
 ('14', '6', '3', '1', 'en_us', '7', '', '{\"typeId\":\"3\",\"authorId\":\"1\",\"title\":\"Plumbers\",\"slug\":\"plumbers\",\"postDate\":1475953680,\"expiryDate\":null,\"enabled\":1,\"parentId\":null,\"fields\":{\"4\":\"<p>Donec sollicitudin molestie malesuada. Vivamus suscipit tortor eget felis porttitor volutpat. Nulla porttitor accumsan tincidunt. Sed porttitor lectus nibh. Mauris blandit aliquet elit, eget tincidunt nibh pulvinar a. Curabitur non nulla sit amet nisl tempus convallis quis ac lectus. Vivamus suscipit tortor eget felis porttitor volutpat. Curabitur arcu erat, accumsan id imperdiet et, porttitor at sem. Pellentesque in ipsum id orci porta dapibus. Lorem ipsum dolor sit amet, consectetur adipiscing elit.<\\/p>\\r\\n\\r\\n<p>Donec sollicitudin molestie malesuada. Vivamus suscipit tortor eget felis porttitor volutpat. Nulla porttitor accumsan tincidunt. Sed porttitor lectus nibh. Mauris blandit aliquet elit, eget tincidunt nibh pulvinar a. Curabitur non nulla sit amet nisl tempus convallis quis ac lectus. Vivamus suscipit tortor eget felis porttitor volutpat. Curabitur arcu erat, accumsan id imperdiet et, porttitor at sem. Pellentesque in ipsum id orci porta dapibus. Lorem ipsum dolor sit amet, consectetur adipiscing elit.<br><\\/p>\\r\\n\\r\\n\\r\\n\\r\\n\\r\\n\\r\\n\\r\\n\\r\\n\\r\\n\\r\\n<p>Donec sollicitudin molestie malesuada. Vivamus suscipit tortor eget felis porttitor volutpat. Nulla porttitor accumsan tincidunt. Sed porttitor lectus nibh. Mauris blandit aliquet elit, eget tincidunt nibh pulvinar a. Curabitur non nulla sit amet nisl tempus convallis quis ac lectus. Vivamus suscipit tortor eget felis porttitor volutpat. Curabitur arcu erat, accumsan id imperdiet et, porttitor at sem. Pellentesque in ipsum id orci porta dapibus. Lorem ipsum dolor sit amet, consectetur adipiscing elit.<br><\\/p>\",\"5\":\"42 wallaby lane, sydney\",\"11\":{\"7\":{\"type\":\"about\",\"enabled\":\"1\",\"fields\":{\"aboutField\":\"<p>Praesent sapien massa, convallis a pellentesque nec, egestas non nisi. Cras ultricies ligula sed magna dictum porta. Vivamus suscipit tortor eget felis porttitor volutpat. Proin eget tortor risus. Donec rutrum congue leo eget malesuada. Praesent sapien massa, convallis a pellentesque nec, egestas non nisi. Mauris blandit aliquet elit, eget tincidunt nibh pulvinar a. Donec sollicitudin molestie malesuada. Cras ultricies ligula sed magna dictum porta. Mauris blandit aliquet elit, eget tincidunt nibh pulvinar a.<\\/p>\",\"address\":\"efrsgsdfbdfbse\"}},\"10\":{\"type\":\"address\",\"enabled\":\"1\",\"fields\":{\"addressField\":\"545iojoidfjoij\"}}},\"9\":\"\",\"3\":\"PlumbersMan\",\"6\":\"3454642\",\"7\":\"<p>Nulla quis lorem ut libero malesuada feugiat. Vivamus suscipit tortor eget felis porttitor volutpat. Quisque velit nisi, pretium ut lacinia in, elementum id enim. Proin eget tortor risus. Donec sollicitudin molestie malesuada. Vivamus suscipit tortor eget felis porttitor volutpat. Donec sollicitudin molestie malesuada. Curabitur non nulla sit amet nisl tempus convallis quis ac lectus. Curabitur non nulla sit amet nisl tempus convallis quis ac lectus. Donec sollicitudin molestie malesuada.<\\/p>\",\"10\":\"<p>Nulla quis lorem ut libero malesuada feugiat. Vivamus suscipit tortor eget felis porttitor volutpat. Quisque velit nisi, pretium ut lacinia in, elementum id enim. Proin eget tortor risus. Donec sollicitudin molestie malesuada. Vivamus suscipit tortor eget felis porttitor volutpat. Donec sollicitudin molestie malesuada. Curabitur non nulla sit amet nisl tempus convallis quis ac lectus. Curabitur non nulla sit amet nisl tempus convallis quis ac lectus. Donec sollicitudin molestie malesuada.<\\/p>\",\"8\":\"\"}}', '2016-10-09 00:23:21', '2016-10-09 00:23:21', '7be77c7a-3473-4d45-9148-c5ea6e80fd42'),
 ('15', '6', '3', '1', 'en_us', '8', '', '{\"typeId\":\"3\",\"authorId\":\"1\",\"title\":\"Plumbers\",\"slug\":\"plumbers\",\"postDate\":1475953680,\"expiryDate\":null,\"enabled\":1,\"parentId\":null,\"fields\":{\"4\":\"<p>Donec sollicitudin molestie malesuada. Vivamus suscipit tortor eget felis porttitor volutpat. Nulla porttitor accumsan tincidunt. Sed porttitor lectus nibh. Mauris blandit aliquet elit, eget tincidunt nibh pulvinar a. Curabitur non nulla sit amet nisl tempus convallis quis ac lectus. Vivamus suscipit tortor eget felis porttitor volutpat. Curabitur arcu erat, accumsan id imperdiet et, porttitor at sem. Pellentesque in ipsum id orci porta dapibus. Lorem ipsum dolor sit amet, consectetur adipiscing elit.<\\/p>\\r\\n\\r\\n<p>Donec sollicitudin molestie malesuada. Vivamus suscipit tortor eget felis porttitor volutpat. Nulla porttitor accumsan tincidunt. Sed porttitor lectus nibh. Mauris blandit aliquet elit, eget tincidunt nibh pulvinar a. Curabitur non nulla sit amet nisl tempus convallis quis ac lectus. Vivamus suscipit tortor eget felis porttitor volutpat. Curabitur arcu erat, accumsan id imperdiet et, porttitor at sem. Pellentesque in ipsum id orci porta dapibus. Lorem ipsum dolor sit amet, consectetur adipiscing elit.<br><\\/p>\\r\\n\\r\\n\\r\\n\\r\\n\\r\\n\\r\\n\\r\\n\\r\\n\\r\\n\\r\\n\\r\\n\\r\\n<p>Donec sollicitudin molestie malesuada. Vivamus suscipit tortor eget felis porttitor volutpat. Nulla porttitor accumsan tincidunt. Sed porttitor lectus nibh. Mauris blandit aliquet elit, eget tincidunt nibh pulvinar a. Curabitur non nulla sit amet nisl tempus convallis quis ac lectus. Vivamus suscipit tortor eget felis porttitor volutpat. Curabitur arcu erat, accumsan id imperdiet et, porttitor at sem. Pellentesque in ipsum id orci porta dapibus. Lorem ipsum dolor sit amet, consectetur adipiscing elit.<br><\\/p>\",\"5\":\"42 wallaby lane, sydney\",\"11\":{\"7\":{\"type\":\"about\",\"enabled\":\"1\",\"fields\":{\"aboutField\":\"<p>Praesent sapien massa, convallis a pellentesque nec, egestas non nisi. Cras ultricies ligula sed magna dictum porta. Vivamus suscipit tortor eget felis porttitor volutpat. Proin eget tortor risus. Donec rutrum congue leo eget malesuada. Praesent sapien massa, convallis a pellentesque nec, egestas non nisi. Mauris blandit aliquet elit, eget tincidunt nibh pulvinar a. Donec sollicitudin molestie malesuada. Cras ultricies ligula sed magna dictum porta. Mauris blandit aliquet elit, eget tincidunt nibh pulvinar a.<\\/p>\",\"address\":\"\"}},\"10\":{\"type\":\"address\",\"enabled\":\"1\",\"fields\":{\"addressField\":\"545iojoidfjoij\"}}},\"9\":\"\",\"3\":\"PlumbersMan\",\"6\":\"3454642\",\"7\":\"<p>Nulla quis lorem ut libero malesuada feugiat. Vivamus suscipit tortor eget felis porttitor volutpat. Quisque velit nisi, pretium ut lacinia in, elementum id enim. Proin eget tortor risus. Donec sollicitudin molestie malesuada. Vivamus suscipit tortor eget felis porttitor volutpat. Donec sollicitudin molestie malesuada. Curabitur non nulla sit amet nisl tempus convallis quis ac lectus. Curabitur non nulla sit amet nisl tempus convallis quis ac lectus. Donec sollicitudin molestie malesuada.<\\/p>\",\"10\":\"<p>Nulla quis lorem ut libero malesuada feugiat. Vivamus suscipit tortor eget felis porttitor volutpat. Quisque velit nisi, pretium ut lacinia in, elementum id enim. Proin eget tortor risus. Donec sollicitudin molestie malesuada. Vivamus suscipit tortor eget felis porttitor volutpat. Donec sollicitudin molestie malesuada. Curabitur non nulla sit amet nisl tempus convallis quis ac lectus. Curabitur non nulla sit amet nisl tempus convallis quis ac lectus. Donec sollicitudin molestie malesuada.<\\/p>\",\"8\":\"\"}}', '2016-10-09 00:26:29', '2016-10-09 00:26:29', 'e9bb4246-b812-4696-8c54-2aac395b1fc8'),
 ('16', '6', '3', '1', 'en_us', '9', '', '{\"typeId\":\"3\",\"authorId\":\"1\",\"title\":\"Plumbers\",\"slug\":\"plumbers\",\"postDate\":1475953680,\"expiryDate\":null,\"enabled\":1,\"parentId\":null,\"fields\":{\"3\":\"PlumbersMan\",\"11\":{\"7\":{\"type\":\"about\",\"enabled\":\"1\",\"fields\":{\"about\":\"<p>Praesent sapien massa, convallis a pellentesque nec, egestas non nisi. Cras ultricies ligula sed magna dictum porta. Vivamus suscipit tortor eget felis porttitor volutpat. Proin eget tortor risus. Donec rutrum congue leo eget malesuada. Praesent sapien massa, convallis a pellentesque nec, egestas non nisi. Mauris blandit aliquet elit, eget tincidunt nibh pulvinar a. Donec sollicitudin molestie malesuada. Cras ultricies ligula sed magna dictum porta. Mauris blandit aliquet elit, eget tincidunt nibh pulvinar a.<\\/p>\"}},\"10\":{\"type\":\"address\",\"enabled\":\"1\",\"fields\":{\"address\":\"42 east lane, sussex, uk\"}},\"new2\":{\"type\":\"website\",\"enabled\":\"1\",\"fields\":{\"website\":\"www.website.com\"}}},\"10\":\"<p>Nulla quis lorem ut libero malesuada feugiat. Vivamus suscipit tortor eget felis porttitor volutpat. Quisque velit nisi, pretium ut lacinia in, elementum id enim. Proin eget tortor risus. Donec sollicitudin molestie malesuada. Vivamus suscipit tortor eget felis porttitor volutpat. Donec sollicitudin molestie malesuada. Curabitur non nulla sit amet nisl tempus convallis quis ac lectus. Curabitur non nulla sit amet nisl tempus convallis quis ac lectus. Donec sollicitudin molestie malesuada.<\\/p>\"}}', '2016-10-09 03:00:50', '2016-10-09 03:00:50', '1a7ef55e-c95a-4a7f-98af-faf805970b81'),
 ('17', '6', '3', '1', 'en_us', '10', '', '{\"typeId\":\"3\",\"authorId\":\"1\",\"title\":\"Plumbers\",\"slug\":\"plumbers\",\"postDate\":1475953680,\"expiryDate\":null,\"enabled\":1,\"parentId\":null,\"fields\":{\"3\":\"PlumbersMan\",\"11\":{\"7\":{\"type\":\"about\",\"enabled\":\"1\",\"fields\":{\"about\":\"<p>Praesent sapien massa, convallis a pellentesque nec, egestas non nisi. Cras ultricies ligula sed magna dictum porta. Vivamus suscipit tortor eget felis porttitor volutpat. Proin eget tortor risus. Donec rutrum congue leo eget malesuada. Praesent sapien massa, convallis a pellentesque nec, egestas non nisi. Mauris blandit aliquet elit, eget tincidunt nibh pulvinar a. Donec sollicitudin molestie malesuada. Cras ultricies ligula sed magna dictum porta. Mauris blandit aliquet elit, eget tincidunt nibh pulvinar a.<\\/p>\"}},\"10\":{\"type\":\"address\",\"enabled\":\"1\",\"fields\":{\"address\":\"42 east lane, sussex, uk\"}},\"11\":{\"type\":\"website\",\"enabled\":\"1\",\"fields\":{\"website\":\"www.website.com\"}}},\"10\":\"<p>Nulla quis lorem ut libero malesuada feugiat. Vivamus suscipit tortor eget felis porttitor volutpat. Quisque velit nisi, pretium ut lacinia in, elementum id enim. Proin eget tortor risus. Donec sollicitudin molestie malesuada. Vivamus suscipit tortor eget felis porttitor volutpat. Donec sollicitudin molestie malesuada. Curabitur non nulla sit amet nisl tempus convallis quis ac lectus. Curabitur non nulla sit amet nisl tempus convallis quis ac lectus. Donec sollicitudin molestie malesuada.<\\/p>\"}}', '2016-10-09 03:02:52', '2016-10-09 03:02:52', '6413b279-749a-4d32-b256-98ec85ffb0e4'),
 ('18', '6', '3', '1', 'en_us', '11', '', '{\"typeId\":\"3\",\"authorId\":\"1\",\"title\":\"Plumbers\",\"slug\":\"plumbers\",\"postDate\":1475953680,\"expiryDate\":null,\"enabled\":1,\"parentId\":null,\"fields\":{\"3\":\"PlumbersMan\",\"11\":{\"7\":{\"type\":\"about\",\"enabled\":\"1\",\"fields\":{\"about\":\"<p>Praesent sapien massa, convallis a pellentesque nec, egestas non nisi. Cras ultricies ligula sed magna dictum porta. Vivamus suscipit tortor eget felis porttitor volutpat. Proin eget tortor risus. Donec rutrum congue leo eget malesuada. Praesent sapien massa, convallis a pellentesque nec, egestas non nisi. Mauris blandit aliquet elit, eget tincidunt nibh pulvinar a. Donec sollicitudin molestie malesuada. Cras ultricies ligula sed magna dictum porta. Mauris blandit aliquet elit, eget tincidunt nibh pulvinar a.<\\/p>\"}},\"10\":{\"type\":\"address\",\"enabled\":\"1\",\"fields\":{\"address\":\"42 east lane, sussex, uk\"}},\"11\":{\"type\":\"website\",\"enabled\":\"1\",\"fields\":{\"website\":\"www.website.com\"}},\"new1\":{\"type\":\"phone\",\"enabled\":\"1\",\"fields\":{\"phone\":\"\"}},\"new2\":{\"type\":\"email\",\"enabled\":\"1\",\"fields\":{\"email\":\"email@email.com\"}}},\"10\":\"<p>Nulla quis lorem ut libero malesuada feugiat. Vivamus suscipit tortor eget felis porttitor volutpat. Quisque velit nisi, pretium ut lacinia in, elementum id enim. Proin eget tortor risus. Donec sollicitudin molestie malesuada. Vivamus suscipit tortor eget felis porttitor volutpat. Donec sollicitudin molestie malesuada. Curabitur non nulla sit amet nisl tempus convallis quis ac lectus. Curabitur non nulla sit amet nisl tempus convallis quis ac lectus. Donec sollicitudin molestie malesuada.<\\/p>\"}}', '2016-10-09 03:10:16', '2016-10-09 03:10:16', 'd90ce860-475c-48fa-b9fc-2da71fac55d7'),
 ('19', '6', '3', '1', 'en_us', '12', '', '{\"typeId\":\"3\",\"authorId\":\"1\",\"title\":\"Plumbers\",\"slug\":\"plumbers\",\"postDate\":1475953680,\"expiryDate\":null,\"enabled\":1,\"parentId\":null,\"fields\":{\"23\":{\"new1\":{\"type\":\"contactList\",\"enabled\":\"1\",\"fields\":{\"contactName\":\"Ian Davenport\",\"contactPosition\":\"CEO\",\"contactPhone\":\"01202 246938\",\"contactEmail\":\"ian@company.com\"}},\"new2\":{\"type\":\"contactList\",\"enabled\":\"1\",\"fields\":{\"contactName\":\"Anthony Davenport\",\"contactPosition\":\"Tea Maker\",\"contactPhone\":\"01202 567934\",\"contactEmail\":\"anthony@company.com\"}}},\"3\":\"PlumbersMan\",\"11\":{\"7\":{\"type\":\"about\",\"enabled\":\"1\",\"fields\":{\"about\":\"<p>Praesent sapien massa, convallis a pellentesque nec, egestas non nisi. Cras ultricies ligula sed magna dictum porta. Vivamus suscipit tortor eget felis porttitor volutpat. Proin eget tortor risus. Donec rutrum congue leo eget malesuada. Praesent sapien massa, convallis a pellentesque nec, egestas non nisi. Mauris blandit aliquet elit, eget tincidunt nibh pulvinar a. Donec sollicitudin molestie malesuada. Cras ultricies ligula sed magna dictum porta. Mauris blandit aliquet elit, eget tincidunt nibh pulvinar a.<\\/p>\"}},\"10\":{\"type\":\"address\",\"enabled\":\"1\",\"fields\":{\"address\":\"42 east lane, sussex, uk\"}},\"11\":{\"type\":\"website\",\"enabled\":\"1\",\"fields\":{\"website\":\"www.website.com\"}},\"12\":{\"type\":\"phone\",\"enabled\":\"1\",\"fields\":{\"phone\":\"0\"}},\"13\":{\"type\":\"email\",\"enabled\":\"1\",\"fields\":{\"email\":\"email@email.com\"}}},\"10\":\"<p>Nulla quis lorem ut libero malesuada feugiat. Vivamus suscipit tortor eget felis porttitor volutpat. Quisque velit nisi, pretium ut lacinia in, elementum id enim. Proin eget tortor risus. Donec sollicitudin molestie malesuada. Vivamus suscipit tortor eget felis porttitor volutpat. Donec sollicitudin molestie malesuada. Curabitur non nulla sit amet nisl tempus convallis quis ac lectus. Curabitur non nulla sit amet nisl tempus convallis quis ac lectus. Donec sollicitudin molestie malesuada.<\\/p>\"}}', '2016-10-09 03:57:33', '2016-10-09 03:57:33', 'f53138f3-3158-4ba2-9cc5-7f9a489cb1f0'),
 ('20', '5', '3', '1', 'en_us', '3', '', '{\"typeId\":\"3\",\"authorId\":\"1\",\"title\":\"RugbyLeague\",\"slug\":\"rugbyleague\",\"postDate\":1475949780,\"expiryDate\":null,\"enabled\":1,\"parentId\":null,\"fields\":{\"23\":{\"new1\":{\"type\":\"contactList\",\"enabled\":\"1\",\"fields\":{\"contactName\":\"Mr Winston Churchill\",\"contactPosition\":\"Prime Minister\",\"contactPhone\":\"03949284\",\"contactEmail\":\"wchurchill@downingstreet.com\"}}},\"3\":\"Rugby Union Spokane\",\"11\":{\"new1\":{\"type\":\"about\",\"enabled\":\"1\",\"fields\":{\"about\":\"<p>Curabitur aliquet quam id dui posuere blandit. Pellentesque in ipsum id orci porta dapibus. Curabitur arcu erat, accumsan id imperdiet et, porttitor at sem. Vestibulum ante ipsum primis in faucibus orci luctus et ultrices posuere cubilia Curae; Donec velit neque, auctor sit amet aliquam vel, ullamcorper sit amet ligula. Vestibulum ante ipsum primis in faucibus orci luctus et ultrices posuere cubilia Curae; Donec velit neque, auctor sit amet aliquam vel, ullamcorper sit amet ligula. Vestibulum ante ipsum primis in faucibus orci luctus et ultrices posuere cubilia Curae; Donec velit neque, auctor sit amet aliquam vel, ullamcorper sit amet ligula. Proin eget tortor risus. Cras ultricies ligula sed magna dictum porta. Proin eget tortor risus. Curabitur arcu erat, accumsan id imperdiet et, porttitor at sem.<\\/p>\"}},\"new2\":{\"type\":\"address\",\"enabled\":\"1\",\"fields\":{\"address\":\"483 next lane \"}}},\"10\":\"<p>Donec sollicitudin molestie malesuada. Vivamus suscipit tortor eget felis porttitor volutpat. Nulla porttitor accumsan tincidunt. Sed porttitor lectus nibh. Mauris blandit aliquet elit, eget tincidunt nibh pulvinar a. Curabitur non nulla sit amet nisl tempus convallis quis ac lectus. Vivamus suscipit tortor eget felis porttitor volutpat. Curabitur arcu erat, accumsan id imperdiet et, porttitor at sem. Pellentesque in ipsum id orci porta dapibus. Lorem ipsum dolor sit amet, consectetur adipiscing elit.<\\/p>\"}}', '2016-10-09 04:59:56', '2016-10-09 04:59:56', '6d36c594-e7ae-457c-9be0-1eb689185bfc'),
 ('21', '5', '3', '1', 'en_us', '4', '', '{\"typeId\":\"3\",\"authorId\":\"1\",\"title\":\"RugbyLeague\",\"slug\":\"rugbyleague\",\"postDate\":1475949780,\"expiryDate\":null,\"enabled\":1,\"parentId\":null,\"fields\":{\"23\":{\"18\":{\"type\":\"contactList\",\"enabled\":\"1\",\"fields\":{\"contactName\":\"Mr Winston Churchill\",\"contactPosition\":\"Prime Minister\",\"contactPhone\":\"03949284\",\"contactEmail\":\"wchurchill@downingstreet.com\"}}},\"3\":\"Rugby Union Spokane\",\"11\":{\"17\":{\"type\":\"address\",\"enabled\":\"1\",\"fields\":{\"address\":\"483 next lane \"}},\"16\":{\"type\":\"about\",\"enabled\":\"1\",\"fields\":{\"about\":\"<p>Curabitur aliquet quam id dui posuere blandit. Pellentesque in ipsum id orci porta dapibus. Curabitur arcu erat, accumsan id imperdiet et, porttitor at sem. Vestibulum ante ipsum primis in faucibus orci luctus et ultrices posuere cubilia Curae; Donec velit neque, auctor sit amet aliquam vel, ullamcorper sit amet ligula. Vestibulum ante ipsum primis in faucibus orci luctus et ultrices posuere cubilia Curae; Donec velit neque, auctor sit amet aliquam vel, ullamcorper sit amet ligula. Vestibulum ante ipsum primis in faucibus orci luctus et ultrices posuere cubilia Curae; Donec velit neque, auctor sit amet aliquam vel, ullamcorper sit amet ligula. Proin eget tortor risus. Cras ultricies ligula sed magna dictum porta. Proin eget tortor risus. Curabitur arcu erat, accumsan id imperdiet et, porttitor at sem.<\\/p>\"}}},\"10\":\"<p>Donec sollicitudin molestie malesuada. Vivamus suscipit tortor eget felis porttitor volutpat. Nulla porttitor accumsan tincidunt. Sed porttitor lectus nibh. Mauris blandit aliquet elit, eget tincidunt nibh pulvinar a. Curabitur non nulla sit amet nisl tempus convallis quis ac lectus. Vivamus suscipit tortor eget felis porttitor volutpat. Curabitur arcu erat, accumsan id imperdiet et, porttitor at sem. Pellentesque in ipsum id orci porta dapibus. Lorem ipsum dolor sit amet, consectetur adipiscing elit.<\\/p>\"}}', '2016-10-09 05:00:24', '2016-10-09 05:00:24', '6b451bd2-899d-44e8-91a7-247902c6bc3d'),
 ('22', '5', '3', '1', 'en_us', '5', '', '{\"typeId\":\"3\",\"authorId\":\"1\",\"title\":\"RugbyLeague\",\"slug\":\"rugbyleague\",\"postDate\":1475949780,\"expiryDate\":null,\"enabled\":1,\"parentId\":null,\"fields\":{\"23\":{\"18\":{\"type\":\"contactList\",\"enabled\":\"1\",\"fields\":{\"contactName\":\"Mr Winston Churchill\",\"contactPosition\":\"Prime Minister\",\"contactPhone\":\"03949284\",\"contactEmail\":\"wchurchill@downingstreet.com\"}}},\"3\":\"Rugby Union Spokane\",\"11\":{\"16\":{\"type\":\"about\",\"enabled\":\"1\",\"fields\":{\"about\":\"<p>Curabitur aliquet quam id dui posuere blandit. Pellentesque in ipsum id orci porta dapibus. Curabitur arcu erat, accumsan id imperdiet et, porttitor at sem. Vestibulum ante ipsum primis in faucibus orci luctus et ultrices posuere cubilia Curae; Donec velit neque, auctor sit amet aliquam vel, ullamcorper sit amet ligula. Vestibulum ante ipsum primis in faucibus orci luctus et ultrices posuere cubilia Curae; Donec velit neque, auctor sit amet aliquam vel, ullamcorper sit amet ligula. Vestibulum ante ipsum primis in faucibus orci luctus et ultrices posuere cubilia Curae; Donec velit neque, auctor sit amet aliquam vel, ullamcorper sit amet ligula. Proin eget tortor risus. Cras ultricies ligula sed magna dictum porta. Proin eget tortor risus. Curabitur arcu erat, accumsan id imperdiet et, porttitor at sem.<\\/p>\"}},\"17\":{\"type\":\"address\",\"enabled\":\"1\",\"fields\":{\"address\":\"483 next lane \"}}},\"10\":\"<p>Donec sollicitudin molestie malesuada. Vivamus suscipit tortor eget felis porttitor volutpat. Nulla porttitor accumsan tincidunt. Sed porttitor lectus nibh. Mauris blandit aliquet elit, eget tincidunt nibh pulvinar a. Curabitur non nulla sit amet nisl tempus convallis quis ac lectus. Vivamus suscipit tortor eget felis porttitor volutpat. Curabitur arcu erat, accumsan id imperdiet et, porttitor at sem. Pellentesque in ipsum id orci porta dapibus. Lorem ipsum dolor sit amet, consectetur adipiscing elit.<\\/p>\"}}', '2016-10-09 05:01:42', '2016-10-09 05:01:42', 'f9feac6c-b99c-437d-888d-13395d853e35'),
 ('23', '5', '3', '1', 'en_us', '6', '', '{\"typeId\":\"3\",\"authorId\":\"1\",\"title\":\"RugbyLeague\",\"slug\":\"rugbyleague\",\"postDate\":1475949780,\"expiryDate\":null,\"enabled\":1,\"parentId\":null,\"fields\":{\"23\":{\"18\":{\"type\":\"contactList\",\"enabled\":\"1\",\"fields\":{\"contactName\":\"Mr Winston Churchill\",\"contactPosition\":\"Prime Minister\",\"contactPhone\":\"03949284\",\"contactEmail\":\"wchurchill@downingstreet.com\"}}},\"3\":\"Rugby Union Spokane\",\"11\":{\"new2\":{\"type\":\"email\",\"enabled\":\"1\",\"fields\":{\"email\":\"email@email.com\"}},\"16\":{\"type\":\"about\",\"enabled\":\"1\",\"fields\":{\"about\":\"<p>Curabitur aliquet quam id dui posuere blandit. Pellentesque in ipsum id orci porta dapibus. Curabitur arcu erat, accumsan id imperdiet et, porttitor at sem. Vestibulum ante ipsum primis in faucibus orci luctus et ultrices posuere cubilia Curae; Donec velit neque, auctor sit amet aliquam vel, ullamcorper sit amet ligula. Vestibulum ante ipsum primis in faucibus orci luctus et ultrices posuere cubilia Curae; Donec velit neque, auctor sit amet aliquam vel, ullamcorper sit amet ligula. Vestibulum ante ipsum primis in faucibus orci luctus et ultrices posuere cubilia Curae; Donec velit neque, auctor sit amet aliquam vel, ullamcorper sit amet ligula. Proin eget tortor risus. Cras ultricies ligula sed magna dictum porta. Proin eget tortor risus. Curabitur arcu erat, accumsan id imperdiet et, porttitor at sem.<\\/p>\"}},\"17\":{\"type\":\"address\",\"enabled\":\"1\",\"fields\":{\"address\":\"483 next lane \"}},\"new1\":{\"type\":\"website\",\"enabled\":\"1\",\"fields\":{\"website\":\"www.site.com\"}}},\"10\":\"<p>Donec sollicitudin molestie malesuada. Vivamus suscipit tortor eget felis porttitor volutpat. Nulla porttitor accumsan tincidunt. Sed porttitor lectus nibh. Mauris blandit aliquet elit, eget tincidunt nibh pulvinar a. Curabitur non nulla sit amet nisl tempus convallis quis ac lectus. Vivamus suscipit tortor eget felis porttitor volutpat. Curabitur arcu erat, accumsan id imperdiet et, porttitor at sem. Pellentesque in ipsum id orci porta dapibus. Lorem ipsum dolor sit amet, consectetur adipiscing elit.<\\/p>\"}}', '2016-10-09 05:02:21', '2016-10-09 05:02:21', '9016595e-9600-4b43-b9c7-1faa832952f7'),
 ('24', '6', '3', '1', 'en_us', '13', '', '{\"typeId\":\"3\",\"authorId\":\"1\",\"title\":\"Discount Plumbing\",\"slug\":\"plumbers\",\"postDate\":1475953680,\"expiryDate\":null,\"enabled\":1,\"parentId\":null,\"fields\":{\"23\":{\"14\":{\"type\":\"contactList\",\"enabled\":\"1\",\"fields\":{\"contactName\":\"Ian Davenport\",\"contactPosition\":\"CEO\",\"contactPhone\":\"01202 246938\",\"contactEmail\":\"ian@company.com\"}},\"15\":{\"type\":\"contactList\",\"enabled\":\"1\",\"fields\":{\"contactName\":\"Anthony Davenport\",\"contactPosition\":\"Tea Maker\",\"contactPhone\":\"01202 567934\",\"contactEmail\":\"anthony@company.com\"}}},\"11\":{\"7\":{\"type\":\"about\",\"enabled\":\"1\",\"fields\":{\"about\":\"<p>Praesent sapien massa, convallis a pellentesque nec, egestas non nisi. Cras ultricies ligula sed magna dictum porta. Vivamus suscipit tortor eget felis porttitor volutpat. Proin eget tortor risus. Donec rutrum congue leo eget malesuada. Praesent sapien massa, convallis a pellentesque nec, egestas non nisi. Mauris blandit aliquet elit, eget tincidunt nibh pulvinar a. Donec sollicitudin molestie malesuada. Cras ultricies ligula sed magna dictum porta. Mauris blandit aliquet elit, eget tincidunt nibh pulvinar a.<\\/p>\"}},\"10\":{\"type\":\"address\",\"enabled\":\"1\",\"fields\":{\"address\":\"42 east lane, sussex, uk\"}},\"11\":{\"type\":\"website\",\"enabled\":\"1\",\"fields\":{\"website\":\"www.website.com\"}},\"12\":{\"type\":\"phone\",\"enabled\":\"1\",\"fields\":{\"phone\":\"0\"}},\"13\":{\"type\":\"email\",\"enabled\":\"1\",\"fields\":{\"email\":\"email@email.com\"}}},\"10\":\"<p>Nulla quis lorem ut libero malesuada feugiat. Vivamus suscipit tortor eget felis porttitor volutpat. Quisque velit nisi, pretium ut lacinia in, elementum id enim. Proin eget tortor risus. Donec sollicitudin molestie malesuada. Vivamus suscipit tortor eget felis porttitor volutpat. Donec sollicitudin molestie malesuada. Curabitur non nulla sit amet nisl tempus convallis quis ac lectus. Curabitur non nulla sit amet nisl tempus convallis quis ac lectus. Donec sollicitudin molestie malesuada.<\\/p>\"}}', '2016-10-09 05:11:09', '2016-10-09 05:11:09', '64210d2c-830b-4940-b827-9abd03c04153'),
 ('25', '5', '3', '1', 'en_us', '7', '', '{\"typeId\":\"3\",\"authorId\":\"1\",\"title\":\"Spokane Rugby Union\",\"slug\":\"rugbyleague\",\"postDate\":1475949780,\"expiryDate\":null,\"enabled\":1,\"parentId\":null,\"fields\":{\"23\":{\"18\":{\"type\":\"contactList\",\"enabled\":\"1\",\"fields\":{\"contactName\":\"Mr Tim Saunders\",\"contactPosition\":\"Head Coach\",\"contactPhone\":\"509 555 333\",\"contactEmail\":\"tim@spokanerugbyunion.com\"}}},\"11\":{\"19\":{\"type\":\"email\",\"enabled\":\"1\",\"fields\":{\"email\":\"Tim@SpokaneRugbyUnion.com\"}},\"16\":{\"type\":\"about\",\"enabled\":\"1\",\"fields\":{\"about\":\"<p>Curabitur aliquet quam id dui posuere blandit. Pellentesque in ipsum id orci porta dapibus. Curabitur arcu erat, accumsan id imperdiet et, porttitor at sem. Vestibulum ante ipsum primis in faucibus orci luctus et ultrices posuere cubilia Curae; Donec velit neque, auctor sit amet aliquam vel, ullamcorper sit amet ligula. Vestibulum ante ipsum primis in faucibus orci luctus et ultrices posuere cubilia Curae; Donec velit neque, auctor sit amet aliquam vel, ullamcorper sit amet ligula. Vestibulum ante ipsum primis in faucibus orci luctus et ultrices posuere cubilia Curae; Donec velit neque, auctor sit amet aliquam vel, ullamcorper sit amet ligula. Proin eget tortor risus. Cras ultricies ligula sed magna dictum porta. Proin eget tortor risus. Curabitur arcu erat, accumsan id imperdiet et, porttitor at sem.<\\/p>\"}},\"17\":{\"type\":\"address\",\"enabled\":\"1\",\"fields\":{\"address\":\"45 Rugby Lane, Spokane, USA\"}},\"20\":{\"type\":\"website\",\"enabled\":\"1\",\"fields\":{\"website\":\"www.spokanerugbycom\"}}},\"10\":\"<p>Donec sollicitudin molestie malesuada. Vivamus suscipit tortor eget felis porttitor volutpat. Nulla porttitor accumsan tincidunt. Sed porttitor lectus nibh. Mauris blandit aliquet elit, eget tincidunt nibh pulvinar a. Curabitur non nulla sit amet nisl tempus convallis quis ac lectus. Vivamus suscipit tortor eget felis porttitor volutpat. Curabitur arcu erat, accumsan id imperdiet et, porttitor at sem. Pellentesque in ipsum id orci porta dapibus. Lorem ipsum dolor sit amet, consectetur adipiscing elit.<\\/p>\"}}', '2016-10-09 05:14:37', '2016-10-09 05:14:37', '8bbee12e-b46b-4d12-afae-be2fd280596b'),
 ('26', '4', '3', '1', 'en_us', '3', '', '{\"typeId\":\"3\",\"authorId\":\"1\",\"title\":\"ER Hospital \",\"slug\":\"er-hospital\",\"postDate\":1475949720,\"expiryDate\":null,\"enabled\":1,\"parentId\":null,\"fields\":{\"23\":{\"new1\":{\"type\":\"contactList\",\"enabled\":\"1\",\"fields\":{\"contactName\":\"Dr John Smith\",\"contactPosition\":\"Doctor\",\"contactPhone\":\"509 555 322\",\"contactEmail\":\"john@er.co,\"}}},\"11\":{\"new1\":{\"type\":\"about\",\"enabled\":\"1\",\"fields\":{\"about\":\"<p>Donec sollicitudin molestie malesuada. Vivamus suscipit tortor eget felis porttitor volutpat. Nulla porttitor accumsan tincidunt. Sed porttitor lectus nibh. Mauris blandit aliquet elit, eget tincidunt nibh pulvinar a. Curabitur non nulla sit amet nisl tempus convallis quis ac lectus. Vivamus suscipit tortor eget felis porttitor volutpat. Curabitur arcu erat, accumsan id imperdiet et, porttitor at sem. Pellentesque in ipsum id orci porta dapibus. Lorem ipsum dolor sit amet, consectetur adipiscing elit.<\\/p>\"}},\"new2\":{\"type\":\"address\",\"enabled\":\"1\",\"fields\":{\"address\":\"1 Hospital Drive, Spokane, USA\"}},\"new3\":{\"type\":\"phone\",\"enabled\":\"1\",\"fields\":{\"phone\":\"0\"}},\"new4\":{\"type\":\"services\",\"enabled\":\"1\",\"fields\":{\"services\":\"First Aid, ER, Medical\"}},\"new5\":{\"type\":\"website\",\"enabled\":\"1\",\"fields\":{\"website\":\"www.ERhospital.com\"}}},\"10\":\"<p>Donec sollicitudin molestie malesuada. Vivamus suscipit tortor eget felis porttitor volutpat. Nulla porttitor accumsan tincidunt. Sed porttitor lectus nibh. Mauris blandit aliquet elit, eget tincidunt nibh pulvinar a. Curabitur non nulla sit amet nisl tempus convallis quis ac lectus. Vivamus suscipit tortor eget felis porttitor volutpat. Curabitur arcu erat, accumsan id imperdiet et, porttitor at sem. Pellentesque in ipsum id orci porta dapibus. Lorem ipsum dolor sit amet, consectetur adipiscing elit.<\\/p>\"}}', '2016-10-09 05:16:58', '2016-10-09 05:16:58', '9fb701bd-0526-416c-a3a9-66791077783e'),
 ('27', '2', '1', '1', 'en_us', '3', '', '{\"typeId\":null,\"authorId\":null,\"title\":\"Welcome to Localhost!\",\"slug\":\"homepage\",\"postDate\":1475946662,\"expiryDate\":null,\"enabled\":1,\"parentId\":null,\"fields\":{\"29\":\"\",\"28\":\"Palouse\"}}', '2016-10-09 06:21:49', '2016-10-09 06:21:49', '8168ee8a-0531-480d-9bc9-54fee7063a60'),
 ('28', '2', '1', '1', 'en_us', '4', '', '{\"typeId\":null,\"authorId\":null,\"title\":\"Homepage\",\"slug\":\"homepage\",\"postDate\":1475946662,\"expiryDate\":null,\"enabled\":1,\"parentId\":null,\"fields\":{\"29\":\"Lorem ipsum dolor sit amet, consectetur adipiscing elit. Lorem ipsum dolor sit amet, consectetur adipiscing elit. Lorem ipsum dolor sit amet, consectetur adipiscing elit. \",\"28\":\"Palouse Resource Guide\"}}', '2016-10-09 06:24:18', '2016-10-09 06:24:18', '06cff9ec-2760-4ca0-8073-16f188734151'),
 ('29', '2', '1', '1', 'en_us', '5', '', '{\"typeId\":null,\"authorId\":null,\"title\":\"Homepage\",\"slug\":\"homepage\",\"postDate\":1475946662,\"expiryDate\":null,\"enabled\":1,\"parentId\":null,\"fields\":{\"31\":\"Contact Us\",\"32\":\"Lorem ipsum dolor sit amet, consectetur adipiscing elit. Lorem ipsum dolor sit amet, consectetur adipiscing elit.\",\"29\":\"Lorem ipsum dolor sit amet, consectetur adipiscing elit. Lorem ipsum dolor sit amet, consectetur adipiscing elit. Lorem ipsum dolor sit amet, consectetur adipiscing elit. \",\"28\":\"Palouse Resource Guide\",\"30\":\"In Partnership With\"}}', '2016-10-09 06:30:57', '2016-10-09 06:30:57', 'd9dad225-1b16-47b8-9a02-ce0d96fb6060'),
 ('30', '6', '3', '1', 'en_us', '14', '', '{\"typeId\":\"3\",\"authorId\":\"1\",\"title\":\"Discount Plumbing\",\"slug\":\"plumbers\",\"postDate\":1475953680,\"expiryDate\":null,\"enabled\":1,\"parentId\":null,\"fields\":{\"35\":[\"59\"],\"23\":{\"14\":{\"type\":\"contactList\",\"enabled\":\"1\",\"fields\":{\"contactName\":\"Ian Davenport\",\"contactPosition\":\"CEO\",\"contactPhone\":\"01202 246938\",\"contactEmail\":\"ian@company.com\"}},\"15\":{\"type\":\"contactList\",\"enabled\":\"1\",\"fields\":{\"contactName\":\"Anthony Davenport\",\"contactPosition\":\"Tea Maker\",\"contactPhone\":\"01202 567934\",\"contactEmail\":\"anthony@company.com\"}}},\"11\":{\"7\":{\"type\":\"about\",\"enabled\":\"1\",\"fields\":{\"about\":\"<p>Praesent sapien massa, convallis a pellentesque nec, egestas non nisi. Cras ultricies ligula sed magna dictum porta. Vivamus suscipit tortor eget felis porttitor volutpat. Proin eget tortor risus. Donec rutrum congue leo eget malesuada. Praesent sapien massa, convallis a pellentesque nec, egestas non nisi. Mauris blandit aliquet elit, eget tincidunt nibh pulvinar a. Donec sollicitudin molestie malesuada. Cras ultricies ligula sed magna dictum porta. Mauris blandit aliquet elit, eget tincidunt nibh pulvinar a.<\\/p>\"}},\"10\":{\"type\":\"address\",\"enabled\":\"1\",\"fields\":{\"address\":\"42 east lane, sussex, uk\"}},\"11\":{\"type\":\"website\",\"enabled\":\"1\",\"fields\":{\"website\":\"www.website.com\"}},\"12\":{\"type\":\"phone\",\"enabled\":\"1\",\"fields\":{\"phone\":\"0\"}},\"13\":{\"type\":\"email\",\"enabled\":\"1\",\"fields\":{\"email\":\"email@email.com\"}}},\"10\":\"<p>Nulla quis lorem ut libero malesuada feugiat. Vivamus suscipit tortor eget felis porttitor volutpat. Quisque velit nisi, pretium ut lacinia in, elementum id enim. Proin eget tortor risus. Donec sollicitudin molestie malesuada. Vivamus suscipit tortor eget felis porttitor volutpat. Donec sollicitudin molestie malesuada. Curabitur non nulla sit amet nisl tempus convallis quis ac lectus. Curabitur non nulla sit amet nisl tempus convallis quis ac lectus. Donec sollicitudin molestie malesuada.<\\/p>\"}}', '2016-10-09 17:39:05', '2016-10-09 17:39:05', '6b775fdd-a1aa-435f-8286-2cf69369b0de'),
 ('31', '5', '3', '1', 'en_us', '8', '', '{\"typeId\":\"3\",\"authorId\":\"1\",\"title\":\"Spokane Rugby Union\",\"slug\":\"rugbyleague\",\"postDate\":1475949780,\"expiryDate\":null,\"enabled\":1,\"parentId\":null,\"fields\":{\"35\":[\"50\"],\"23\":{\"18\":{\"type\":\"contactList\",\"enabled\":\"1\",\"fields\":{\"contactName\":\"Mr Tim Saunders\",\"contactPosition\":\"Head Coach\",\"contactPhone\":\"509 555 333\",\"contactEmail\":\"tim@spokanerugbyunion.com\"}}},\"11\":{\"19\":{\"type\":\"email\",\"enabled\":\"1\",\"fields\":{\"email\":\"Tim@SpokaneRugbyUnion.com\"}},\"16\":{\"type\":\"about\",\"enabled\":\"1\",\"fields\":{\"about\":\"<p>Curabitur aliquet quam id dui posuere blandit. Pellentesque in ipsum id orci porta dapibus. Curabitur arcu erat, accumsan id imperdiet et, porttitor at sem. Vestibulum ante ipsum primis in faucibus orci luctus et ultrices posuere cubilia Curae; Donec velit neque, auctor sit amet aliquam vel, ullamcorper sit amet ligula. Vestibulum ante ipsum primis in faucibus orci luctus et ultrices posuere cubilia Curae; Donec velit neque, auctor sit amet aliquam vel, ullamcorper sit amet ligula. Vestibulum ante ipsum primis in faucibus orci luctus et ultrices posuere cubilia Curae; Donec velit neque, auctor sit amet aliquam vel, ullamcorper sit amet ligula. Proin eget tortor risus. Cras ultricies ligula sed magna dictum porta. Proin eget tortor risus. Curabitur arcu erat, accumsan id imperdiet et, porttitor at sem.<\\/p>\"}},\"17\":{\"type\":\"address\",\"enabled\":\"1\",\"fields\":{\"address\":\"45 Rugby Lane, Spokane, USA\"}},\"20\":{\"type\":\"website\",\"enabled\":\"1\",\"fields\":{\"website\":\"www.spokanerugbycom\"}}},\"10\":\"<p>Donec sollicitudin molestie malesuada. Vivamus suscipit tortor eget felis porttitor volutpat. Nulla porttitor accumsan tincidunt. Sed porttitor lectus nibh. Mauris blandit aliquet elit, eget tincidunt nibh pulvinar a. Curabitur non nulla sit amet nisl tempus convallis quis ac lectus. Vivamus suscipit tortor eget felis porttitor volutpat. Curabitur arcu erat, accumsan id imperdiet et, porttitor at sem. Pellentesque in ipsum id orci porta dapibus. Lorem ipsum dolor sit amet, consectetur adipiscing elit.<\\/p>\"}}', '2016-10-09 17:39:24', '2016-10-09 17:39:24', '563f4afd-e2d7-4375-b550-ab4417fac75c'),
 ('32', '4', '3', '1', 'en_us', '4', '', '{\"typeId\":\"3\",\"authorId\":\"1\",\"title\":\"ER Hospital \",\"slug\":\"er-hospital\",\"postDate\":1475949720,\"expiryDate\":null,\"enabled\":1,\"parentId\":null,\"fields\":{\"35\":[\"45\"],\"23\":{\"26\":{\"type\":\"contactList\",\"enabled\":\"1\",\"fields\":{\"contactName\":\"Dr John Smith\",\"contactPosition\":\"Doctor\",\"contactPhone\":\"509 555 322\",\"contactEmail\":\"john@er.co,\"}}},\"11\":{\"21\":{\"type\":\"about\",\"enabled\":\"1\",\"fields\":{\"about\":\"<p>Donec sollicitudin molestie malesuada. Vivamus suscipit tortor eget felis porttitor volutpat. Nulla porttitor accumsan tincidunt. Sed porttitor lectus nibh. Mauris blandit aliquet elit, eget tincidunt nibh pulvinar a. Curabitur non nulla sit amet nisl tempus convallis quis ac lectus. Vivamus suscipit tortor eget felis porttitor volutpat. Curabitur arcu erat, accumsan id imperdiet et, porttitor at sem. Pellentesque in ipsum id orci porta dapibus. Lorem ipsum dolor sit amet, consectetur adipiscing elit.<\\/p>\"}},\"22\":{\"type\":\"address\",\"enabled\":\"1\",\"fields\":{\"address\":\"1 Hospital Drive, Spokane, USA\"}},\"23\":{\"type\":\"phone\",\"enabled\":\"1\",\"fields\":{\"phone\":\"0\"}},\"24\":{\"type\":\"services\",\"enabled\":\"1\",\"fields\":{\"services\":\"First Aid, ER, Medical\"}},\"25\":{\"type\":\"website\",\"enabled\":\"1\",\"fields\":{\"website\":\"www.ERhospital.com\"}}},\"10\":\"<p>Donec sollicitudin molestie malesuada. Vivamus suscipit tortor eget felis porttitor volutpat. Nulla porttitor accumsan tincidunt. Sed porttitor lectus nibh. Mauris blandit aliquet elit, eget tincidunt nibh pulvinar a. Curabitur non nulla sit amet nisl tempus convallis quis ac lectus. Vivamus suscipit tortor eget felis porttitor volutpat. Curabitur arcu erat, accumsan id imperdiet et, porttitor at sem. Pellentesque in ipsum id orci porta dapibus. Lorem ipsum dolor sit amet, consectetur adipiscing elit.<\\/p>\"}}', '2016-10-09 17:39:38', '2016-10-09 17:39:38', '4ac38ef6-8964-47a7-a85b-ade4e49e1c24'),
 ('33', '60', '3', '1', 'en_us', '1', '', '{\"typeId\":null,\"authorId\":\"1\",\"title\":\"Urgent Care\",\"slug\":\"urgent-care\",\"postDate\":1476078282,\"expiryDate\":null,\"enabled\":1,\"parentId\":null,\"fields\":{\"35\":[\"45\"],\"23\":{\"new1\":{\"type\":\"contactList\",\"enabled\":\"1\",\"fields\":{\"contactName\":\"Peter Sherman\",\"contactPosition\":\"Doctor\",\"contactPhone\":\"01202-493823\",\"contactEmail\":\"psherman@email.com\"}}},\"11\":{\"new1\":{\"type\":\"about\",\"enabled\":\"1\",\"fields\":{\"about\":\"<p>Vivamus suscipit tortor eget felis porttitor volutpat. Mauris blandit aliquet elit, eget tincidunt nibh pulvinar a. Vivamus magna justo, lacinia eget consectetur sed, convallis at tellus. Quisque velit nisi, pretium ut lacinia in, elementum id enim. Vestibulum ac diam sit amet quam vehicula elementum sed sit amet dui. Vivamus magna justo, lacinia eget consectetur sed, convallis at tellus. Vivamus magna justo, lacinia eget consectetur sed, convallis at tellus. Curabitur arcu erat, accumsan id imperdiet et, porttitor at sem. Pellentesque in ipsum id orci porta dapibus. Nulla quis lorem ut libero malesuada feugiat.<\\/p>\"}},\"new3\":{\"type\":\"email\",\"enabled\":\"1\",\"fields\":{\"email\":\"psherman@email.com\"}},\"new2\":{\"type\":\"address\",\"enabled\":\"1\",\"fields\":{\"address\":\"42 Wallaby Way, Sydney\"}}},\"10\":\"<p>Vivamus suscipit tortor eget felis porttitor volutpat. Mauris blandit aliquet elit, eget tincidunt nibh pulvinar a. Vivamus magna justo, lacinia eget consectetur sed, convallis at tellus. Quisque velit nisi, pretium ut lacinia in, elementum id enim. Vestibulum ac diam sit amet quam vehicula elementum sed sit amet dui. Vivamus magna justo, lacinia eget consectetur sed, convallis at tellus. Vivamus magna justo, lacinia eget consectetur sed, convallis at tellus. Curabitur arcu erat, accumsan id imperdiet et, porttitor at sem. Pellentesque in ipsum id orci porta dapibus. Nulla quis lorem ut libero malesuada feugiat.<\\/p>\"}}', '2016-10-10 05:44:42', '2016-10-10 05:44:42', '21fa5cbe-6d48-4105-82a5-34287f0f7e11'),
 ('34', '65', '3', '1', 'en_us', '1', '', '{\"typeId\":null,\"authorId\":\"1\",\"title\":\"Providence \",\"slug\":\"providence\",\"postDate\":1476200925,\"expiryDate\":null,\"enabled\":1,\"parentId\":null,\"fields\":{\"35\":[\"45\"],\"23\":{\"new1\":{\"type\":\"contactList\",\"enabled\":\"1\",\"fields\":{\"contactName\":\"Dr Ponton\",\"contactPosition\":\"Doctor\",\"contactPhone\":\"04302 43545\",\"contactEmail\":\"ponton@providence.com\"}}},\"11\":{\"new1\":{\"type\":\"about\",\"enabled\":\"1\",\"fields\":{\"about\":\"<p>Cras ultricies ligula sed magna dictum porta. Vivamus magna justo, lacinia eget consectetur sed, convallis at tellus. Curabitur non nulla sit amet nisl tempus convallis quis ac lectus. Cras ultricies ligula sed magna dictum porta. Mauris blandit aliquet elit, eget tincidunt nibh pulvinar a. Vestibulum ac diam sit amet quam vehicula elementum sed sit amet dui. Pellentesque in ipsum id orci porta dapibus. Proin eget tortor risus. Quisque velit nisi, pretium ut lacinia in, elementum id enim. Cras ultricies ligula sed magna dictum porta.<\\/p>\"}},\"new2\":{\"type\":\"address\",\"enabled\":\"1\",\"fields\":{\"address\":\"543 Medical Lane, Spokane, WA\"}}},\"10\":\"<p>Cras ultricies ligula sed magna dictum porta. Vivamus magna justo, lacinia eget consectetur sed, convallis at tellus. Curabitur non nulla sit amet nisl tempus convallis quis ac lectus. Cras ultricies ligula sed magna dictum porta. Mauris blandit aliquet elit, eget tincidunt nibh pulvinar a. Vestibulum ac diam sit amet quam vehicula elementum sed sit amet dui. Pellentesque in ipsum id orci porta dapibus. Proin eget tortor risus. Quisque velit nisi, pretium ut lacinia in, elementum id enim. Cras ultricies ligula sed magna dictum porta.<\\/p>\"}}', '2016-10-11 15:48:45', '2016-10-11 15:48:45', 'bd15898e-1ae5-4eba-821e-1990205a89f2'),
 ('35', '69', '3', '1', 'en_us', '1', '', '{\"typeId\":null,\"authorId\":\"1\",\"title\":\"Twin Lake Hospice\",\"slug\":\"twin-lake-hospice\",\"postDate\":1476201005,\"expiryDate\":null,\"enabled\":1,\"parentId\":null,\"fields\":{\"35\":[\"45\"],\"23\":\"\",\"11\":{\"new1\":{\"type\":\"about\",\"enabled\":\"1\",\"fields\":{\"about\":\"<p>Cras ultricies ligula sed magna dictum porta. Vivamus magna justo, lacinia eget consectetur sed, convallis at tellus. Curabitur non nulla sit amet nisl tempus convallis quis ac lectus. Cras ultricies ligula sed magna dictum porta. Mauris blandit aliquet elit, eget tincidunt nibh pulvinar a. Vestibulum ac diam sit amet quam vehicula elementum sed sit amet dui. Pellentesque in ipsum id orci porta dapibus. Proin eget tortor risus. Quisque velit nisi, pretium ut lacinia in, elementum id enim. Cras ultricies ligula sed magna dictum porta.<\\/p>\"}},\"new2\":{\"type\":\"address\",\"enabled\":\"1\",\"fields\":{\"address\":\"5321 North West, Spokane, WA\"}},\"new3\":{\"type\":\"website\",\"enabled\":\"1\",\"fields\":{\"website\":\"www.twinlakes.com\"}}},\"10\":\"<p>Cras ultricies ligula sed magna dictum porta. Vivamus magna justo, lacinia eget consectetur sed, convallis at tellus. Curabitur non nulla sit amet nisl tempus convallis quis ac lectus. Cras ultricies ligula sed magna dictum porta. Mauris blandit aliquet elit, eget tincidunt nibh pulvinar a. Vestibulum ac diam sit amet quam vehicula elementum sed sit amet dui. Pellentesque in ipsum id orci porta dapibus. Proin eget tortor risus. Quisque velit nisi, pretium ut lacinia in, elementum id enim. Cras ultricies ligula sed magna dictum porta.<\\/p>\"}}', '2016-10-11 15:50:05', '2016-10-11 15:50:05', 'b4a43552-35c0-4a43-a945-397be8718c0e'),
 ('36', '73', '3', '1', 'en_us', '1', '', '{\"typeId\":null,\"authorId\":\"1\",\"title\":\"ASAP Hospital \",\"slug\":\"asap-hospital\",\"postDate\":1476201628,\"expiryDate\":null,\"enabled\":1,\"parentId\":null,\"fields\":{\"35\":[\"45\"],\"23\":{\"new1\":{\"type\":\"contactList\",\"enabled\":\"1\",\"fields\":{\"contactName\":\"Dr Brian Bradondi\",\"contactPosition\":\"Doctor\",\"contactPhone\":\"45643464\",\"contactEmail\":\"brian@ASAP.com\"}}},\"11\":{\"new1\":{\"type\":\"about\",\"enabled\":\"1\",\"fields\":{\"about\":\"<p>Cras ultricies ligula sed magna dictum porta. Vivamus magna justo, lacinia eget consectetur sed, convallis at tellus. Curabitur non nulla sit amet nisl tempus convallis quis ac lectus. Cras ultricies ligula sed magna dictum porta. Mauris blandit aliquet elit, eget tincidunt nibh pulvinar a. Vestibulum ac diam sit amet quam vehicula elementum sed sit amet dui. Pellentesque in ipsum id orci porta dapibus. Proin eget tortor risus. Quisque velit nisi, pretium ut lacinia in, elementum id enim. Cras ultricies ligula sed magna dictum porta.<\\/p><p>Cras ultricies ligula sed magna dictum porta. Vivamus magna justo, lacinia eget consectetur sed, convallis at tellus. Curabitur non nulla sit amet nisl tempus convallis quis ac lectus. Cras ultricies ligula sed magna dictum porta. Mauris blandit aliquet elit, eget tincidunt nibh pulvinar a. Vestibulum ac diam sit amet quam vehicula elementum sed sit amet dui. Pellentesque in ipsum id orci porta dapibus. Proin eget tortor risus. Quisque velit nisi, pretium ut lacinia in, elementum id enim. Cras ultricies ligula sed magna dictum porta.<br><\\/p>\"}},\"new2\":{\"type\":\"phone\",\"enabled\":\"1\",\"fields\":{\"phone\":\"34532165\"}},\"new3\":{\"type\":\"services\",\"enabled\":\"1\",\"fields\":{\"services\":\"Urgent Care\"}},\"new4\":{\"type\":\"website\",\"enabled\":\"1\",\"fields\":{\"website\":\"www.ASAPHospital.com\"}}},\"10\":\"Cras ultricies ligula sed magna dictum porta. Vivamus magna justo, lacinia eget consectetur sed, convallis at tellus. Curabitur non nulla sit amet nisl tempus convallis quis ac lectus. Cras ultricies ligula sed magna dictum porta. Mauris blandit aliquet elit, eget tincidunt nibh pulvinar a. Vestibulum ac diam sit amet quam vehicula elementum sed sit amet dui. Pellentesque in ipsum id orci porta dapibus. Proin eget tortor risus. Quisque velit nisi, pretium ut lacinia in, elementum id enim. Cras ultricies ligula sed magna dictum porta.\"}}', '2016-10-11 16:00:28', '2016-10-11 16:00:28', 'c791812c-ef51-4199-878c-c3663f07434b'),
 ('37', '79', '3', '1', 'en_us', '1', '', '{\"typeId\":null,\"authorId\":\"1\",\"title\":\"Asuris Health \",\"slug\":\"asuris-health\",\"postDate\":1476201675,\"expiryDate\":null,\"enabled\":1,\"parentId\":null,\"fields\":{\"35\":[\"45\"],\"23\":\"\",\"11\":{\"new1\":{\"type\":\"about\",\"enabled\":\"1\",\"fields\":{\"about\":\"<p>Cras ultricies ligula sed magna dictum porta. Vivamus magna justo, lacinia eget consectetur sed, convallis at tellus. Curabitur non nulla sit amet nisl tempus convallis quis ac lectus. Cras ultricies ligula sed magna dictum porta. Mauris blandit aliquet elit, eget tincidunt nibh pulvinar a. Vestibulum ac diam sit amet quam vehicula elementum sed sit amet dui. Pellentesque in ipsum id orci porta dapibus. Proin eget tortor risus. Quisque velit nisi, pretium ut lacinia in, elementum id enim. Cras ultricies ligula sed magna dictum porta.<\\/p><p>Cras ultricies ligula sed magna dictum porta. Vivamus magna justo, lacinia eget consectetur sed, convallis at tellus. Curabitur non nulla sit amet nisl tempus convallis quis ac lectus. Cras ultricies ligula sed magna dictum porta. Mauris blandit aliquet elit, eget tincidunt nibh pulvinar a. Vestibulum ac diam sit amet quam vehicula elementum sed sit amet dui. Pellentesque in ipsum id orci porta dapibus. Proin eget tortor risus. Quisque velit nisi, pretium ut lacinia in, elementum id enim. Cras ultricies ligula sed magna dictum porta.<br><\\/p>\"}},\"new2\":{\"type\":\"phone\",\"enabled\":\"1\",\"fields\":{\"phone\":\"453456\"}}},\"10\":\"Cras ultricies ligula sed magna dictum porta. Vivamus magna justo, lacinia eget consectetur sed, convallis at tellus. Curabitur non nulla sit amet nisl tempus convallis quis ac lectus. Cras ultricies ligula sed magna dictum porta. Mauris blandit aliquet elit, eget tincidunt nibh pulvinar a. Vestibulum ac diam sit amet quam vehicula elementum sed sit amet dui. Pellentesque in ipsum id orci porta dapibus. Proin eget tortor risus. Quisque velit nisi, pretium ut lacinia in, elementum id enim. Cras ultricies ligula sed magna dictum porta.\"}}', '2016-10-11 16:01:15', '2016-10-11 16:01:15', '3fe6060f-8e98-49af-ae79-90ed9c3346c9'),
 ('38', '82', '3', '1', 'en_us', '1', '', '{\"typeId\":null,\"authorId\":\"1\",\"title\":\"Regent Care Emergency\",\"slug\":\"regent-care-emergency\",\"postDate\":1476201803,\"expiryDate\":null,\"enabled\":1,\"parentId\":null,\"fields\":{\"35\":[\"45\"],\"23\":{\"new1\":{\"type\":\"contactList\",\"enabled\":\"1\",\"fields\":{\"contactName\":\"Mrs Sue Cotteril\",\"contactPosition\":\"Secretary\",\"contactPhone\":\"454235246\",\"contactEmail\":\"Sue@Er.com\"}}},\"11\":{\"new1\":{\"type\":\"about\",\"enabled\":\"1\",\"fields\":{\"about\":\"<p>Cras ultricies ligula sed magna dictum porta. Vivamus magna justo, lacinia eget consectetur sed, convallis at tellus. Curabitur non nulla sit amet nisl tempus convallis quis ac lectus. Cras ultricies ligula sed magna dictum porta. Mauris blandit aliquet elit, eget tincidunt nibh pulvinar a. Vestibulum ac diam sit amet quam vehicula elementum sed sit amet dui. Pellentesque in ipsum id orci porta dapibus. Proin eget tortor risus. Quisque velit nisi, pretium ut lacinia in, elementum id enim. Cras ultricies ligula sed magna dictum porta.<\\/p><p>Cras ultricies ligula sed magna dictum porta. Vivamus magna justo, lacinia eget consectetur sed, convallis at tellus. Curabitur non nulla sit amet nisl tempus convallis quis ac lectus. Cras ultricies ligula sed magna dictum porta. Mauris blandit aliquet elit, eget tincidunt nibh pulvinar a. Vestibulum ac diam sit amet quam vehicula elementum sed sit amet dui. Pellentesque in ipsum id orci porta dapibus. Proin eget tortor risus. Quisque velit nisi, pretium ut lacinia in, elementum id enim. Cras ultricies ligula sed magna dictum porta.<\\/p>\"}},\"new2\":{\"type\":\"phone\",\"enabled\":\"1\",\"fields\":{\"phone\":\"4353455\"}},\"new3\":{\"type\":\"services\",\"enabled\":\"1\",\"fields\":{\"services\":\"ER, Emergency, Accident and Emergency, Medical\"}},\"new4\":{\"type\":\"website\",\"enabled\":\"1\",\"fields\":{\"website\":\"www.RegencyER.com\"}},\"new5\":{\"type\":\"email\",\"enabled\":\"1\",\"fields\":{\"email\":\"email@email.com\"}}},\"10\":\"Cras ultricies ligula sed magna dictum porta. Vivamus magna justo, lacinia eget consectetur sed, convallis at tellus. Curabitur non nulla sit amet nisl tempus convallis quis ac lectus. Cras ultricies ligula sed magna dictum porta. Mauris blandit aliquet elit, eget tincidunt nibh pulvinar a. Vestibulum ac diam sit amet quam vehicula elementum sed sit amet dui. Pellentesque in ipsum id orci porta dapibus. Proin eget tortor risus. Quisque velit nisi, pretium ut lacinia in, elementum id enim. Cras ultricies ligula sed magna dictum porta.\"}}', '2016-10-11 16:03:23', '2016-10-11 16:03:23', 'a68ac86f-6e11-4f9d-b7f7-2096f8c20c61'),
 ('39', '4', '3', '1', 'en_us', '5', '', '{\"typeId\":\"3\",\"authorId\":\"1\",\"title\":\"ER Hospital \",\"slug\":\"er-hospital\",\"postDate\":1475949720,\"expiryDate\":null,\"enabled\":1,\"parentId\":null,\"fields\":{\"35\":[\"45\"],\"23\":{\"26\":{\"type\":\"contactList\",\"enabled\":\"1\",\"fields\":{\"contactName\":\"Dr John Smith\",\"contactPosition\":\"Doctor\",\"contactPhone\":\"509 555 322\",\"contactEmail\":\"john@er.co,\"}}},\"11\":{\"21\":{\"type\":\"about\",\"enabled\":\"1\",\"fields\":{\"about\":\"<p>Donec sollicitudin molestie malesuada. Vivamus suscipit tortor eget felis porttitor volutpat. Nulla porttitor accumsan tincidunt. Sed porttitor lectus nibh. Mauris blandit aliquet elit, eget tincidunt nibh pulvinar a. Curabitur non nulla sit amet nisl tempus convallis quis ac lectus. Vivamus suscipit tortor eget felis porttitor volutpat. Curabitur arcu erat, accumsan id imperdiet et, porttitor at sem. Pellentesque in ipsum id orci porta dapibus. Lorem ipsum dolor sit amet, consectetur adipiscing elit.<\\/p>\"}},\"22\":{\"type\":\"address\",\"enabled\":\"1\",\"fields\":{\"address\":\"1 Hospital Drive, Spokane, USA\"}},\"23\":{\"type\":\"phone\",\"enabled\":\"1\",\"fields\":{\"phone\":\"0\"}},\"24\":{\"type\":\"services\",\"enabled\":\"1\",\"fields\":{\"services\":\"First Aid, ER, Medical\"}},\"25\":{\"type\":\"website\",\"enabled\":\"1\",\"fields\":{\"website\":\"www.ERhospital.com\"}}},\"10\":\"Donec sollicitudin molestie malesuada. Vivamus suscipit tortor eget felis porttitor volutpat. Nulla porttitor accumsan tincidunt. Sed porttitor lectus nibh. Mauris blandit aliquet elit, eget tincidunt nibh pulvinar a. Curabitur non nulla sit amet nisl tempus convallis quis ac lectus. Vivamus suscipit tortor eget felis porttitor volutpat. Curabitur arcu erat, accumsan id imperdiet et, porttitor at sem. Pellentesque in ipsum id orci porta dapibus. Lorem ipsum dolor sit amet, consectetur adipiscing elit.\"}}', '2016-10-11 16:03:54', '2016-10-11 16:03:54', 'afd35bb4-7412-4c01-ba4e-12177337b959'),
 ('40', '65', '3', '1', 'en_us', '2', '', '{\"typeId\":\"3\",\"authorId\":\"1\",\"title\":\"Providence \",\"slug\":\"providence\",\"postDate\":1476200880,\"expiryDate\":null,\"enabled\":1,\"parentId\":null,\"fields\":{\"35\":[\"45\"],\"23\":{\"68\":{\"type\":\"contactList\",\"enabled\":\"1\",\"fields\":{\"contactName\":\"Dr Ponton\",\"contactPosition\":\"Doctor\",\"contactPhone\":\"04302 43545\",\"contactEmail\":\"ponton@providence.com\"}}},\"11\":{\"66\":{\"type\":\"about\",\"enabled\":\"1\",\"fields\":{\"about\":\"<p>Cras ultricies ligula sed magna dictum porta. Vivamus magna justo, lacinia eget consectetur sed, convallis at tellus. Curabitur non nulla sit amet nisl tempus convallis quis ac lectus. Cras ultricies ligula sed magna dictum porta. Mauris blandit aliquet elit, eget tincidunt nibh pulvinar a. Vestibulum ac diam sit amet quam vehicula elementum sed sit amet dui. Pellentesque in ipsum id orci porta dapibus. Proin eget tortor risus. Quisque velit nisi, pretium ut lacinia in, elementum id enim. Cras ultricies ligula sed magna dictum porta.<\\/p>\"}},\"67\":{\"type\":\"address\",\"enabled\":\"1\",\"fields\":{\"address\":\"543 Medical Lane, Spokane, WA\"}}},\"10\":\"Donec sollicitudin molestie malesuada. Vivamus suscipit tortor eget felis porttitor volutpat. Nulla porttitor accumsan tincidunt. Sed porttitor lectus nibh. Mauris blandit aliquet elit, eget tincidunt nibh pulvinar a. Curabitur non nulla sit amet nisl tempus convallis quis ac lectus. Vivamus suscipit tortor eget felis porttitor volutpat. Curabitur arcu erat, accumsan id imperdiet et, porttitor at sem. Pellentesque in ipsum id orci porta dapibus. Lorem ipsum dolor sit amet, consectetur adipiscing elit.\"}}', '2016-10-11 16:04:13', '2016-10-11 16:04:13', 'eeac4974-d388-4b53-857f-e5bfaf559e48'),
 ('41', '60', '3', '1', 'en_us', '2', '', '{\"typeId\":\"3\",\"authorId\":\"1\",\"title\":\"Urgent Care\",\"slug\":\"urgent-care\",\"postDate\":1476078240,\"expiryDate\":null,\"enabled\":1,\"parentId\":null,\"fields\":{\"35\":[\"45\"],\"23\":{\"64\":{\"type\":\"contactList\",\"enabled\":\"1\",\"fields\":{\"contactName\":\"Peter Sherman\",\"contactPosition\":\"Doctor\",\"contactPhone\":\"01202-493823\",\"contactEmail\":\"psherman@email.com\"}}},\"11\":{\"61\":{\"type\":\"about\",\"enabled\":\"1\",\"fields\":{\"about\":\"<p>Vivamus suscipit tortor eget felis porttitor volutpat. Mauris blandit aliquet elit, eget tincidunt nibh pulvinar a. Vivamus magna justo, lacinia eget consectetur sed, convallis at tellus. Quisque velit nisi, pretium ut lacinia in, elementum id enim. Vestibulum ac diam sit amet quam vehicula elementum sed sit amet dui. Vivamus magna justo, lacinia eget consectetur sed, convallis at tellus. Vivamus magna justo, lacinia eget consectetur sed, convallis at tellus. Curabitur arcu erat, accumsan id imperdiet et, porttitor at sem. Pellentesque in ipsum id orci porta dapibus. Nulla quis lorem ut libero malesuada feugiat.<\\/p>\"}},\"62\":{\"type\":\"email\",\"enabled\":\"1\",\"fields\":{\"email\":\"psherman@email.com\"}},\"63\":{\"type\":\"address\",\"enabled\":\"1\",\"fields\":{\"address\":\"42 Wallaby Way, Sydney\"}}},\"10\":\"Donec sollicitudin molestie malesuada. Vivamus suscipit tortor eget felis porttitor volutpat. Nulla porttitor accumsan tincidunt. Sed porttitor lectus nibh. Mauris blandit aliquet elit, eget tincidunt nibh pulvinar a. Curabitur non nulla sit amet nisl tempus convallis quis ac lectus. Vivamus suscipit tortor eget felis porttitor volutpat. Curabitur arcu erat, accumsan id imperdiet et, porttitor at sem. Pellentesque in ipsum id orci porta dapibus. Lorem ipsum dolor sit amet, consectetur adipiscing elit.\"}}', '2016-10-11 16:04:27', '2016-10-11 16:04:27', 'f02241d5-cd30-46ed-8d6a-bee7a18a576e'),
 ('42', '69', '3', '1', 'en_us', '2', '', '{\"typeId\":\"3\",\"authorId\":\"1\",\"title\":\"Twin Lake Hospice\",\"slug\":\"twin-lake-hospice\",\"postDate\":1476201000,\"expiryDate\":null,\"enabled\":1,\"parentId\":null,\"fields\":{\"35\":[\"45\"],\"23\":\"\",\"11\":{\"70\":{\"type\":\"about\",\"enabled\":\"1\",\"fields\":{\"about\":\"<p>Cras ultricies ligula sed magna dictum porta. Vivamus magna justo, lacinia eget consectetur sed, convallis at tellus. Curabitur non nulla sit amet nisl tempus convallis quis ac lectus. Cras ultricies ligula sed magna dictum porta. Mauris blandit aliquet elit, eget tincidunt nibh pulvinar a. Vestibulum ac diam sit amet quam vehicula elementum sed sit amet dui. Pellentesque in ipsum id orci porta dapibus. Proin eget tortor risus. Quisque velit nisi, pretium ut lacinia in, elementum id enim. Cras ultricies ligula sed magna dictum porta.<\\/p>\"}},\"71\":{\"type\":\"address\",\"enabled\":\"1\",\"fields\":{\"address\":\"5321 North West, Spokane, WA\"}},\"72\":{\"type\":\"website\",\"enabled\":\"1\",\"fields\":{\"website\":\"www.twinlakes.com\"}}},\"10\":\"Donec sollicitudin molestie malesuada. Vivamus suscipit tortor eget felis porttitor volutpat. Nulla porttitor accumsan tincidunt. Sed porttitor lectus nibh. Mauris blandit aliquet elit, eget tincidunt nibh pulvinar a. Curabitur non nulla sit amet nisl tempus convallis quis ac lectus. Vivamus suscipit tortor eget felis porttitor volutpat. Curabitur arcu erat, accumsan id imperdiet et, porttitor at sem. Pellentesque in ipsum id orci porta dapibus. Lorem ipsum dolor sit amet, consectetur adipiscing elit.\"}}', '2016-10-11 16:04:35', '2016-10-11 16:04:35', 'cccb2e09-589f-4769-a7ba-eb749cc5f766'),
 ('43', '73', '3', '1', 'en_us', '2', '', '{\"typeId\":\"3\",\"authorId\":\"1\",\"title\":\"ASAP Hospital \",\"slug\":\"asap-hospital\",\"postDate\":1476201600,\"expiryDate\":null,\"enabled\":1,\"parentId\":null,\"fields\":{\"35\":[\"45\"],\"23\":{\"78\":{\"type\":\"contactList\",\"enabled\":\"1\",\"fields\":{\"contactName\":\"Dr Brian Bradondi\",\"contactPosition\":\"Doctor\",\"contactPhone\":\"45643464\",\"contactEmail\":\"brian@ASAP.com\"}}},\"11\":{\"74\":{\"type\":\"about\",\"enabled\":\"1\",\"fields\":{\"about\":\"<p>Cras ultricies ligula sed magna dictum porta. Vivamus magna justo, lacinia eget consectetur sed, convallis at tellus. Curabitur non nulla sit amet nisl tempus convallis quis ac lectus. Cras ultricies ligula sed magna dictum porta. Mauris blandit aliquet elit, eget tincidunt nibh pulvinar a. Vestibulum ac diam sit amet quam vehicula elementum sed sit amet dui. Pellentesque in ipsum id orci porta dapibus. Proin eget tortor risus. Quisque velit nisi, pretium ut lacinia in, elementum id enim. Cras ultricies ligula sed magna dictum porta.<\\/p>\\r\\n\\r\\n<p>Cras ultricies ligula sed magna dictum porta. Vivamus magna justo, lacinia eget consectetur sed, convallis at tellus. Curabitur non nulla sit amet nisl tempus convallis quis ac lectus. Cras ultricies ligula sed magna dictum porta. Mauris blandit aliquet elit, eget tincidunt nibh pulvinar a. Vestibulum ac diam sit amet quam vehicula elementum sed sit amet dui. Pellentesque in ipsum id orci porta dapibus. Proin eget tortor risus. Quisque velit nisi, pretium ut lacinia in, elementum id enim. Cras ultricies ligula sed magna dictum porta.<br><\\/p>\"}},\"77\":{\"type\":\"website\",\"enabled\":\"1\",\"fields\":{\"website\":\"www.ASAPHospital.com\"}},\"76\":{\"type\":\"services\",\"enabled\":\"1\",\"fields\":{\"services\":\"Urgent Care\"}}},\"10\":\"Cras ultricies ligula sed magna dictum porta. Vivamus magna justo, lacinia eget consectetur sed, convallis at tellus. Curabitur non nulla sit amet nisl tempus convallis quis ac lectus. Cras ultricies ligula sed magna dictum porta. Mauris blandit aliquet elit, eget tincidunt nibh pulvinar a. Vestibulum ac diam sit amet quam vehicula elementum sed sit amet dui. Pellentesque in ipsum id orci porta dapibus. Proin eget tortor risus. Quisque velit nisi, pretium ut lacinia in, elementum id enim. Cras ultricies ligula sed magna dictum porta.\"}}', '2016-10-11 17:55:57', '2016-10-11 17:55:57', '848732c1-6a3a-49be-b75a-d2272e42bbcf'),
 ('44', '82', '3', '1', 'en_us', '2', '', '{\"typeId\":\"3\",\"authorId\":\"1\",\"title\":\"Regent Care Emergency\",\"slug\":\"regent-care-emergency\",\"postDate\":1476201780,\"expiryDate\":null,\"enabled\":1,\"parentId\":null,\"fields\":{\"35\":[\"45\"],\"23\":{\"88\":{\"type\":\"contactList\",\"enabled\":\"1\",\"fields\":{\"contactName\":\"Mrs Sue Cotteril\",\"contactPosition\":\"Secretary\",\"contactPhone\":\"454235246\",\"contactEmail\":\"Sue@Er.com\"}},\"new1\":{\"type\":\"contactList\",\"enabled\":\"1\",\"fields\":{\"contactName\":\"\",\"contactPosition\":\"\",\"contactPhone\":\"\",\"contactEmail\":\"\"}},\"new2\":{\"type\":\"contactList\",\"enabled\":\"1\",\"fields\":{\"contactName\":\"\",\"contactPosition\":\"\",\"contactPhone\":\"\",\"contactEmail\":\"\"}}},\"11\":{\"83\":{\"type\":\"about\",\"enabled\":\"1\",\"fields\":{\"about\":\"<p>Cras ultricies ligula sed magna dictum porta. Vivamus magna justo, lacinia eget consectetur sed, convallis at tellus. Curabitur non nulla sit amet nisl tempus convallis quis ac lectus. Cras ultricies ligula sed magna dictum porta. Mauris blandit aliquet elit, eget tincidunt nibh pulvinar a. Vestibulum ac diam sit amet quam vehicula elementum sed sit amet dui. Pellentesque in ipsum id orci porta dapibus. Proin eget tortor risus. Quisque velit nisi, pretium ut lacinia in, elementum id enim. Cras ultricies ligula sed magna dictum porta.<\\/p>\\r\\n\\r\\n<p>Cras ultricies ligula sed magna dictum porta. Vivamus magna justo, lacinia eget consectetur sed, convallis at tellus. Curabitur non nulla sit amet nisl tempus convallis quis ac lectus. Cras ultricies ligula sed magna dictum porta. Mauris blandit aliquet elit, eget tincidunt nibh pulvinar a. Vestibulum ac diam sit amet quam vehicula elementum sed sit amet dui. Pellentesque in ipsum id orci porta dapibus. Proin eget tortor risus. Quisque velit nisi, pretium ut lacinia in, elementum id enim. Cras ultricies ligula sed magna dictum porta.<\\/p>\"}},\"84\":{\"type\":\"phone\",\"enabled\":\"1\",\"fields\":{\"phone\":\"4353455\"}},\"85\":{\"type\":\"services\",\"enabled\":\"1\",\"fields\":{\"services\":\"ER, Emergency, Accident and Emergency, Medical\"}},\"86\":{\"type\":\"website\",\"enabled\":\"1\",\"fields\":{\"website\":\"www.RegencyER.com\"}},\"87\":{\"type\":\"email\",\"enabled\":\"1\",\"fields\":{\"email\":\"email@email.com\"}},\"new1\":{\"type\":\"website\",\"enabled\":\"1\",\"fields\":{\"website\":\"\"}},\"new2\":{\"type\":\"email\",\"enabled\":\"1\",\"fields\":{\"email\":\"\"}}},\"10\":\"Cras ultricies ligula sed magna dictum porta. Vivamus magna justo, lacinia eget consectetur sed, convallis at tellus. Curabitur non nulla sit amet nisl tempus convallis quis ac lectus. Cras ultricies ligula sed magna dictum porta. Mauris blandit aliquet elit, eget tincidunt nibh pulvinar a. Vestibulum ac diam sit amet quam vehicula elementum sed sit amet dui. Pellentesque in ipsum id orci porta dapibus. Proin eget tortor risus. Quisque velit nisi, pretium ut lacinia in, elementum id enim. Cras ultricies ligula sed magna dictum porta.\"}}', '2016-10-11 17:56:19', '2016-10-11 17:56:19', '5d663a7d-f8b7-47fd-9d20-438d56bb259a'),
 ('45', '73', '3', '1', 'en_us', '3', '', '{\"typeId\":\"3\",\"authorId\":\"1\",\"title\":\"ASAP Hospital \",\"slug\":\"asap-hospital\",\"postDate\":1476201600,\"expiryDate\":null,\"enabled\":1,\"parentId\":null,\"fields\":{\"35\":[\"45\"],\"23\":{\"78\":{\"type\":\"contactList\",\"enabled\":\"1\",\"fields\":{\"contactName\":\"Dr Brian Bradondi\",\"contactPosition\":\"Doctor\",\"contactPhone\":\"45643464\",\"contactEmail\":\"brian@ASAP.com\"}},\"new1\":{\"type\":\"contactList\",\"enabled\":\"1\",\"fields\":{\"contactName\":\"Mr Brioan\",\"contactPosition\":\"\",\"contactPhone\":\"\",\"contactEmail\":\"\"}}},\"11\":{\"74\":{\"type\":\"about\",\"enabled\":\"1\",\"fields\":{\"about\":\"<p>Cras ultricies ligula sed magna dictum porta. Vivamus magna justo, lacinia eget consectetur sed, convallis at tellus. Curabitur non nulla sit amet nisl tempus convallis quis ac lectus. Cras ultricies ligula sed magna dictum porta. Mauris blandit aliquet elit, eget tincidunt nibh pulvinar a. Vestibulum ac diam sit amet quam vehicula elementum sed sit amet dui. Pellentesque in ipsum id orci porta dapibus. Proin eget tortor risus. Quisque velit nisi, pretium ut lacinia in, elementum id enim. Cras ultricies ligula sed magna dictum porta.<\\/p>\\r\\n\\r\\n<p>Cras ultricies ligula sed magna dictum porta. Vivamus magna justo, lacinia eget consectetur sed, convallis at tellus. Curabitur non nulla sit amet nisl tempus convallis quis ac lectus. Cras ultricies ligula sed magna dictum porta. Mauris blandit aliquet elit, eget tincidunt nibh pulvinar a. Vestibulum ac diam sit amet quam vehicula elementum sed sit amet dui. Pellentesque in ipsum id orci porta dapibus. Proin eget tortor risus. Quisque velit nisi, pretium ut lacinia in, elementum id enim. Cras ultricies ligula sed magna dictum porta.<br><\\/p>\"}},\"77\":{\"type\":\"website\",\"enabled\":\"1\",\"fields\":{\"website\":\"www.ASAPHospital.com\"}},\"76\":{\"type\":\"services\",\"enabled\":\"1\",\"fields\":{\"services\":\"Urgent Care\"}}},\"10\":\"Cras ultricies ligula sed magna dictum porta. Vivamus magna justo, lacinia eget consectetur sed, convallis at tellus. Curabitur non nulla sit amet nisl tempus convallis quis ac lectus. Cras ultricies ligula sed magna dictum porta. Mauris blandit aliquet elit, eget tincidunt nibh pulvinar a. Vestibulum ac diam sit amet quam vehicula elementum sed sit amet dui. Pellentesque in ipsum id orci porta dapibus. Proin eget tortor risus. Quisque velit nisi, pretium ut lacinia in, elementum id enim. Cras ultricies ligula sed magna dictum porta.\"}}', '2016-10-11 17:56:52', '2016-10-11 17:56:52', '1ca937b0-a46b-464b-b068-f7936520b401'),
 ('46', '95', '3', '1', 'en_us', '1', '', '{\"typeId\":null,\"authorId\":\"1\",\"title\":\"Discount Water Heater\",\"slug\":\"discount-water-heater\",\"postDate\":1476209585,\"expiryDate\":null,\"enabled\":1,\"parentId\":null,\"fields\":{\"35\":[\"45\",\"94\"],\"23\":{\"new1\":{\"type\":\"contactList\",\"enabled\":\"1\",\"fields\":{\"contactName\":\"David Hewes\",\"contactPosition\":\"Owner\",\"contactPhone\":\"55500392\",\"contactEmail\":\"david@discountwaterheater.com\"}}},\"11\":{\"new1\":{\"type\":\"about\",\"enabled\":\"1\",\"fields\":{\"about\":\"<p>Nulla quis l<strong>orem<\\/strong> ut libero malesuada feugiat. Proin eget tortor risus. Vestibulum ac diam sit amet quam vehicula elementum sed sit amet dui. Curabitur arcu erat, accumsan id imperdiet et, porttitor at sem. Curabitur aliquet quam id dui posuere blandit. Lorem ipsum dolor sit amet, consectetur adipiscing elit. Curabitur aliquet quam id dui posuere blandit. Vivamus magna justo, lacinia eget consectetur sed, convallis at tellus. Vivamus suscipit tortor eget felis porttitor volutpat. Curabitur non nulla sit amet nisl tempus convallis quis ac lectus.<\\/p><p>Nulla quis lorem ut libero malesuada feugiat. Proin eget tortor risus. Vestibulum ac diam sit amet quam vehicula elementum sed sit amet dui. Curabitur arcu erat, accumsan id imperdiet et, porttitor at sem. Curabitur aliquet quam id dui posuere blandit. Lorem ipsum dolor sit amet, consectetur adipiscing elit. Curabitur aliquet quam id dui posuere blandit. Vivamus magna justo, lacinia eget consectetur sed, convallis at tellus. Vivamus suscipit tortor eget felis porttitor volutpat. Curabitur non nulla sit amet nisl tempus convallis quis ac lectus.<span><\\/span><br><\\/p><p>Nulla quis lorem ut libero malesuada feugiat. Proin eget tortor risus. Vestibulum ac diam sit amet quam vehicula elementum sed sit amet dui. Curabitur arcu erat, accumsan id imperdiet et, porttitor at sem. Curabitur aliquet quam id dui posuere blandit. Lorem ipsum dolor sit amet, consectetur adipiscing elit. Curabitur aliquet quam id dui posuere blandit. Vivamus magna justo, lacinia eget consectetur sed, convallis at tellus. Vivamus suscipit tortor eget felis porttitor volutpat. Curabitur non nulla sit amet nisl tempus convallis quis ac lectus.<br><\\/p>\"}},\"new2\":{\"type\":\"address\",\"enabled\":\"1\",\"fields\":{\"address\":\"453 West Avenue, Spokane, WA, USA\"}},\"new3\":{\"type\":\"phone\",\"enabled\":\"1\",\"fields\":{\"phone\":\"4352454645\"}},\"new4\":{\"type\":\"website\",\"enabled\":\"1\",\"fields\":{\"website\":\"www.discountwaterheader.com\"}},\"new5\":{\"type\":\"services\",\"enabled\":\"1\",\"fields\":{\"services\":\"Plumbing, Water works, Heater, Bathrooms\"}}},\"10\":\"Lorem ipsum dolor sit amet, consectetur adipiscing elit. Curabitur non nulla sit amet nisl tempus convallis quis ac lectus. Nulla porttitor accumsan tincidunt. Cras ultricies ligula sed magna dictum porta. Vivamus suscipit tortor eget felis p\"}}', '2016-10-11 18:13:05', '2016-10-11 18:13:05', 'df306b9c-7875-42bd-9e6d-8ffbef08b411'),
 ('47', '6', '3', '1', 'en_us', '15', '', '{\"typeId\":\"3\",\"authorId\":\"1\",\"title\":\"Discount Plumbing\",\"slug\":\"plumbers\",\"postDate\":1475953680,\"expiryDate\":null,\"enabled\":1,\"parentId\":null,\"fields\":{\"35\":[\"94\"],\"23\":{\"14\":{\"type\":\"contactList\",\"enabled\":\"1\",\"fields\":{\"contactName\":\"Ian Mathews\",\"contactPosition\":\"CEO\",\"contactPhone\":\"01202 246938\",\"contactEmail\":\"ian@company.com\"}},\"15\":{\"type\":\"contactList\",\"enabled\":\"1\",\"fields\":{\"contactName\":\"Susan Harker\",\"contactPosition\":\"Secretary\",\"contactPhone\":\"01202 567934\",\"contactEmail\":\"susan@company.com\"}}},\"11\":{\"7\":{\"type\":\"about\",\"enabled\":\"1\",\"fields\":{\"about\":\"<p>Praesent sapien massa, convallis a pellentesque nec, egestas non nisi. Cras ultricies ligula sed magna dictum porta. Vivamus suscipit tortor eget felis porttitor volutpat. Proin eget tortor risus. Donec rutrum congue leo eget malesuada. Praesent sapien massa, convallis a pellentesque nec, egestas non nisi. Mauris blandit aliquet elit, eget tincidunt nibh pulvinar a. Donec sollicitudin molestie malesuada. Cras ultricies ligula sed magna dictum porta. Mauris blandit aliquet elit, eget tincidunt nibh pulvinar a.<\\/p>\"}},\"10\":{\"type\":\"address\",\"enabled\":\"1\",\"fields\":{\"address\":\"42 east lane, sussex, uk\"}},\"11\":{\"type\":\"website\",\"enabled\":\"1\",\"fields\":{\"website\":\"www.website.com\"}},\"12\":{\"type\":\"phone\",\"enabled\":\"1\",\"fields\":{\"phone\":\"453456454\"}},\"13\":{\"type\":\"email\",\"enabled\":\"1\",\"fields\":{\"email\":\"email@email.com\"}}},\"10\":\"<p>Nulla quis lorem ut libero malesuada feugiat. Vivamus suscipit tortor eget felis porttitor volutpat. Quisque velit nisi, pretium ut lacinia in, elementum id enim. Proin eget tortor risus. Donec sollicitudin molestie malesuada. Vivamus suscipit tortor eget felis porttitor volutpat. Donec sollicitudin molestie malesuada. Curabitur non nulla sit amet nisl tempus convallis quis ac lectus. Curabitur non nulla sit amet nisl tempus convallis quis ac lectus. Donec sollicitudin molestie malesuada.<\\/p>\"}}', '2016-10-11 18:14:24', '2016-10-11 18:14:24', 'ec55b22e-16d7-4bcd-886c-04d00e66537a');



DROP TABLE IF EXISTS `craft_fieldgroups`;


--
-- Schema for table `craft_fieldgroups`
--
CREATE TABLE `craft_fieldgroups` (
  `id` int(11) NOT NULL AUTO_INCREMENT,
  `name` varchar(255) COLLATE utf8_unicode_ci NOT NULL,
  `dateCreated` datetime NOT NULL,
  `dateUpdated` datetime NOT NULL,
  `uid` char(36) COLLATE utf8_unicode_ci NOT NULL DEFAULT '0',
  PRIMARY KEY (`id`),
  UNIQUE KEY `craft_fieldgroups_name_unq_idx` (`name`)
) ENGINE=InnoDB AUTO_INCREMENT=5 DEFAULT CHARSET=utf8 COLLATE=utf8_unicode_ci;

--
-- Data for table `craft_fieldgroups`
--

INSERT INTO `craft_fieldgroups` (`id`, `name`, `dateCreated`, `dateUpdated`, `uid`) VALUES
 ('1', 'Default', '2016-10-08 17:11:02', '2016-10-08 17:11:02', 'b53582a9-f8e1-4f91-bfc3-6393dcd529ce'),
 ('2', 'Organization', '2016-10-08 17:45:06', '2016-10-08 17:45:06', '3dc1130a-5d36-4614-b52c-151bb2d7e168'),
 ('4', 'Homepage', '2016-10-09 05:32:24', '2016-10-09 05:32:24', 'b0b8b7aa-c936-4f22-bdff-7c034ef9be17');



DROP TABLE IF EXISTS `craft_fieldlayoutfields`;


--
-- Schema for table `craft_fieldlayoutfields`
--
CREATE TABLE `craft_fieldlayoutfields` (
  `id` int(11) NOT NULL AUTO_INCREMENT,
  `layoutId` int(11) NOT NULL,
  `tabId` int(11) NOT NULL,
  `fieldId` int(11) NOT NULL,
  `required` tinyint(1) unsigned NOT NULL DEFAULT '0',
  `sortOrder` smallint(6) unsigned DEFAULT NULL,
  `dateCreated` datetime NOT NULL,
  `dateUpdated` datetime NOT NULL,
  `uid` char(36) COLLATE utf8_unicode_ci NOT NULL DEFAULT '0',
  PRIMARY KEY (`id`),
  UNIQUE KEY `craft_fieldlayoutfields_layoutId_fieldId_unq_idx` (`layoutId`,`fieldId`),
  KEY `craft_fieldlayoutfields_sortOrder_idx` (`sortOrder`),
  KEY `craft_fieldlayoutfields_tabId_fk` (`tabId`),
  KEY `craft_fieldlayoutfields_fieldId_fk` (`fieldId`)
) ENGINE=InnoDB AUTO_INCREMENT=129 DEFAULT CHARSET=utf8 COLLATE=utf8_unicode_ci;

--
-- Data for table `craft_fieldlayoutfields`
--

INSERT INTO `craft_fieldlayoutfields` (`id`, `layoutId`, `tabId`, `fieldId`, `required`, `sortOrder`, `dateCreated`, `dateUpdated`, `uid`) VALUES
 ('2', '5', '2', '1', '1', '1', '2016-10-08 17:11:02', '2016-10-08 17:11:02', '58020646-4c42-49f9-8920-f6d44998096e'),
 ('3', '5', '2', '2', '0', '2', '2016-10-08 17:11:02', '2016-10-08 17:11:02', 'd131a786-042f-4d21-a73c-72d3d861bb91'),
 ('80', '45', '40', '24', '0', '1', '2016-10-09 03:56:24', '2016-10-09 03:56:24', 'ffe64e62-555b-4bd1-8a1c-ddd5d46a2527'),
 ('81', '45', '40', '25', '0', '2', '2016-10-09 03:56:24', '2016-10-09 03:56:24', '15254b84-5333-4382-afd5-74e767531c28'),
 ('82', '45', '40', '26', '0', '3', '2016-10-09 03:56:24', '2016-10-09 03:56:24', '5f1b48a7-6f45-4edb-86bb-71146754ad4a'),
 ('83', '45', '40', '27', '0', '4', '2016-10-09 03:56:24', '2016-10-09 03:56:24', '70d8e4cb-15f2-418a-b2c3-c7fcca0bf1c8'),
 ('103', '56', '51', '28', '0', '1', '2016-10-09 06:40:47', '2016-10-09 06:40:47', 'b2a336ba-84dd-48cd-8bf2-fa5512585a7b'),
 ('104', '56', '51', '29', '0', '2', '2016-10-09 06:40:47', '2016-10-09 06:40:47', 'a2cc44e9-b073-4182-a0c5-176acddce98b'),
 ('106', '56', '51', '30', '0', '4', '2016-10-09 06:40:47', '2016-10-09 06:40:47', '73542881-e355-4532-a90b-4f609ff1a893'),
 ('107', '56', '51', '31', '0', '5', '2016-10-09 06:40:47', '2016-10-09 06:40:47', '63b8fd14-6feb-465f-b3d1-8ceafce1ca70'),
 ('108', '56', '51', '32', '0', '6', '2016-10-09 06:40:47', '2016-10-09 06:40:47', 'aed27d6f-8aec-4382-9bd3-b16e9081bb59'),
 ('119', '67', '60', '15', '0', '1', '2016-10-09 17:28:37', '2016-10-09 17:28:37', 'c0f021fc-6e7f-4bac-8ae2-12ccb14ca40e'),
 ('120', '68', '61', '17', '0', '1', '2016-10-09 17:28:37', '2016-10-09 17:28:37', 'f9082197-d8ac-42d1-bc6b-9e6d98e64cd0'),
 ('121', '69', '62', '19', '0', '1', '2016-10-09 17:28:37', '2016-10-09 17:28:37', '95dc73fc-60d8-4cd7-ac92-9438e3aed28d'),
 ('122', '70', '63', '20', '0', '1', '2016-10-09 17:28:37', '2016-10-09 17:28:37', 'e6c024af-3ab6-4c82-b30e-4c07d4cb9e70'),
 ('123', '71', '64', '21', '0', '1', '2016-10-09 17:28:37', '2016-10-09 17:28:37', 'bda85d9a-5880-4396-8c5c-2c4a2e2bbe70'),
 ('124', '72', '65', '22', '0', '1', '2016-10-09 17:28:37', '2016-10-09 17:28:37', '12ec104c-e5be-48a5-938a-0e5197b56869'),
 ('125', '73', '66', '35', '1', '1', '2016-10-09 17:36:15', '2016-10-09 17:36:15', '57ce609d-1d34-44d7-a7ea-27c0ffb96ae8'),
 ('126', '73', '66', '10', '1', '2', '2016-10-09 17:36:15', '2016-10-09 17:36:15', 'a029a934-7d54-477a-b5bd-efafa573511f'),
 ('127', '73', '66', '11', '0', '3', '2016-10-09 17:36:15', '2016-10-09 17:36:15', 'cc7eb2fc-fada-415c-91a4-d0a67defb7a4'),
 ('128', '73', '66', '23', '0', '4', '2016-10-09 17:36:15', '2016-10-09 17:36:15', '998b018c-98ce-4d61-9185-0ab5e6a8e795');



DROP TABLE IF EXISTS `craft_fieldlayouts`;


--
-- Schema for table `craft_fieldlayouts`
--
CREATE TABLE `craft_fieldlayouts` (
  `id` int(11) NOT NULL AUTO_INCREMENT,
  `type` varchar(150) COLLATE utf8_unicode_ci NOT NULL,
  `dateCreated` datetime NOT NULL,
  `dateUpdated` datetime NOT NULL,
  `uid` char(36) COLLATE utf8_unicode_ci NOT NULL DEFAULT '0',
  PRIMARY KEY (`id`),
  KEY `craft_fieldlayouts_type_idx` (`type`)
) ENGINE=InnoDB AUTO_INCREMENT=78 DEFAULT CHARSET=utf8 COLLATE=utf8_unicode_ci;

--
-- Data for table `craft_fieldlayouts`
--

INSERT INTO `craft_fieldlayouts` (`id`, `type`, `dateCreated`, `dateUpdated`, `uid`) VALUES
 ('1', 'Tag', '2016-10-08 17:11:02', '2016-10-08 17:11:02', '07448e68-9b47-4c81-8bdf-3d7234021a0c'),
 ('5', 'Entry', '2016-10-08 17:11:02', '2016-10-08 17:11:02', 'e4ffa47f-97ad-430e-b215-74f3e66bb1bc'),
 ('45', 'MatrixBlock', '2016-10-09 03:56:24', '2016-10-09 03:56:24', 'dc842c04-c337-4c88-931e-0c397f903be6'),
 ('56', 'Entry', '2016-10-09 06:40:47', '2016-10-09 06:40:47', '00236521-d0c3-4515-bdb4-acdcc436e95b'),
 ('67', 'MatrixBlock', '2016-10-09 17:28:37', '2016-10-09 17:28:37', '217d0af0-329d-4a30-b7f5-f401dbf2f869'),
 ('68', 'MatrixBlock', '2016-10-09 17:28:37', '2016-10-09 17:28:37', '66e305a4-b952-4470-be74-1cf66ab2a988'),
 ('69', 'MatrixBlock', '2016-10-09 17:28:37', '2016-10-09 17:28:37', '3778772a-adf4-4202-b7d9-a3d6e091d52f'),
 ('70', 'MatrixBlock', '2016-10-09 17:28:37', '2016-10-09 17:28:37', '039e8934-d548-4053-8c7a-c7fdd6ff7438'),
 ('71', 'MatrixBlock', '2016-10-09 17:28:37', '2016-10-09 17:28:37', '58a9bea6-9c77-419a-8593-75636ff47ae3'),
 ('72', 'MatrixBlock', '2016-10-09 17:28:37', '2016-10-09 17:28:37', '68e71a82-93ab-4861-8a6d-70e588943004'),
 ('73', 'Entry', '2016-10-09 17:36:15', '2016-10-09 17:36:15', '3dcafa3a-3f9a-4a9c-9580-a208805854bf'),
 ('77', 'Category', '2016-10-09 18:04:14', '2016-10-09 18:04:14', '20295e50-2aeb-47f8-a889-c153dd0fb3ce');



DROP TABLE IF EXISTS `craft_fieldlayouttabs`;


--
-- Schema for table `craft_fieldlayouttabs`
--
CREATE TABLE `craft_fieldlayouttabs` (
  `id` int(11) NOT NULL AUTO_INCREMENT,
  `layoutId` int(11) NOT NULL,
  `name` varchar(255) COLLATE utf8_unicode_ci NOT NULL,
  `sortOrder` smallint(6) unsigned DEFAULT NULL,
  `dateCreated` datetime NOT NULL,
  `dateUpdated` datetime NOT NULL,
  `uid` char(36) COLLATE utf8_unicode_ci NOT NULL DEFAULT '0',
  PRIMARY KEY (`id`),
  KEY `craft_fieldlayouttabs_sortOrder_idx` (`sortOrder`),
  KEY `craft_fieldlayouttabs_layoutId_fk` (`layoutId`)
) ENGINE=InnoDB AUTO_INCREMENT=67 DEFAULT CHARSET=utf8 COLLATE=utf8_unicode_ci;

--
-- Data for table `craft_fieldlayouttabs`
--

INSERT INTO `craft_fieldlayouttabs` (`id`, `layoutId`, `name`, `sortOrder`, `dateCreated`, `dateUpdated`, `uid`) VALUES
 ('2', '5', 'Content', '1', '2016-10-08 17:11:02', '2016-10-08 17:11:02', 'f8cdb09a-51a3-4bc3-8854-5b7279a65e6d'),
 ('40', '45', 'Content', '1', '2016-10-09 03:56:24', '2016-10-09 03:56:24', 'fd153e78-b908-459a-898a-2a3e6e4b705c'),
 ('51', '56', 'Content', '1', '2016-10-09 06:40:47', '2016-10-09 06:40:47', '606d925a-7273-45c0-bf76-f281c1c21925'),
 ('60', '67', 'Content', '1', '2016-10-09 17:28:37', '2016-10-09 17:28:37', 'afa2036d-0a78-408c-a4a0-224d678232c0'),
 ('61', '68', 'Content', '1', '2016-10-09 17:28:37', '2016-10-09 17:28:37', 'e335182f-6290-4de3-b983-2550437f11f2'),
 ('62', '69', 'Content', '1', '2016-10-09 17:28:37', '2016-10-09 17:28:37', '5c8d6e53-3aca-4738-a3eb-9b6ccea89ca6'),
 ('63', '70', 'Content', '1', '2016-10-09 17:28:37', '2016-10-09 17:28:37', 'ffbeab1d-d0eb-4f2a-a01a-f747a0efe01a'),
 ('64', '71', 'Content', '1', '2016-10-09 17:28:37', '2016-10-09 17:28:37', '1960faf3-e963-47a8-a19d-f7be5ed08ff6'),
 ('65', '72', 'Content', '1', '2016-10-09 17:28:37', '2016-10-09 17:28:37', 'f3706f6d-f4a3-4c83-8c94-ee2739964987'),
 ('66', '73', 'Organization', '1', '2016-10-09 17:36:15', '2016-10-09 17:36:15', 'bc6f5601-c09a-4fbc-8a75-d93c884a2535');



DROP TABLE IF EXISTS `craft_fields`;


--
-- Schema for table `craft_fields`
--
CREATE TABLE `craft_fields` (
  `id` int(11) NOT NULL AUTO_INCREMENT,
  `groupId` int(11) DEFAULT NULL,
  `name` varchar(255) COLLATE utf8_unicode_ci NOT NULL,
  `handle` varchar(58) COLLATE utf8_unicode_ci NOT NULL,
  `context` varchar(255) COLLATE utf8_unicode_ci NOT NULL DEFAULT 'global',
  `instructions` text COLLATE utf8_unicode_ci,
  `translatable` tinyint(1) unsigned NOT NULL DEFAULT '0',
  `type` varchar(150) COLLATE utf8_unicode_ci NOT NULL,
  `settings` text COLLATE utf8_unicode_ci,
  `dateCreated` datetime NOT NULL,
  `dateUpdated` datetime NOT NULL,
  `uid` char(36) COLLATE utf8_unicode_ci NOT NULL DEFAULT '0',
  PRIMARY KEY (`id`),
  UNIQUE KEY `craft_fields_handle_context_unq_idx` (`handle`,`context`),
  KEY `craft_fields_context_idx` (`context`),
  KEY `craft_fields_groupId_fk` (`groupId`)
) ENGINE=InnoDB AUTO_INCREMENT=36 DEFAULT CHARSET=utf8 COLLATE=utf8_unicode_ci;

--
-- Data for table `craft_fields`
--

INSERT INTO `craft_fields` (`id`, `groupId`, `name`, `handle`, `context`, `instructions`, `translatable`, `type`, `settings`, `dateCreated`, `dateUpdated`, `uid`) VALUES
 ('1', '1', 'Body', 'body', 'global', NULL, '1', 'RichText', '{\"configFile\":\"Standard.json\",\"columnType\":\"text\"}', '2016-10-08 17:11:02', '2016-10-08 17:11:02', 'b21f5be7-0dad-4465-8d07-e8866f9dcfd1'),
 ('2', '1', 'Tags', 'tags', 'global', NULL, '0', 'Tags', '{\"source\":\"taggroup:1\"}', '2016-10-08 17:11:02', '2016-10-08 17:11:02', '3e1a39a7-c6ef-4cff-a846-bf2128ed9e65'),
 ('3', '2', 'Name', 'organizationName', 'global', 'The name of the organization', '0', 'PlainText', '{\"placeholder\":\"\",\"maxLength\":\"\",\"multiline\":\"\",\"initialRows\":\"4\"}', '2016-10-08 17:52:01', '2016-10-09 02:27:24', '7401ebbb-7a74-42c3-94bd-607243802944'),
 ('10', '2', 'Summary', 'organizationSummary', 'global', 'This is a short summary of the organization that will appear on the main page', '0', 'PlainText', '{\"placeholder\":\"\",\"maxLength\":\"600\",\"multiline\":\"\",\"initialRows\":\"4\"}', '2016-10-08 21:13:37', '2016-10-11 15:53:03', 'c8f3b86b-33e9-4d9e-ac09-fb11ffcdaa82'),
 ('11', '2', 'Organization Details', 'detailsList', 'global', '', '0', 'Matrix', '{\"maxBlocks\":null}', '2016-10-08 23:32:51', '2016-10-09 17:28:37', '81046490-2f18-4317-84c1-9d822457c4d6'),
 ('15', NULL, 'About', 'about', 'matrixBlockType:1', 'The information about the organization', '0', 'RichText', '{\"configFile\":\"\",\"availableAssetSources\":\"*\",\"availableTransforms\":\"*\",\"cleanupHtml\":\"1\",\"purifyHtml\":\"1\",\"columnType\":\"text\"}', '2016-10-08 23:59:09', '2016-10-09 17:28:37', '3180262c-216d-4ca9-a08f-e6cc82d32e70'),
 ('17', NULL, 'Address', 'address', 'matrixBlockType:3', 'Address', '0', 'PlainText', '{\"placeholder\":\"\",\"maxLength\":\"\",\"multiline\":\"\",\"initialRows\":\"4\"}', '2016-10-08 23:59:09', '2016-10-09 17:28:37', 'a5abc63a-11ea-449d-9c38-55804de9fe3d'),
 ('19', NULL, 'Phone', 'phone', 'matrixBlockType:4', 'Phone Number', '0', 'PlainText', '{\"placeholder\":\"\",\"maxLength\":\"\",\"multiline\":\"\",\"initialRows\":\"4\"}', '2016-10-09 02:59:31', '2016-10-09 17:28:37', 'c39b3364-e47c-4b55-bdc3-49c5f3bfca75'),
 ('20', NULL, 'Services', 'services', 'matrixBlockType:5', 'Services provided', '0', 'PlainText', '{\"placeholder\":\"\",\"maxLength\":\"\",\"multiline\":\"\",\"initialRows\":\"4\"}', '2016-10-09 02:59:31', '2016-10-09 17:28:37', '61f554f6-abbd-46d9-9a03-a6dae8c5a7b8'),
 ('21', NULL, 'Website', 'website', 'matrixBlockType:6', 'Website address', '0', 'PlainText', '{\"placeholder\":\"\",\"maxLength\":\"\",\"multiline\":\"\",\"initialRows\":\"4\"}', '2016-10-09 02:59:31', '2016-10-09 17:28:37', 'f0519d75-578c-4397-afad-cdf732a42242'),
 ('22', NULL, 'Email', 'email', 'matrixBlockType:7', 'Email address', '0', 'PlainText', '{\"placeholder\":\"\",\"maxLength\":\"\",\"multiline\":\"\",\"initialRows\":\"4\"}', '2016-10-09 02:59:31', '2016-10-09 17:28:37', 'aa031883-e70e-4d51-9d06-53159642fc42'),
 ('23', '2', 'Contact Information', 'contactInformation', 'global', 'Contact Information', '0', 'Matrix', '{\"maxBlocks\":null}', '2016-10-09 03:51:06', '2016-10-09 03:56:24', '06b3fa6c-5cd4-4852-8b0f-6ce9495c0d98'),
 ('24', NULL, 'Name', 'contactName', 'matrixBlockType:8', '', '0', 'PlainText', '{\"placeholder\":\"\",\"maxLength\":\"\",\"multiline\":\"\",\"initialRows\":\"4\"}', '2016-10-09 03:54:35', '2016-10-09 03:56:24', '46df87b2-3c07-4d7c-b7e5-ac2972f37af0'),
 ('25', NULL, 'Position', 'contactPosition', 'matrixBlockType:8', '', '0', 'PlainText', '{\"placeholder\":\"\",\"maxLength\":\"\",\"multiline\":\"\",\"initialRows\":\"4\"}', '2016-10-09 03:54:35', '2016-10-09 03:56:24', '0d812c46-779c-4f6d-992b-79c27b7c541f'),
 ('26', NULL, 'Phone', 'contactPhone', 'matrixBlockType:8', '', '0', 'PlainText', '{\"placeholder\":\"\",\"maxLength\":\"\",\"multiline\":\"\",\"initialRows\":\"4\"}', '2016-10-09 03:54:35', '2016-10-09 03:56:24', 'ca8f03ed-3496-46dd-97a7-33f2ffa15ae8'),
 ('27', NULL, 'Email', 'contactEmail', 'matrixBlockType:8', '', '0', 'PlainText', '{\"placeholder\":\"\",\"maxLength\":\"\",\"multiline\":\"\",\"initialRows\":\"4\"}', '2016-10-09 03:54:35', '2016-10-09 03:56:24', 'e14b5ec1-7dd2-4da1-ac1a-7cf28137bb8a'),
 ('28', '4', 'Main Header Title', 'mainHeaderTitle', 'global', 'This is the main title in the pages header. ', '0', 'PlainText', '{\"placeholder\":\"Palouse Resource Guide\",\"maxLength\":\"\",\"multiline\":\"\",\"initialRows\":\"4\"}', '2016-10-09 05:34:13', '2016-10-09 06:28:52', '2ce48bef-c416-43ab-911a-e6cb4720a56a'),
 ('29', '4', 'Main Header Copy', 'mainHeaderCopy', 'global', 'This is the bulk copy that sits below the header title at the top of the page', '0', 'PlainText', '{\"placeholder\":\"\",\"maxLength\":\"200\",\"multiline\":\"\",\"initialRows\":\"4\"}', '2016-10-09 05:42:02', '2016-10-09 06:29:22', '42b18bd0-ae69-467c-a01a-bd77fe98a718'),
 ('30', '4', 'Partners', 'partners', 'global', 'Text that displays above partner logos', '0', 'PlainText', '{\"placeholder\":\"In Partnership Wish\",\"maxLength\":\"\",\"multiline\":\"\",\"initialRows\":\"4\"}', '2016-10-09 06:27:28', '2016-10-09 06:27:28', '341e9541-d6d8-4997-ac42-7f47f58280ab'),
 ('31', '4', 'Contact Us', 'contactUs', 'global', 'Text for \'contact us\' header', '0', 'PlainText', '{\"placeholder\":\"Contact Us\",\"maxLength\":\"\",\"multiline\":\"\",\"initialRows\":\"4\"}', '2016-10-09 06:28:08', '2016-10-09 06:28:08', 'b8f04161-2134-494f-a37b-5dfc0574777f'),
 ('32', '4', 'Contact Us Copy', 'contactUsCopy', 'global', 'Text that displays below \'Contact Us\' header', '0', 'PlainText', '{\"placeholder\":\"\",\"maxLength\":\"\",\"multiline\":\"\",\"initialRows\":\"4\"}', '2016-10-09 06:28:35', '2016-10-09 06:28:35', 'e51c40f9-5a6e-4126-af81-e08af3bc7b0b'),
 ('35', '2', 'Category', 'category', 'global', 'Enter a category for the organization. You may enter multiple categories', '0', 'Categories', '{\"source\":\"group:1\",\"limit\":\"\",\"selectionLabel\":\"\"}', '2016-10-09 17:35:08', '2016-10-09 17:35:08', 'bf79a7e6-a9e4-489b-a7d7-25c7a0b3a8e3');



DROP TABLE IF EXISTS `craft_globalsets`;


--
-- Schema for table `craft_globalsets`
--
CREATE TABLE `craft_globalsets` (
  `id` int(11) NOT NULL,
  `name` varchar(255) COLLATE utf8_unicode_ci NOT NULL,
  `handle` varchar(255) COLLATE utf8_unicode_ci NOT NULL,
  `fieldLayoutId` int(10) DEFAULT NULL,
  `dateCreated` datetime NOT NULL,
  `dateUpdated` datetime NOT NULL,
  `uid` char(36) COLLATE utf8_unicode_ci NOT NULL DEFAULT '0',
  PRIMARY KEY (`id`),
  UNIQUE KEY `craft_globalsets_name_unq_idx` (`name`),
  UNIQUE KEY `craft_globalsets_handle_unq_idx` (`handle`),
  KEY `craft_globalsets_fieldLayoutId_fk` (`fieldLayoutId`)
) ENGINE=InnoDB DEFAULT CHARSET=utf8 COLLATE=utf8_unicode_ci;

DROP TABLE IF EXISTS `craft_info`;


--
-- Schema for table `craft_info`
--
CREATE TABLE `craft_info` (
  `id` int(11) NOT NULL AUTO_INCREMENT,
  `version` varchar(15) COLLATE utf8_unicode_ci NOT NULL,
  `build` int(11) unsigned NOT NULL,
  `schemaVersion` varchar(15) COLLATE utf8_unicode_ci NOT NULL,
  `releaseDate` datetime NOT NULL,
  `edition` tinyint(1) unsigned NOT NULL DEFAULT '0',
  `siteName` varchar(100) COLLATE utf8_unicode_ci NOT NULL,
  `siteUrl` varchar(255) COLLATE utf8_unicode_ci NOT NULL,
  `timezone` varchar(30) COLLATE utf8_unicode_ci DEFAULT NULL,
  `on` tinyint(1) unsigned NOT NULL DEFAULT '0',
  `maintenance` tinyint(1) unsigned NOT NULL DEFAULT '0',
  `track` varchar(40) COLLATE utf8_unicode_ci NOT NULL,
  `dateCreated` datetime NOT NULL,
  `dateUpdated` datetime NOT NULL,
  `uid` char(36) COLLATE utf8_unicode_ci NOT NULL DEFAULT '0',
  PRIMARY KEY (`id`)
) ENGINE=InnoDB AUTO_INCREMENT=2 DEFAULT CHARSET=utf8 COLLATE=utf8_unicode_ci;

--
-- Data for table `craft_info`
--

INSERT INTO `craft_info` (`id`, `version`, `build`, `schemaVersion`, `releaseDate`, `edition`, `siteName`, `siteUrl`, `timezone`, `on`, `maintenance`, `track`, `dateCreated`, `dateUpdated`, `uid`) VALUES
 ('1', '2.6', '2949', '2.6.7', '2016-10-05 17:47:04', '2', 'PalouseResourceGuide', 'http://localhost', 'UTC', '1', '0', 'stable', '2016-10-08 17:10:56', '2016-10-11 16:21:38', '90901a0e-7b76-4994-819f-84191d0b424a');



DROP TABLE IF EXISTS `craft_locales`;


--
-- Schema for table `craft_locales`
--
CREATE TABLE `craft_locales` (
  `locale` char(12) COLLATE utf8_unicode_ci NOT NULL,
  `sortOrder` smallint(6) unsigned DEFAULT NULL,
  `dateCreated` datetime NOT NULL,
  `dateUpdated` datetime NOT NULL,
  `uid` char(36) COLLATE utf8_unicode_ci NOT NULL DEFAULT '0',
  PRIMARY KEY (`locale`),
  KEY `craft_locales_sortOrder_idx` (`sortOrder`)
) ENGINE=InnoDB DEFAULT CHARSET=utf8 COLLATE=utf8_unicode_ci;

--
-- Data for table `craft_locales`
--

INSERT INTO `craft_locales` (`locale`, `sortOrder`, `dateCreated`, `dateUpdated`, `uid`) VALUES
 ('en_us', '1', '2016-10-08 17:10:57', '2016-10-08 17:10:57', '797388a9-fa04-43e8-8588-43766b19ef62');



DROP TABLE IF EXISTS `craft_matrixblocks`;


--
-- Schema for table `craft_matrixblocks`
--
CREATE TABLE `craft_matrixblocks` (
  `id` int(11) NOT NULL,
  `ownerId` int(11) NOT NULL,
  `fieldId` int(11) NOT NULL,
  `typeId` int(11) DEFAULT NULL,
  `sortOrder` smallint(6) unsigned DEFAULT NULL,
  `ownerLocale` char(12) COLLATE utf8_unicode_ci DEFAULT NULL,
  `dateCreated` datetime NOT NULL,
  `dateUpdated` datetime NOT NULL,
  `uid` char(36) COLLATE utf8_unicode_ci NOT NULL DEFAULT '0',
  PRIMARY KEY (`id`),
  KEY `craft_matrixblocks_ownerId_idx` (`ownerId`),
  KEY `craft_matrixblocks_fieldId_idx` (`fieldId`),
  KEY `craft_matrixblocks_typeId_idx` (`typeId`),
  KEY `craft_matrixblocks_sortOrder_idx` (`sortOrder`),
  KEY `craft_matrixblocks_ownerLocale_fk` (`ownerLocale`)
) ENGINE=InnoDB DEFAULT CHARSET=utf8 COLLATE=utf8_unicode_ci;

--
-- Data for table `craft_matrixblocks`
--

INSERT INTO `craft_matrixblocks` (`id`, `ownerId`, `fieldId`, `typeId`, `sortOrder`, `ownerLocale`, `dateCreated`, `dateUpdated`, `uid`) VALUES
 ('7', '6', '11', '1', '1', NULL, '2016-10-09 00:03:40', '2016-10-11 18:14:24', 'f97f4b2e-deb6-4966-99e1-187c276022e0'),
 ('10', '6', '11', '3', '2', NULL, '2016-10-09 00:18:11', '2016-10-11 18:14:24', 'b8812089-dfb7-4277-bf75-953808092828'),
 ('11', '6', '11', '6', '3', NULL, '2016-10-09 03:00:50', '2016-10-11 18:14:24', 'dfb18f9f-7505-4e5d-ac7f-387fb0f6928d'),
 ('12', '6', '11', '4', '4', NULL, '2016-10-09 03:10:16', '2016-10-11 18:14:24', 'f4bd90c7-25e5-4c0d-8d39-498de3197be7'),
 ('13', '6', '11', '7', '5', NULL, '2016-10-09 03:10:16', '2016-10-11 18:14:24', '03f573e2-c6a8-42ca-88a4-108cd6b731cf'),
 ('14', '6', '23', '8', '1', NULL, '2016-10-09 03:57:33', '2016-10-11 18:14:24', '1c7098b6-ac66-4789-8535-d8aabb04ab3b'),
 ('15', '6', '23', '8', '2', NULL, '2016-10-09 03:57:33', '2016-10-11 18:14:24', '7fc5f358-e6c5-46f2-866a-eb1a7de904d0'),
 ('16', '5', '11', '1', '2', NULL, '2016-10-09 04:59:56', '2016-10-09 17:39:24', 'ca2421ea-e1a2-4566-9141-8fe5a8213758'),
 ('17', '5', '11', '3', '3', NULL, '2016-10-09 04:59:56', '2016-10-09 17:39:24', '69a7ade3-3b88-4062-a027-b497b0a65278'),
 ('18', '5', '23', '8', '1', NULL, '2016-10-09 04:59:56', '2016-10-09 17:39:24', '57af22b0-fc7b-42da-af48-28e63960501e'),
 ('19', '5', '11', '7', '1', NULL, '2016-10-09 05:02:21', '2016-10-09 17:39:24', 'ea897444-73a4-4bee-9eff-2d2a3443dfbb'),
 ('20', '5', '11', '6', '4', NULL, '2016-10-09 05:02:21', '2016-10-09 17:39:24', 'a72fe4be-e5bf-4c78-b9af-3194c8d21e21'),
 ('21', '4', '11', '1', '1', NULL, '2016-10-09 05:16:58', '2016-10-11 16:03:54', 'a9a80475-385b-4cf7-a0ba-0ccc4e465331'),
 ('22', '4', '11', '3', '2', NULL, '2016-10-09 05:16:58', '2016-10-11 16:03:54', '096d6161-28b4-4081-b85a-bbf7e5b6ffbf'),
 ('23', '4', '11', '4', '3', NULL, '2016-10-09 05:16:58', '2016-10-11 16:03:54', 'ad6dce79-9f26-4c68-a6ef-182df3d78457'),
 ('24', '4', '11', '5', '4', NULL, '2016-10-09 05:16:58', '2016-10-11 16:03:54', 'e7e36c84-927b-4a78-acd8-8acd41a3d2b8'),
 ('25', '4', '11', '6', '5', NULL, '2016-10-09 05:16:58', '2016-10-11 16:03:54', '272d065c-7c54-477b-ad67-61f1f3e939a0'),
 ('26', '4', '23', '8', '1', NULL, '2016-10-09 05:16:58', '2016-10-11 16:03:54', '612d3121-b16c-4de6-8501-b2dfba361722'),
 ('61', '60', '11', '1', '1', NULL, '2016-10-10 05:44:42', '2016-10-11 16:04:27', '8dfe0610-91c7-4b50-9e82-7049060cbb41'),
 ('62', '60', '11', '7', '2', NULL, '2016-10-10 05:44:42', '2016-10-11 16:04:27', '4438fe51-624f-44a4-85f8-93e1c848adb4'),
 ('63', '60', '11', '3', '3', NULL, '2016-10-10 05:44:42', '2016-10-11 16:04:27', '954222f0-e960-47a4-a7e1-c6888bc3fb59'),
 ('64', '60', '23', '8', '1', NULL, '2016-10-10 05:44:42', '2016-10-11 16:04:27', '6d1a8067-ded5-43bb-939e-943d74a59a50'),
 ('66', '65', '11', '1', '1', NULL, '2016-10-11 15:48:45', '2016-10-11 16:04:13', 'e65c853e-dd1b-4fa7-8964-9236dbedc663'),
 ('67', '65', '11', '3', '2', NULL, '2016-10-11 15:48:45', '2016-10-11 16:04:13', '631f4971-233b-4a83-a376-683bcade73fa'),
 ('68', '65', '23', '8', '1', NULL, '2016-10-11 15:48:45', '2016-10-11 16:04:13', '692288c1-3493-4a87-b8c2-9d5b8bc03165'),
 ('70', '69', '11', '1', '1', NULL, '2016-10-11 15:50:05', '2016-10-11 16:04:35', '804b68c6-4bb1-4372-b696-4bfcd37c8baa'),
 ('71', '69', '11', '3', '2', NULL, '2016-10-11 15:50:05', '2016-10-11 16:04:35', '55693819-8510-4d7c-89ae-60318668eb71'),
 ('72', '69', '11', '6', '3', NULL, '2016-10-11 15:50:05', '2016-10-11 16:04:35', '1a012c46-789e-4635-8cad-4e14f0695821'),
 ('74', '73', '11', '1', '1', NULL, '2016-10-11 16:00:28', '2016-10-11 17:56:52', '066cdc27-5cd4-4e40-8b52-167cd7f7230e'),
 ('76', '73', '11', '5', '3', NULL, '2016-10-11 16:00:28', '2016-10-11 17:56:52', 'b97bc4af-36df-4568-ab35-121e293aaa6e'),
 ('77', '73', '11', '6', '2', NULL, '2016-10-11 16:00:28', '2016-10-11 17:56:52', '20d80752-196d-42cd-b1fd-2c7953a6487a'),
 ('78', '73', '23', '8', '1', NULL, '2016-10-11 16:00:28', '2016-10-11 17:56:52', 'bbb005ff-552f-4d45-94ff-95fd746ec378'),
 ('80', '79', '11', '1', '1', NULL, '2016-10-11 16:01:15', '2016-10-11 16:01:15', '72d6c2f7-2997-4fa6-a2b8-87739bb2c0ba'),
 ('81', '79', '11', '4', '2', NULL, '2016-10-11 16:01:15', '2016-10-11 16:01:15', '1af370d2-a943-4916-92b5-994ef49e3c1c'),
 ('83', '82', '11', '1', '1', NULL, '2016-10-11 16:03:23', '2016-10-11 17:56:19', '0d15fe18-d64c-4584-a293-733c5cc4b565'),
 ('84', '82', '11', '4', '2', NULL, '2016-10-11 16:03:23', '2016-10-11 17:56:19', 'cc0b0d73-6479-4d2f-a7de-0842f782865a'),
 ('85', '82', '11', '5', '3', NULL, '2016-10-11 16:03:23', '2016-10-11 17:56:19', '0d1a3d53-e975-427d-a509-0be9ff79a46f'),
 ('86', '82', '11', '6', '4', NULL, '2016-10-11 16:03:23', '2016-10-11 17:56:19', '2e5b52e3-db64-4950-af44-ff1bcf8c8cf6'),
 ('87', '82', '11', '7', '5', NULL, '2016-10-11 16:03:23', '2016-10-11 17:56:19', 'c96d8db2-7bfd-4676-b8d7-a10e2d4d4744'),
 ('88', '82', '23', '8', '1', NULL, '2016-10-11 16:03:23', '2016-10-11 17:56:19', '7d47219d-c739-4b8e-b7e9-82786e1198fd'),
 ('89', '82', '11', '6', '6', NULL, '2016-10-11 17:56:19', '2016-10-11 17:56:19', 'c5784d69-9e31-41e4-b1a4-8ab90b7b9767'),
 ('90', '82', '11', '7', '7', NULL, '2016-10-11 17:56:19', '2016-10-11 17:56:19', '12c620f2-e026-4a74-b44c-a73279abfd9c'),
 ('91', '82', '23', '8', '2', NULL, '2016-10-11 17:56:19', '2016-10-11 17:56:19', '6355487a-86ff-4346-9083-3f4c38fcbae0'),
 ('92', '82', '23', '8', '3', NULL, '2016-10-11 17:56:19', '2016-10-11 17:56:19', '51a71730-cf8b-4ae2-a6a5-e4a0878dc231'),
 ('93', '73', '23', '8', '2', NULL, '2016-10-11 17:56:52', '2016-10-11 17:56:52', '309c00c5-665d-4c7e-a22f-de917254b63c'),
 ('96', '95', '11', '1', '1', NULL, '2016-10-11 18:13:05', '2016-10-11 18:13:05', 'f91a45ea-4091-45e7-8bcb-ff56b9998864'),
 ('97', '95', '11', '3', '2', NULL, '2016-10-11 18:13:05', '2016-10-11 18:13:05', '55516d2e-19a0-4d91-8362-fa1d30741074'),
 ('98', '95', '11', '4', '3', NULL, '2016-10-11 18:13:05', '2016-10-11 18:13:05', 'd124fb63-ca14-4edd-b9ea-a7bd93b3a750'),
 ('99', '95', '11', '6', '4', NULL, '2016-10-11 18:13:05', '2016-10-11 18:13:05', '566597d8-fa9f-4ccb-9087-f3924a8e95d7'),
 ('100', '95', '11', '5', '5', NULL, '2016-10-11 18:13:05', '2016-10-11 18:13:05', 'a6332c9a-c339-41bc-93f8-4579e226c536'),
 ('101', '95', '23', '8', '1', NULL, '2016-10-11 18:13:05', '2016-10-11 18:13:05', 'ceff440f-3eb5-4ae1-99d3-8f6adf829b86');



DROP TABLE IF EXISTS `craft_matrixblocktypes`;


--
-- Schema for table `craft_matrixblocktypes`
--
CREATE TABLE `craft_matrixblocktypes` (
  `id` int(11) NOT NULL AUTO_INCREMENT,
  `fieldId` int(11) NOT NULL,
  `fieldLayoutId` int(11) DEFAULT NULL,
  `name` varchar(255) COLLATE utf8_unicode_ci NOT NULL,
  `handle` varchar(255) COLLATE utf8_unicode_ci NOT NULL,
  `sortOrder` smallint(6) unsigned DEFAULT NULL,
  `dateCreated` datetime NOT NULL,
  `dateUpdated` datetime NOT NULL,
  `uid` char(36) COLLATE utf8_unicode_ci NOT NULL DEFAULT '0',
  PRIMARY KEY (`id`),
  UNIQUE KEY `craft_matrixblocktypes_name_fieldId_unq_idx` (`name`,`fieldId`),
  UNIQUE KEY `craft_matrixblocktypes_handle_fieldId_unq_idx` (`handle`,`fieldId`),
  KEY `craft_matrixblocktypes_fieldId_fk` (`fieldId`),
  KEY `craft_matrixblocktypes_fieldLayoutId_fk` (`fieldLayoutId`)
) ENGINE=InnoDB AUTO_INCREMENT=9 DEFAULT CHARSET=utf8 COLLATE=utf8_unicode_ci;

--
-- Data for table `craft_matrixblocktypes`
--

INSERT INTO `craft_matrixblocktypes` (`id`, `fieldId`, `fieldLayoutId`, `name`, `handle`, `sortOrder`, `dateCreated`, `dateUpdated`, `uid`) VALUES
 ('1', '11', '67', 'About', 'about', '1', '2016-10-08 23:32:51', '2016-10-09 17:28:37', '83f4d5d8-275f-4d7e-9fc3-906160afd468'),
 ('3', '11', '68', 'Address', 'address', '2', '2016-10-08 23:59:09', '2016-10-09 17:28:37', '23cf0ecc-eb64-4d1e-bdb5-a4b1117fc77b'),
 ('4', '11', '69', 'Phone', 'phone', '3', '2016-10-09 02:59:31', '2016-10-09 17:28:37', '5f4fe7fa-3cea-445b-a159-89f5bb8511d9'),
 ('5', '11', '70', 'Services', 'services', '4', '2016-10-09 02:59:31', '2016-10-09 17:28:37', 'f7d78e19-674e-455a-a9ac-9dbd10021fd2'),
 ('6', '11', '71', 'Website', 'website', '5', '2016-10-09 02:59:31', '2016-10-09 17:28:37', '64984ca9-3ca6-4cf2-bc22-1e882a9c5308'),
 ('7', '11', '72', 'Email', 'email', '6', '2016-10-09 02:59:31', '2016-10-09 17:28:37', 'e1e0d4ef-8566-456f-9cd9-2426c7e538f8'),
 ('8', '23', '45', 'Add Contact', 'contactList', '1', '2016-10-09 03:54:35', '2016-10-09 03:56:24', '33c52a2e-8984-42dc-a108-8399b1ff25dd');



DROP TABLE IF EXISTS `craft_matrixcontent_contactinformation`;


--
-- Schema for table `craft_matrixcontent_contactinformation`
--
CREATE TABLE `craft_matrixcontent_contactinformation` (
  `id` int(11) NOT NULL AUTO_INCREMENT,
  `elementId` int(11) NOT NULL,
  `locale` char(12) COLLATE utf8_unicode_ci NOT NULL,
  `field_contactList_contactName` text COLLATE utf8_unicode_ci,
  `field_contactList_contactPosition` text COLLATE utf8_unicode_ci,
  `field_contactList_contactPhone` text COLLATE utf8_unicode_ci,
  `field_contactList_contactEmail` text COLLATE utf8_unicode_ci,
  `dateCreated` datetime NOT NULL,
  `dateUpdated` datetime NOT NULL,
  `uid` char(36) COLLATE utf8_unicode_ci NOT NULL DEFAULT '0',
  PRIMARY KEY (`id`),
  UNIQUE KEY `craft_matrixcontent_contactinformation_elementId_locale_unq_idx` (`elementId`,`locale`),
  KEY `craft_matrixcontent_contactinformation_locale_fk` (`locale`)
) ENGINE=InnoDB AUTO_INCREMENT=13 DEFAULT CHARSET=utf8 COLLATE=utf8_unicode_ci;

--
-- Data for table `craft_matrixcontent_contactinformation`
--

INSERT INTO `craft_matrixcontent_contactinformation` (`id`, `elementId`, `locale`, `field_contactList_contactName`, `field_contactList_contactPosition`, `field_contactList_contactPhone`, `field_contactList_contactEmail`, `dateCreated`, `dateUpdated`, `uid`) VALUES
 ('1', '14', 'en_us', 'Ian Mathews', 'CEO', '01202 246938', 'ian@company.com', '2016-10-09 03:57:33', '2016-10-11 18:14:24', 'cc752f8e-36f9-436a-94d5-4a8efead53ae'),
 ('2', '15', 'en_us', 'Susan Harker', 'Secretary', '01202 567934', 'susan@company.com', '2016-10-09 03:57:33', '2016-10-11 18:14:24', '0acfef3d-95a8-4828-9a6b-691733548425'),
 ('3', '18', 'en_us', 'Mr Tim Saunders', 'Head Coach', '509 555 333', 'tim@spokanerugbyunion.com', '2016-10-09 04:59:56', '2016-10-09 17:39:24', 'c3583563-f5eb-4ea9-9631-947fa9117774'),
 ('4', '26', 'en_us', 'Dr John Smith', 'Doctor', '509 555 322', 'john@er.co,', '2016-10-09 05:16:58', '2016-10-11 16:03:54', 'fc722503-52fc-4e66-836b-9c4fc24a69f1'),
 ('5', '64', 'en_us', 'Peter Sherman', 'Doctor', '01202-493823', 'psherman@email.com', '2016-10-10 05:44:42', '2016-10-11 16:04:27', 'f7057a93-163e-4f56-82fd-2882ef80c3c1'),
 ('6', '68', 'en_us', 'Dr Ponton', 'Doctor', '04302 43545', 'ponton@providence.com', '2016-10-11 15:48:45', '2016-10-11 16:04:13', 'ecaae71a-ed0f-4ce5-bd11-ec08ed6c69b5'),
 ('7', '78', 'en_us', 'Dr Brian Bradondi', 'Doctor', '45643464', 'brian@ASAP.com', '2016-10-11 16:00:28', '2016-10-11 17:56:52', '2d5397ee-89f6-4c5a-a6d1-2ee279ae5532'),
 ('8', '88', 'en_us', 'Mrs Sue Cotteril', 'Secretary', '454235246', 'Sue@Er.com', '2016-10-11 16:03:23', '2016-10-11 17:56:19', 'ed56746c-a0c9-4e1e-b601-b902d52ece24'),
 ('9', '91', 'en_us', '', '', '', '', '2016-10-11 17:56:19', '2016-10-11 17:56:19', '5a16b17d-b01b-4027-bc7f-32e147781675'),
 ('10', '92', 'en_us', '', '', '', '', '2016-10-11 17:56:19', '2016-10-11 17:56:19', '86da5440-8c1b-4169-8ffd-341b183f9145'),
 ('11', '93', 'en_us', 'Mr Brioan', '', '', '', '2016-10-11 17:56:52', '2016-10-11 17:56:52', '690697dd-7484-412f-95d9-a3faa0e5b290'),
 ('12', '101', 'en_us', 'David Hewes', 'Owner', '55500392', 'david@discountwaterheater.com', '2016-10-11 18:13:05', '2016-10-11 18:13:05', 'bd1e3459-f077-4887-a996-9bbf8ef5984e');



DROP TABLE IF EXISTS `craft_matrixcontent_detailslist`;


--
-- Schema for table `craft_matrixcontent_detailslist`
--
CREATE TABLE `craft_matrixcontent_detailslist` (
  `id` int(11) NOT NULL AUTO_INCREMENT,
  `elementId` int(11) NOT NULL,
  `locale` char(12) COLLATE utf8_unicode_ci NOT NULL,
  `field_about_about` text COLLATE utf8_unicode_ci,
  `field_address_address` text COLLATE utf8_unicode_ci,
  `field_phone_phone` text COLLATE utf8_unicode_ci,
  `field_services_services` text COLLATE utf8_unicode_ci,
  `field_website_website` text COLLATE utf8_unicode_ci,
  `field_email_email` text COLLATE utf8_unicode_ci,
  `dateCreated` datetime NOT NULL,
  `dateUpdated` datetime NOT NULL,
  `uid` char(36) COLLATE utf8_unicode_ci NOT NULL DEFAULT '0',
  PRIMARY KEY (`id`),
  UNIQUE KEY `craft_matrixcontent_detailslist_elementId_locale_unq_idx` (`elementId`,`locale`),
  KEY `craft_matrixcontent_detailslist_locale_fk` (`locale`)
) ENGINE=InnoDB AUTO_INCREMENT=43 DEFAULT CHARSET=utf8 COLLATE=utf8_unicode_ci;

--
-- Data for table `craft_matrixcontent_detailslist`
--

INSERT INTO `craft_matrixcontent_detailslist` (`id`, `elementId`, `locale`, `field_about_about`, `field_address_address`, `field_phone_phone`, `field_services_services`, `field_website_website`, `field_email_email`, `dateCreated`, `dateUpdated`, `uid`) VALUES
 ('1', '7', 'en_us', '<p>Praesent sapien massa, convallis a pellentesque nec, egestas non nisi. Cras ultricies ligula sed magna dictum porta. Vivamus suscipit tortor eget felis porttitor volutpat. Proin eget tortor risus. Donec rutrum congue leo eget malesuada. Praesent sapien massa, convallis a pellentesque nec, egestas non nisi. Mauris blandit aliquet elit, eget tincidunt nibh pulvinar a. Donec sollicitudin molestie malesuada. Cras ultricies ligula sed magna dictum porta. Mauris blandit aliquet elit, eget tincidunt nibh pulvinar a.</p>', NULL, NULL, NULL, NULL, NULL, '2016-10-09 00:03:40', '2016-10-11 18:14:24', '4ba06d85-1c25-4285-b287-6f3e39bd2c22'),
 ('4', '10', 'en_us', NULL, '42 east lane, sussex, uk', NULL, NULL, NULL, NULL, '2016-10-09 00:18:11', '2016-10-11 18:14:24', '3981bb57-6b6a-4df6-a9ee-9036014a03d9'),
 ('5', '11', 'en_us', NULL, NULL, NULL, NULL, 'www.website.com', NULL, '2016-10-09 03:00:50', '2016-10-11 18:14:24', 'ddd8a1d0-d089-479f-80aa-8baec223e61e'),
 ('6', '12', 'en_us', NULL, NULL, '453456454', NULL, NULL, NULL, '2016-10-09 03:10:16', '2016-10-11 18:14:24', '73945b6c-c396-45b4-9a60-54bc766702e6'),
 ('7', '13', 'en_us', NULL, NULL, NULL, NULL, NULL, 'email@email.com', '2016-10-09 03:10:16', '2016-10-11 18:14:24', '73f963cf-fcd8-4245-9e4d-1860bfcfa5c0'),
 ('8', '16', 'en_us', '<p>Curabitur aliquet quam id dui posuere blandit. Pellentesque in ipsum id orci porta dapibus. Curabitur arcu erat, accumsan id imperdiet et, porttitor at sem. Vestibulum ante ipsum primis in faucibus orci luctus et ultrices posuere cubilia Curae; Donec velit neque, auctor sit amet aliquam vel, ullamcorper sit amet ligula. Vestibulum ante ipsum primis in faucibus orci luctus et ultrices posuere cubilia Curae; Donec velit neque, auctor sit amet aliquam vel, ullamcorper sit amet ligula. Vestibulum ante ipsum primis in faucibus orci luctus et ultrices posuere cubilia Curae; Donec velit neque, auctor sit amet aliquam vel, ullamcorper sit amet ligula. Proin eget tortor risus. Cras ultricies ligula sed magna dictum porta. Proin eget tortor risus. Curabitur arcu erat, accumsan id imperdiet et, porttitor at sem.</p>', NULL, NULL, NULL, NULL, NULL, '2016-10-09 04:59:56', '2016-10-09 17:39:24', 'c93602fb-9ae3-43bf-b538-980ad8fed89d'),
 ('9', '17', 'en_us', NULL, '45 Rugby Lane, Spokane, USA', NULL, NULL, NULL, NULL, '2016-10-09 04:59:56', '2016-10-09 17:39:24', '04f16169-bdd4-447c-80db-0b844d2f911f'),
 ('10', '19', 'en_us', NULL, NULL, NULL, NULL, NULL, 'Tim@SpokaneRugbyUnion.com', '2016-10-09 05:02:21', '2016-10-09 17:39:24', '7eeb19b1-dff5-4c99-b486-e003094af3e3'),
 ('11', '20', 'en_us', NULL, NULL, NULL, NULL, 'www.spokanerugbycom', NULL, '2016-10-09 05:02:21', '2016-10-09 17:39:24', '0f6be973-d13a-4f7c-b52a-1b16af8a9323'),
 ('12', '21', 'en_us', '<p>Donec sollicitudin molestie malesuada. Vivamus suscipit tortor eget felis porttitor volutpat. Nulla porttitor accumsan tincidunt. Sed porttitor lectus nibh. Mauris blandit aliquet elit, eget tincidunt nibh pulvinar a. Curabitur non nulla sit amet nisl tempus convallis quis ac lectus. Vivamus suscipit tortor eget felis porttitor volutpat. Curabitur arcu erat, accumsan id imperdiet et, porttitor at sem. Pellentesque in ipsum id orci porta dapibus. Lorem ipsum dolor sit amet, consectetur adipiscing elit.</p>', NULL, NULL, NULL, NULL, NULL, '2016-10-09 05:16:58', '2016-10-11 16:03:54', '05091a4a-53cb-42c2-ac45-6ab96f029162'),
 ('13', '22', 'en_us', NULL, '1 Hospital Drive, Spokane, USA', NULL, NULL, NULL, NULL, '2016-10-09 05:16:58', '2016-10-11 16:03:54', '0c0be039-79b1-4398-b2d9-82ea4240018d'),
 ('14', '23', 'en_us', NULL, NULL, '0', NULL, NULL, NULL, '2016-10-09 05:16:58', '2016-10-11 16:03:54', '2672f309-d5d7-4cf5-95e5-4e77be95ccf2'),
 ('15', '24', 'en_us', NULL, NULL, NULL, 'First Aid, ER, Medical', NULL, NULL, '2016-10-09 05:16:58', '2016-10-11 16:03:54', 'b09ba387-df12-40bc-942a-84f568d5f3f8'),
 ('16', '25', 'en_us', NULL, NULL, NULL, NULL, 'www.ERhospital.com', NULL, '2016-10-09 05:16:58', '2016-10-11 16:03:54', '275f338b-bf10-4665-8764-a79859a9a839'),
 ('17', '61', 'en_us', '<p>Vivamus suscipit tortor eget felis porttitor volutpat. Mauris blandit aliquet elit, eget tincidunt nibh pulvinar a. Vivamus magna justo, lacinia eget consectetur sed, convallis at tellus. Quisque velit nisi, pretium ut lacinia in, elementum id enim. Vestibulum ac diam sit amet quam vehicula elementum sed sit amet dui. Vivamus magna justo, lacinia eget consectetur sed, convallis at tellus. Vivamus magna justo, lacinia eget consectetur sed, convallis at tellus. Curabitur arcu erat, accumsan id imperdiet et, porttitor at sem. Pellentesque in ipsum id orci porta dapibus. Nulla quis lorem ut libero malesuada feugiat.</p>', NULL, NULL, NULL, NULL, NULL, '2016-10-10 05:44:42', '2016-10-11 16:04:27', '8263c94b-e340-47f9-9c46-390e58b36205'),
 ('18', '62', 'en_us', NULL, NULL, NULL, NULL, NULL, 'psherman@email.com', '2016-10-10 05:44:42', '2016-10-11 16:04:27', 'c5ade964-2e3f-4596-a59e-77198ccc3ae4'),
 ('19', '63', 'en_us', NULL, '42 Wallaby Way, Sydney', NULL, NULL, NULL, NULL, '2016-10-10 05:44:42', '2016-10-11 16:04:27', '4b6a66b5-d069-481b-91bb-cc20614b2f33'),
 ('20', '66', 'en_us', '<p>Cras ultricies ligula sed magna dictum porta. Vivamus magna justo, lacinia eget consectetur sed, convallis at tellus. Curabitur non nulla sit amet nisl tempus convallis quis ac lectus. Cras ultricies ligula sed magna dictum porta. Mauris blandit aliquet elit, eget tincidunt nibh pulvinar a. Vestibulum ac diam sit amet quam vehicula elementum sed sit amet dui. Pellentesque in ipsum id orci porta dapibus. Proin eget tortor risus. Quisque velit nisi, pretium ut lacinia in, elementum id enim. Cras ultricies ligula sed magna dictum porta.</p>', NULL, NULL, NULL, NULL, NULL, '2016-10-11 15:48:45', '2016-10-11 16:04:13', '9ca5c0ec-8762-461b-9bae-a62e25e822b7'),
 ('21', '67', 'en_us', NULL, '543 Medical Lane, Spokane, WA', NULL, NULL, NULL, NULL, '2016-10-11 15:48:45', '2016-10-11 16:04:13', '618cc00f-06bc-43eb-b725-c694e0173be7'),
 ('22', '70', 'en_us', '<p>Cras ultricies ligula sed magna dictum porta. Vivamus magna justo, lacinia eget consectetur sed, convallis at tellus. Curabitur non nulla sit amet nisl tempus convallis quis ac lectus. Cras ultricies ligula sed magna dictum porta. Mauris blandit aliquet elit, eget tincidunt nibh pulvinar a. Vestibulum ac diam sit amet quam vehicula elementum sed sit amet dui. Pellentesque in ipsum id orci porta dapibus. Proin eget tortor risus. Quisque velit nisi, pretium ut lacinia in, elementum id enim. Cras ultricies ligula sed magna dictum porta.</p>', NULL, NULL, NULL, NULL, NULL, '2016-10-11 15:50:05', '2016-10-11 16:04:35', 'c1e4e286-9a21-4dd5-b1be-050ebb7a015f'),
 ('23', '71', 'en_us', NULL, '5321 North West, Spokane, WA', NULL, NULL, NULL, NULL, '2016-10-11 15:50:05', '2016-10-11 16:04:35', '218aa90a-afd6-4047-8ae5-a4e129e09a88'),
 ('24', '72', 'en_us', NULL, NULL, NULL, NULL, 'www.twinlakes.com', NULL, '2016-10-11 15:50:05', '2016-10-11 16:04:35', '9408447b-cc11-47ef-8482-0a7cd2825b9c'),
 ('25', '74', 'en_us', '<p>Cras ultricies ligula sed magna dictum porta. Vivamus magna justo, lacinia eget consectetur sed, convallis at tellus. Curabitur non nulla sit amet nisl tempus convallis quis ac lectus. Cras ultricies ligula sed magna dictum porta. Mauris blandit aliquet elit, eget tincidunt nibh pulvinar a. Vestibulum ac diam sit amet quam vehicula elementum sed sit amet dui. Pellentesque in ipsum id orci porta dapibus. Proin eget tortor risus. Quisque velit nisi, pretium ut lacinia in, elementum id enim. Cras ultricies ligula sed magna dictum porta.</p>\n\n<p>Cras ultricies ligula sed magna dictum porta. Vivamus magna justo, lacinia eget consectetur sed, convallis at tellus. Curabitur non nulla sit amet nisl tempus convallis quis ac lectus. Cras ultricies ligula sed magna dictum porta. Mauris blandit aliquet elit, eget tincidunt nibh pulvinar a. Vestibulum ac diam sit amet quam vehicula elementum sed sit amet dui. Pellentesque in ipsum id orci porta dapibus. Proin eget tortor risus. Quisque velit nisi, pretium ut lacinia in, elementum id enim. Cras ultricies ligula sed magna dictum porta.<br /></p>', NULL, NULL, NULL, NULL, NULL, '2016-10-11 16:00:28', '2016-10-11 17:56:52', 'f9221ff2-6391-4bd7-8f38-390e2a26e499'),
 ('27', '76', 'en_us', NULL, NULL, NULL, 'Urgent Care', NULL, NULL, '2016-10-11 16:00:28', '2016-10-11 17:56:52', '5f14b50c-8667-499c-aeb7-aeaa4fbe7333'),
 ('28', '77', 'en_us', NULL, NULL, NULL, NULL, 'www.ASAPHospital.com', NULL, '2016-10-11 16:00:28', '2016-10-11 17:56:52', 'b8dfbac4-bbdc-4f44-a78e-046fe726ba42'),
 ('29', '80', 'en_us', '<p>Cras ultricies ligula sed magna dictum porta. Vivamus magna justo, lacinia eget consectetur sed, convallis at tellus. Curabitur non nulla sit amet nisl tempus convallis quis ac lectus. Cras ultricies ligula sed magna dictum porta. Mauris blandit aliquet elit, eget tincidunt nibh pulvinar a. Vestibulum ac diam sit amet quam vehicula elementum sed sit amet dui. Pellentesque in ipsum id orci porta dapibus. Proin eget tortor risus. Quisque velit nisi, pretium ut lacinia in, elementum id enim. Cras ultricies ligula sed magna dictum porta.</p><p>Cras ultricies ligula sed magna dictum porta. Vivamus magna justo, lacinia eget consectetur sed, convallis at tellus. Curabitur non nulla sit amet nisl tempus convallis quis ac lectus. Cras ultricies ligula sed magna dictum porta. Mauris blandit aliquet elit, eget tincidunt nibh pulvinar a. Vestibulum ac diam sit amet quam vehicula elementum sed sit amet dui. Pellentesque in ipsum id orci porta dapibus. Proin eget tortor risus. Quisque velit nisi, pretium ut lacinia in, elementum id enim. Cras ultricies ligula sed magna dictum porta.<br /></p>', NULL, NULL, NULL, NULL, NULL, '2016-10-11 16:01:15', '2016-10-11 16:01:15', '184c190d-06a8-4d7c-94b1-838947a921f1'),
 ('30', '81', 'en_us', NULL, NULL, '453456', NULL, NULL, NULL, '2016-10-11 16:01:15', '2016-10-11 16:01:15', 'd2ab9047-6082-409f-9196-64d79e2bd93f'),
 ('31', '83', 'en_us', '<p>Cras ultricies ligula sed magna dictum porta. Vivamus magna justo, lacinia eget consectetur sed, convallis at tellus. Curabitur non nulla sit amet nisl tempus convallis quis ac lectus. Cras ultricies ligula sed magna dictum porta. Mauris blandit aliquet elit, eget tincidunt nibh pulvinar a. Vestibulum ac diam sit amet quam vehicula elementum sed sit amet dui. Pellentesque in ipsum id orci porta dapibus. Proin eget tortor risus. Quisque velit nisi, pretium ut lacinia in, elementum id enim. Cras ultricies ligula sed magna dictum porta.</p>\n\n<p>Cras ultricies ligula sed magna dictum porta. Vivamus magna justo, lacinia eget consectetur sed, convallis at tellus. Curabitur non nulla sit amet nisl tempus convallis quis ac lectus. Cras ultricies ligula sed magna dictum porta. Mauris blandit aliquet elit, eget tincidunt nibh pulvinar a. Vestibulum ac diam sit amet quam vehicula elementum sed sit amet dui. Pellentesque in ipsum id orci porta dapibus. Proin eget tortor risus. Quisque velit nisi, pretium ut lacinia in, elementum id enim. Cras ultricies ligula sed magna dictum porta.</p>', NULL, NULL, NULL, NULL, NULL, '2016-10-11 16:03:23', '2016-10-11 17:56:19', '5c75ba57-5c21-44f8-b5d2-d1cd05db9a7a'),
 ('32', '84', 'en_us', NULL, NULL, '4353455', NULL, NULL, NULL, '2016-10-11 16:03:23', '2016-10-11 17:56:19', '11447872-de95-4288-8099-e373d880e7b1'),
 ('33', '85', 'en_us', NULL, NULL, NULL, 'ER, Emergency, Accident and Emergency, Medical', NULL, NULL, '2016-10-11 16:03:23', '2016-10-11 17:56:19', '1cc4b18b-4c5d-460b-9ced-918762d2db03'),
 ('34', '86', 'en_us', NULL, NULL, NULL, NULL, 'www.RegencyER.com', NULL, '2016-10-11 16:03:23', '2016-10-11 17:56:19', '3130ba47-ebe0-45ed-afd5-004ebc29c803'),
 ('35', '87', 'en_us', NULL, NULL, NULL, NULL, NULL, 'email@email.com', '2016-10-11 16:03:23', '2016-10-11 17:56:19', '583e259d-6cf8-474a-b810-9655e6a6f27a'),
 ('36', '89', 'en_us', NULL, NULL, NULL, NULL, '', NULL, '2016-10-11 17:56:19', '2016-10-11 17:56:19', '8fb830a1-0886-4149-b67b-8d8f88f8fbf0'),
 ('37', '90', 'en_us', NULL, NULL, NULL, NULL, NULL, '', '2016-10-11 17:56:19', '2016-10-11 17:56:19', '08574f6a-2204-4093-a290-63a252aa12be'),
 ('38', '96', 'en_us', '<p>Nulla quis l<strong>orem</strong> ut libero malesuada feugiat. Proin eget tortor risus. Vestibulum ac diam sit amet quam vehicula elementum sed sit amet dui. Curabitur arcu erat, accumsan id imperdiet et, porttitor at sem. Curabitur aliquet quam id dui posuere blandit. Lorem ipsum dolor sit amet, consectetur adipiscing elit. Curabitur aliquet quam id dui posuere blandit. Vivamus magna justo, lacinia eget consectetur sed, convallis at tellus. Vivamus suscipit tortor eget felis porttitor volutpat. Curabitur non nulla sit amet nisl tempus convallis quis ac lectus.</p><p>Nulla quis lorem ut libero malesuada feugiat. Proin eget tortor risus. Vestibulum ac diam sit amet quam vehicula elementum sed sit amet dui. Curabitur arcu erat, accumsan id imperdiet et, porttitor at sem. Curabitur aliquet quam id dui posuere blandit. Lorem ipsum dolor sit amet, consectetur adipiscing elit. Curabitur aliquet quam id dui posuere blandit. Vivamus magna justo, lacinia eget consectetur sed, convallis at tellus. Vivamus suscipit tortor eget felis porttitor volutpat. Curabitur non nulla sit amet nisl tempus convallis quis ac lectus.<br /></p><p>Nulla quis lorem ut libero malesuada feugiat. Proin eget tortor risus. Vestibulum ac diam sit amet quam vehicula elementum sed sit amet dui. Curabitur arcu erat, accumsan id imperdiet et, porttitor at sem. Curabitur aliquet quam id dui posuere blandit. Lorem ipsum dolor sit amet, consectetur adipiscing elit. Curabitur aliquet quam id dui posuere blandit. Vivamus magna justo, lacinia eget consectetur sed, convallis at tellus. Vivamus suscipit tortor eget felis porttitor volutpat. Curabitur non nulla sit amet nisl tempus convallis quis ac lectus.<br /></p>', NULL, NULL, NULL, NULL, NULL, '2016-10-11 18:13:05', '2016-10-11 18:13:05', '9d08a8f7-ec32-47b3-a635-038d0596a995'),
 ('39', '97', 'en_us', NULL, '453 West Avenue, Spokane, WA, USA', NULL, NULL, NULL, NULL, '2016-10-11 18:13:05', '2016-10-11 18:13:05', '4d1c0b64-bf90-4fc6-9490-c55b37549162'),
 ('40', '98', 'en_us', NULL, NULL, '4352454645', NULL, NULL, NULL, '2016-10-11 18:13:05', '2016-10-11 18:13:05', '032bcb94-dc1e-4ae1-99b9-432a01ce1bd6'),
 ('41', '99', 'en_us', NULL, NULL, NULL, NULL, 'www.discountwaterheader.com', NULL, '2016-10-11 18:13:05', '2016-10-11 18:13:05', '16511f61-1517-4abf-bd4f-65d4291930d7'),
 ('42', '100', 'en_us', NULL, NULL, NULL, 'Plumbing, Water works, Heater, Bathrooms', NULL, NULL, '2016-10-11 18:13:05', '2016-10-11 18:13:05', 'db4152f9-730f-4146-9a52-40ea910a489f');



DROP TABLE IF EXISTS `craft_migrations`;


--
-- Schema for table `craft_migrations`
--
CREATE TABLE `craft_migrations` (
  `id` int(11) NOT NULL AUTO_INCREMENT,
  `pluginId` int(11) DEFAULT NULL,
  `version` varchar(255) COLLATE utf8_unicode_ci NOT NULL,
  `applyTime` datetime NOT NULL,
  `dateCreated` datetime NOT NULL,
  `dateUpdated` datetime NOT NULL,
  `uid` char(36) COLLATE utf8_unicode_ci NOT NULL DEFAULT '0',
  PRIMARY KEY (`id`),
  UNIQUE KEY `craft_migrations_version_unq_idx` (`version`),
  KEY `craft_migrations_pluginId_fk` (`pluginId`)
) ENGINE=InnoDB AUTO_INCREMENT=37 DEFAULT CHARSET=utf8 COLLATE=utf8_unicode_ci;

--
-- Data for table `craft_migrations`
--

INSERT INTO `craft_migrations` (`id`, `pluginId`, `version`, `applyTime`, `dateCreated`, `dateUpdated`, `uid`) VALUES
 ('1', NULL, 'm000000_000000_base', '2016-10-08 17:10:56', '2016-10-08 17:10:56', '2016-10-08 17:10:56', '72e17511-3dc5-454b-8b53-3479091e4929'),
 ('2', NULL, 'm140730_000001_add_filename_and_format_to_transformindex', '2016-10-08 17:10:56', '2016-10-08 17:10:56', '2016-10-08 17:10:56', '62a94bc0-68af-4362-885f-7aa8a61c579f'),
 ('3', NULL, 'm140815_000001_add_format_to_transforms', '2016-10-08 17:10:56', '2016-10-08 17:10:56', '2016-10-08 17:10:56', '0a07e8b3-323a-44ce-8d75-e5b83fca437f'),
 ('4', NULL, 'm140822_000001_allow_more_than_128_items_per_field', '2016-10-08 17:10:56', '2016-10-08 17:10:56', '2016-10-08 17:10:56', '3e6c0252-08c4-4a08-b72f-cba99f234ca5'),
 ('5', NULL, 'm140829_000001_single_title_formats', '2016-10-08 17:10:56', '2016-10-08 17:10:56', '2016-10-08 17:10:56', 'dd1d6511-a4a5-4778-bbd5-eade678af021'),
 ('6', NULL, 'm140831_000001_extended_cache_keys', '2016-10-08 17:10:56', '2016-10-08 17:10:56', '2016-10-08 17:10:56', '5fd654cc-bff6-4770-b247-eb11d722cbb9'),
 ('7', NULL, 'm140922_000001_delete_orphaned_matrix_blocks', '2016-10-08 17:10:56', '2016-10-08 17:10:56', '2016-10-08 17:10:56', '060d8df4-f039-4f59-86f4-51466d629338'),
 ('8', NULL, 'm141008_000001_elements_index_tune', '2016-10-08 17:10:56', '2016-10-08 17:10:56', '2016-10-08 17:10:56', 'e0861cc2-ab55-4d43-b5a1-24b4fbaed1b6'),
 ('9', NULL, 'm141009_000001_assets_source_handle', '2016-10-08 17:10:56', '2016-10-08 17:10:56', '2016-10-08 17:10:56', 'bc99cb26-ef2b-4204-8d7b-f341e2a65d8c'),
 ('10', NULL, 'm141024_000001_field_layout_tabs', '2016-10-08 17:10:56', '2016-10-08 17:10:56', '2016-10-08 17:10:56', 'a5f210e6-5558-465e-9f5b-a3c049102f0e'),
 ('11', NULL, 'm141030_000000_plugin_schema_versions', '2016-10-08 17:10:56', '2016-10-08 17:10:56', '2016-10-08 17:10:56', '0a1a0fc5-028a-4a87-8360-88594cde23c0'),
 ('12', NULL, 'm141030_000001_drop_structure_move_permission', '2016-10-08 17:10:56', '2016-10-08 17:10:56', '2016-10-08 17:10:56', 'f467803a-d269-47a3-aa0e-ad6fb4892fad'),
 ('13', NULL, 'm141103_000001_tag_titles', '2016-10-08 17:10:56', '2016-10-08 17:10:56', '2016-10-08 17:10:56', '508d8f86-079c-4b5c-b730-251a40844e1a'),
 ('14', NULL, 'm141109_000001_user_status_shuffle', '2016-10-08 17:10:56', '2016-10-08 17:10:56', '2016-10-08 17:10:56', '06ebcb03-4ec1-4bc5-bec2-ea629f0ec8be'),
 ('15', NULL, 'm141126_000001_user_week_start_day', '2016-10-08 17:10:56', '2016-10-08 17:10:56', '2016-10-08 17:10:56', '44927066-8630-495c-9681-21ff9b7c58d0'),
 ('16', NULL, 'm150210_000001_adjust_user_photo_size', '2016-10-08 17:10:56', '2016-10-08 17:10:56', '2016-10-08 17:10:56', '73e603ef-8d1b-4f2c-b795-7a6e88928fbc'),
 ('17', NULL, 'm150724_000001_adjust_quality_settings', '2016-10-08 17:10:56', '2016-10-08 17:10:56', '2016-10-08 17:10:56', 'fbd88a8d-9064-42d8-a597-80c4b37024b6'),
 ('18', NULL, 'm150827_000000_element_index_settings', '2016-10-08 17:10:56', '2016-10-08 17:10:56', '2016-10-08 17:10:56', '7f439327-2284-402c-9c45-2a1c695b60c9'),
 ('19', NULL, 'm150918_000001_add_colspan_to_widgets', '2016-10-08 17:10:56', '2016-10-08 17:10:56', '2016-10-08 17:10:56', 'afc94e7d-9f17-4df3-a573-e94e37b5293a'),
 ('20', NULL, 'm151007_000000_clear_asset_caches', '2016-10-08 17:10:56', '2016-10-08 17:10:56', '2016-10-08 17:10:56', 'dc3fd034-b379-4188-876a-be2a852ae657'),
 ('21', NULL, 'm151109_000000_text_url_formats', '2016-10-08 17:10:56', '2016-10-08 17:10:56', '2016-10-08 17:10:56', '6564a5af-c2a7-47be-8663-592be9a79a44'),
 ('22', NULL, 'm151110_000000_move_logo', '2016-10-08 17:10:56', '2016-10-08 17:10:56', '2016-10-08 17:10:56', 'ea4b1e99-e8ea-4b15-a7cf-795999072bc0'),
 ('23', NULL, 'm151117_000000_adjust_image_widthheight', '2016-10-08 17:10:56', '2016-10-08 17:10:56', '2016-10-08 17:10:56', '14cbf100-afe6-4ae0-8151-493e4f156baf'),
 ('24', NULL, 'm151127_000000_clear_license_key_status', '2016-10-08 17:10:56', '2016-10-08 17:10:56', '2016-10-08 17:10:56', '72971d91-e272-4bc5-a873-53d435da3062'),
 ('25', NULL, 'm151127_000000_plugin_license_keys', '2016-10-08 17:10:56', '2016-10-08 17:10:56', '2016-10-08 17:10:56', '8f41b6d8-2714-4218-99de-bd032c177865'),
 ('26', NULL, 'm151130_000000_update_pt_widget_feeds', '2016-10-08 17:10:56', '2016-10-08 17:10:56', '2016-10-08 17:10:56', 'e97674d6-f65d-468e-8c36-9293c4f4c1c6'),
 ('27', NULL, 'm160114_000000_asset_sources_public_url_default_true', '2016-10-08 17:10:56', '2016-10-08 17:10:56', '2016-10-08 17:10:56', '1228857a-90f2-477c-b67a-10e3f72724a8'),
 ('28', NULL, 'm160223_000000_sortorder_to_smallint', '2016-10-08 17:10:56', '2016-10-08 17:10:56', '2016-10-08 17:10:56', '6b1f65d1-95a9-40ea-bf4e-dec338ec2268'),
 ('29', NULL, 'm160229_000000_set_default_entry_statuses', '2016-10-08 17:10:56', '2016-10-08 17:10:56', '2016-10-08 17:10:56', '0885a27c-c9b4-47ea-b762-475af502dd30'),
 ('30', NULL, 'm160304_000000_client_permissions', '2016-10-08 17:10:56', '2016-10-08 17:10:56', '2016-10-08 17:10:56', '7e5f0a3d-c4a1-447d-8c90-55eeda645f7b'),
 ('31', NULL, 'm160322_000000_asset_filesize', '2016-10-08 17:10:56', '2016-10-08 17:10:56', '2016-10-08 17:10:56', '476a8d89-ff20-444f-9d0d-3ab6dcd370d0'),
 ('32', NULL, 'm160503_000000_orphaned_fieldlayouts', '2016-10-08 17:10:56', '2016-10-08 17:10:56', '2016-10-08 17:10:56', '04f7a0bf-151d-42a3-8f4e-a9f3ca82a1ee'),
 ('33', NULL, 'm160510_000000_tasksettings', '2016-10-08 17:10:56', '2016-10-08 17:10:56', '2016-10-08 17:10:56', '48f03edf-ee96-4cfb-81b8-6b8a239ae0bd'),
 ('34', NULL, 'm160829_000000_pending_user_content_cleanup', '2016-10-08 17:10:56', '2016-10-08 17:10:56', '2016-10-08 17:10:56', '558bcb16-a4ad-4e84-8f6f-ca44408f2d19'),
 ('35', NULL, 'm160830_000000_asset_index_uri_increase', '2016-10-08 17:10:56', '2016-10-08 17:10:56', '2016-10-08 17:10:56', '6c148851-f64c-4463-809f-e9587cedb07e'),
 ('36', NULL, 'm160919_000000_usergroup_handle_title_unique', '2016-10-08 17:10:56', '2016-10-08 17:10:56', '2016-10-08 17:10:56', 'a8d38ea1-44c4-42dc-b97d-6fb694075a1f');



DROP TABLE IF EXISTS `craft_plugins`;


--
-- Schema for table `craft_plugins`
--
CREATE TABLE `craft_plugins` (
  `id` int(11) NOT NULL AUTO_INCREMENT,
  `class` varchar(150) COLLATE utf8_unicode_ci NOT NULL,
  `version` varchar(15) COLLATE utf8_unicode_ci NOT NULL,
  `schemaVersion` varchar(15) COLLATE utf8_unicode_ci DEFAULT NULL,
  `licenseKey` char(24) COLLATE utf8_unicode_ci DEFAULT NULL,
  `licenseKeyStatus` enum('valid','invalid','mismatched','unknown') COLLATE utf8_unicode_ci NOT NULL DEFAULT 'unknown',
  `enabled` tinyint(1) unsigned NOT NULL DEFAULT '0',
  `settings` text COLLATE utf8_unicode_ci,
  `installDate` datetime NOT NULL,
  `dateCreated` datetime NOT NULL,
  `dateUpdated` datetime NOT NULL,
  `uid` char(36) COLLATE utf8_unicode_ci NOT NULL DEFAULT '0',
  PRIMARY KEY (`id`)
) ENGINE=InnoDB AUTO_INCREMENT=4 DEFAULT CHARSET=utf8 COLLATE=utf8_unicode_ci;

--
-- Data for table `craft_plugins`
--

INSERT INTO `craft_plugins` (`id`, `class`, `version`, `schemaVersion`, `licenseKey`, `licenseKeyStatus`, `enabled`, `settings`, `installDate`, `dateCreated`, `dateUpdated`, `uid`) VALUES
 ('1', 'Inspector', '1.0', NULL, NULL, 'unknown', '1', NULL, '2016-10-08 22:09:00', '2016-10-08 22:09:00', '2016-10-11 22:08:06', 'c1bea727-694c-48f3-b1a0-5de9b65b123f'),
 ('2', 'Kint', '1.1.0', '1.0.0', NULL, 'unknown', '1', NULL, '2016-10-10 02:13:07', '2016-10-10 02:13:07', '2016-10-11 22:08:06', '2ccc7d4d-ffdb-4ba1-9c9a-8c3d780ab9fc'),
 ('3', 'ContactForm', '1.8.1', '1.0.0', NULL, 'unknown', '1', '{\"toEmail\":\"antjdavenport@gmail.com\",\"prependSender\":\"\",\"prependSubject\":\"Email from PalouseResourceGuide \",\"allowAttachments\":\"1\",\"honeypotField\":\"test\",\"successFlashMessage\":\"Your message has been sent.\"}', '2016-10-10 19:30:56', '2016-10-10 19:30:56', '2016-10-11 22:08:06', '9cbc021a-b839-42f0-b248-2cebaf84265b');



DROP TABLE IF EXISTS `craft_rackspaceaccess`;


--
-- Schema for table `craft_rackspaceaccess`
--
CREATE TABLE `craft_rackspaceaccess` (
  `id` int(11) NOT NULL AUTO_INCREMENT,
  `connectionKey` varchar(255) COLLATE utf8_unicode_ci NOT NULL,
  `token` varchar(255) COLLATE utf8_unicode_ci NOT NULL,
  `storageUrl` varchar(255) COLLATE utf8_unicode_ci NOT NULL,
  `cdnUrl` varchar(255) COLLATE utf8_unicode_ci NOT NULL,
  `dateCreated` datetime NOT NULL,
  `dateUpdated` datetime NOT NULL,
  `uid` char(36) COLLATE utf8_unicode_ci NOT NULL DEFAULT '0',
  PRIMARY KEY (`id`),
  UNIQUE KEY `craft_rackspaceaccess_connectionKey_unq_idx` (`connectionKey`)
) ENGINE=InnoDB DEFAULT CHARSET=utf8 COLLATE=utf8_unicode_ci;

DROP TABLE IF EXISTS `craft_relations`;


--
-- Schema for table `craft_relations`
--
CREATE TABLE `craft_relations` (
  `id` int(11) NOT NULL AUTO_INCREMENT,
  `fieldId` int(11) NOT NULL,
  `sourceId` int(11) NOT NULL,
  `sourceLocale` char(12) COLLATE utf8_unicode_ci DEFAULT NULL,
  `targetId` int(11) NOT NULL,
  `sortOrder` smallint(6) DEFAULT NULL,
  `dateCreated` datetime NOT NULL,
  `dateUpdated` datetime NOT NULL,
  `uid` char(36) COLLATE utf8_unicode_ci NOT NULL DEFAULT '0',
  PRIMARY KEY (`id`),
  UNIQUE KEY `craft_relations_fieldId_sourceId_sourceLocale_targetId_unq_idx` (`fieldId`,`sourceId`,`sourceLocale`,`targetId`),
  KEY `craft_relations_sourceId_fk` (`sourceId`),
  KEY `craft_relations_sourceLocale_fk` (`sourceLocale`),
  KEY `craft_relations_targetId_fk` (`targetId`)
) ENGINE=InnoDB AUTO_INCREMENT=20 DEFAULT CHARSET=utf8 COLLATE=utf8_unicode_ci;

--
-- Data for table `craft_relations`
--

INSERT INTO `craft_relations` (`id`, `fieldId`, `sourceId`, `sourceLocale`, `targetId`, `sortOrder`, `dateCreated`, `dateUpdated`, `uid`) VALUES
 ('2', '35', '5', NULL, '50', '1', '2016-10-09 17:39:24', '2016-10-09 17:39:24', '910d277c-21ea-4580-a871-1b33a33461d4'),
 ('8', '35', '79', NULL, '45', '1', '2016-10-11 16:01:15', '2016-10-11 16:01:15', '691d5051-c0e9-49f6-a3c8-12e5a9103510'),
 ('10', '35', '4', NULL, '45', '1', '2016-10-11 16:03:54', '2016-10-11 16:03:54', 'a1077a4a-76cd-49f5-a100-7af4a409b194'),
 ('11', '35', '65', NULL, '45', '1', '2016-10-11 16:04:13', '2016-10-11 16:04:13', '101e7ed0-47ce-4bb5-a077-3fda2c9b85d7'),
 ('12', '35', '60', NULL, '45', '1', '2016-10-11 16:04:27', '2016-10-11 16:04:27', 'eb24df0d-6b9f-4577-8214-7583ffa35d02'),
 ('13', '35', '69', NULL, '45', '1', '2016-10-11 16:04:35', '2016-10-11 16:04:35', '7a127755-6f02-4c51-9d6b-5def7859310f'),
 ('15', '35', '82', NULL, '45', '1', '2016-10-11 17:56:19', '2016-10-11 17:56:19', 'b7bc458e-eb56-4c2e-8391-3187475df12e'),
 ('16', '35', '73', NULL, '45', '1', '2016-10-11 17:56:52', '2016-10-11 17:56:52', 'eef8fc92-cf79-4cd1-a6c7-de80f154f5da'),
 ('17', '35', '95', NULL, '45', '1', '2016-10-11 18:13:05', '2016-10-11 18:13:05', '512ae023-3672-47f0-abb5-70003cbea25f'),
 ('18', '35', '95', NULL, '94', '2', '2016-10-11 18:13:05', '2016-10-11 18:13:05', '1e63090d-b826-4d79-9caf-721d6864bc4f'),
 ('19', '35', '6', NULL, '94', '1', '2016-10-11 18:14:24', '2016-10-11 18:14:24', '75d9000d-bc3c-49a2-a973-bf4ea92fb9f5');



DROP TABLE IF EXISTS `craft_routes`;


--
-- Schema for table `craft_routes`
--
CREATE TABLE `craft_routes` (
  `id` int(11) NOT NULL AUTO_INCREMENT,
  `locale` char(12) COLLATE utf8_unicode_ci DEFAULT NULL,
  `urlParts` varchar(255) COLLATE utf8_unicode_ci NOT NULL,
  `urlPattern` varchar(255) COLLATE utf8_unicode_ci NOT NULL,
  `template` varchar(255) COLLATE utf8_unicode_ci NOT NULL,
  `sortOrder` smallint(6) unsigned DEFAULT NULL,
  `dateCreated` datetime NOT NULL,
  `dateUpdated` datetime NOT NULL,
  `uid` char(36) COLLATE utf8_unicode_ci NOT NULL DEFAULT '0',
  PRIMARY KEY (`id`),
  UNIQUE KEY `craft_routes_urlPattern_unq_idx` (`urlPattern`),
  KEY `craft_routes_locale_idx` (`locale`)
) ENGINE=InnoDB DEFAULT CHARSET=utf8 COLLATE=utf8_unicode_ci;

DROP TABLE IF EXISTS `craft_searchindex`;


--
-- Schema for table `craft_searchindex`
--
CREATE TABLE `craft_searchindex` (
  `elementId` int(11) NOT NULL,
  `attribute` varchar(25) COLLATE utf8_unicode_ci NOT NULL,
  `fieldId` int(11) NOT NULL,
  `locale` char(12) COLLATE utf8_unicode_ci NOT NULL,
  `keywords` text COLLATE utf8_unicode_ci NOT NULL,
  PRIMARY KEY (`elementId`,`attribute`,`fieldId`,`locale`),
  FULLTEXT KEY `craft_searchindex_keywords_idx` (`keywords`)
) ENGINE=MyISAM DEFAULT CHARSET=utf8 COLLATE=utf8_unicode_ci;

--
-- Data for table `craft_searchindex`
--

INSERT INTO `craft_searchindex` (`elementId`, `attribute`, `fieldId`, `locale`, `keywords`) VALUES
 ('1', 'username', '0', 'en_us', ' admin '),
 ('1', 'firstname', '0', 'en_us', ''),
 ('1', 'lastname', '0', 'en_us', ''),
 ('1', 'fullname', '0', 'en_us', ''),
 ('1', 'email', '0', 'en_us', ' antjdavenport gmail com '),
 ('1', 'slug', '0', 'en_us', ''),
 ('2', 'slug', '0', 'en_us', ' homepage '),
 ('2', 'title', '0', 'en_us', ' homepage '),
 ('2', 'field', '1', 'en_us', ' it s true this site doesn t have a whole lot of content yet but don t worry our web developers have just installed the cms and they re setting things up for the content editors this very moment soon localhost will be an oasis of fresh perspectives sharp analyses and astute opinions that will keep you coming back again and again '),
 ('2', 'field', '30', 'en_us', ' in partnership with '),
 ('3', 'field', '1', 'en_us', ' craft is the cms that s powering localhost it s beautiful powerful flexible and easy to use and it s made by pixel tonic we can t wait to dive in and see what it s capable of this is even more captivating content which you couldn t see on the news index page because it was entered after a page break and the news index template only likes to show the content on the first page craft a nice alternative to word if you re making a website '),
 ('3', 'field', '2', 'en_us', ''),
 ('3', 'slug', '0', 'en_us', ''),
 ('3', 'title', '0', 'en_us', ' we just installed craft '),
 ('4', 'field', '3', 'en_us', ' er hospital corrp '),
 ('4', 'field', '4', 'en_us', ' lorem ipsum dolor sit amet consectetur adipiscing elit curabitur aliquet quam id dui posuere blandit sed porttitor lectus nibh vivamus magna justo lacinia eget consectetur sed convallis at tellus curabitur arcu erat accumsan id imperdiet et porttitor at sem proin eget tortor risus curabitur non nulla sit amet nisl tempus convallis quis ac lectus proin eget tortor risus vestibulum ante ipsum primis in faucibus orci luctus et ultrices posuere cubilia curae donec velit neque auctor sit amet aliquam vel ullamcorper sit amet ligula quisque velit nisi pretium ut lacinia in elementum id enim donec sollicitudin molestie malesuada vivamus suscipit tortor eget felis porttitor volutpat nulla porttitor accumsan tincidunt sed porttitor lectus nibh mauris blandit aliquet elit eget tincidunt nibh pulvinar a curabitur non nulla sit amet nisl tempus convallis quis ac lectus vivamus suscipit tortor eget felis porttitor volutpat curabitur arcu erat accumsan id imperdiet et porttitor at sem pellentesque in ipsum id orci porta dapibus lorem ipsum dolor sit amet consectetur adipiscing elit donec sollicitudin molestie malesuada vivamus suscipit tortor eget felis porttitor volutpat nulla porttitor accumsan tincidunt sed porttitor lectus nibh mauris blandit aliquet elit eget tincidunt nibh pulvinar a curabitur non nulla sit amet nisl tempus convallis quis ac lectus vivamus suscipit tortor eget felis porttitor volutpat curabitur arcu erat accumsan id imperdiet et porttitor at sem pellentesque in ipsum id orci porta dapibus lorem ipsum dolor sit amet consectetur adipiscing elit '),
 ('4', 'field', '5', 'en_us', ' 3422 west leafy lane spokane wa usa '),
 ('4', 'field', '6', 'en_us', ' 343 343 3435 '),
 ('4', 'field', '7', 'en_us', ' lorem ipsum dolor sit amet consectetur adipiscing elit curabitur aliquet quam id dui posuere blandit sed porttitor lectus nibh vivamus magna justo lacinia eget consectetur sed convallis at tellus curabitur arcu erat accumsan id imperdiet et porttitor at sem proin eget tortor risus curabitur non nulla sit amet nisl tempus convallis quis ac lectus proin eget tortor risus vestibulum ante ipsum primis in faucibus orci luctus et ultrices posuere cubilia curae donec velit neque auctor sit amet aliquam vel ullamcorper sit amet ligula quisque velit nisi pretium ut lacinia in elementum id enim '),
 ('4', 'field', '8', 'en_us', ' www address com '),
 ('4', 'field', '9', 'en_us', ' email email com '),
 ('4', 'slug', '0', 'en_us', ' er hospital '),
 ('4', 'title', '0', 'en_us', ' er hospital '),
 ('5', 'field', '3', 'en_us', ' rugby union spokane '),
 ('5', 'field', '4', 'en_us', ' lorem ipsum dolor sit amet consectetur adipiscing elit curabitur aliquet quam id dui posuere blandit sed porttitor lectus nibh vivamus magna justo lacinia eget consectetur sed convallis at tellus curabitur arcu erat accumsan id imperdiet et porttitor at sem proin eget tortor risus curabitur non nulla sit amet nisl tempus convallis quis ac lectus proin eget tortor risus vestibulum ante ipsum primis in faucibus orci luctus et ultrices posuere cubilia curae donec velit neque auctor sit amet aliquam vel ullamcorper sit amet ligula quisque velit nisi pretium ut lacinia in elementum id enim donec sollicitudin molestie malesuada vivamus suscipit tortor eget felis porttitor volutpat nulla porttitor accumsan tincidunt sed porttitor lectus nibh mauris blandit aliquet elit eget tincidunt nibh pulvinar a curabitur non nulla sit amet nisl tempus convallis quis ac lectus vivamus suscipit tortor eget felis porttitor volutpat curabitur arcu erat accumsan id imperdiet et porttitor at sem pellentesque in ipsum id orci porta dapibus lorem ipsum dolor sit amet consectetur adipiscing elit donec sollicitudin molestie malesuada vivamus suscipit tortor eget felis porttitor volutpat nulla porttitor accumsan tincidunt sed porttitor lectus nibh mauris blandit aliquet elit eget tincidunt nibh pulvinar a curabitur non nulla sit amet nisl tempus convallis quis ac lectus vivamus suscipit tortor eget felis porttitor volutpat curabitur arcu erat accumsan id imperdiet et porttitor at sem pellentesque in ipsum id orci porta dapibus lorem ipsum dolor sit amet consectetur adipiscing elit '),
 ('5', 'field', '5', 'en_us', ' 34 rusty rivet spokane wa usa '),
 ('5', 'field', '6', 'en_us', ' 342 343 6563 '),
 ('5', 'field', '7', 'en_us', ' lorem ipsum dolor sit amet consectetur adipiscing elit curabitur aliquet quam id dui posuere blandit sed porttitor lectus nibh vivamus magna justo lacinia eget consectetur sed convallis at tellus curabitur arcu erat accumsan id imperdiet et porttitor at sem proin eget tortor risus curabitur non nulla sit amet nisl tempus convallis quis ac lectus proin eget tortor risus vestibulum ante ipsum primis in faucibus orci luctus et ultrices posuere cubilia curae donec velit neque auctor sit amet aliquam vel ullamcorper sit amet ligula quisque velit nisi pretium ut lacinia in elementum id enim '),
 ('5', 'field', '8', 'en_us', ' www website com '),
 ('5', 'field', '9', 'en_us', ' email email com '),
 ('5', 'slug', '0', 'en_us', ' rugbyleague '),
 ('5', 'title', '0', 'en_us', ' spokane rugby union '),
 ('6', 'field', '3', 'en_us', ' plumbersman '),
 ('6', 'field', '4', 'en_us', ' donec sollicitudin molestie malesuada vivamus suscipit tortor eget felis porttitor volutpat nulla porttitor accumsan tincidunt sed porttitor lectus nibh mauris blandit aliquet elit eget tincidunt nibh pulvinar a curabitur non nulla sit amet nisl tempus convallis quis ac lectus vivamus suscipit tortor eget felis porttitor volutpat curabitur arcu erat accumsan id imperdiet et porttitor at sem pellentesque in ipsum id orci porta dapibus lorem ipsum dolor sit amet consectetur adipiscing elit donec sollicitudin molestie malesuada vivamus suscipit tortor eget felis porttitor volutpat nulla porttitor accumsan tincidunt sed porttitor lectus nibh mauris blandit aliquet elit eget tincidunt nibh pulvinar a curabitur non nulla sit amet nisl tempus convallis quis ac lectus vivamus suscipit tortor eget felis porttitor volutpat curabitur arcu erat accumsan id imperdiet et porttitor at sem pellentesque in ipsum id orci porta dapibus lorem ipsum dolor sit amet consectetur adipiscing elit donec sollicitudin molestie malesuada vivamus suscipit tortor eget felis porttitor volutpat nulla porttitor accumsan tincidunt sed porttitor lectus nibh mauris blandit aliquet elit eget tincidunt nibh pulvinar a curabitur non nulla sit amet nisl tempus convallis quis ac lectus vivamus suscipit tortor eget felis porttitor volutpat curabitur arcu erat accumsan id imperdiet et porttitor at sem pellentesque in ipsum id orci porta dapibus lorem ipsum dolor sit amet consectetur adipiscing elit '),
 ('6', 'field', '5', 'en_us', ' 42 wallaby lane sydney '),
 ('6', 'field', '6', 'en_us', ' 3454642 '),
 ('6', 'field', '7', 'en_us', ' nulla quis lorem ut libero malesuada feugiat vivamus suscipit tortor eget felis porttitor volutpat quisque velit nisi pretium ut lacinia in elementum id enim proin eget tortor risus donec sollicitudin molestie malesuada vivamus suscipit tortor eget felis porttitor volutpat donec sollicitudin molestie malesuada curabitur non nulla sit amet nisl tempus convallis quis ac lectus curabitur non nulla sit amet nisl tempus convallis quis ac lectus donec sollicitudin molestie malesuada '),
 ('6', 'field', '8', 'en_us', ''),
 ('6', 'field', '9', 'en_us', ''),
 ('6', 'slug', '0', 'en_us', ' plumbers '),
 ('6', 'title', '0', 'en_us', ' discount plumbing '),
 ('6', 'field', '10', 'en_us', ' nulla quis lorem ut libero malesuada feugiat vivamus suscipit tortor eget felis porttitor volutpat quisque velit nisi pretium ut lacinia in elementum id enim proin eget tortor risus donec sollicitudin molestie malesuada vivamus suscipit tortor eget felis porttitor volutpat donec sollicitudin molestie malesuada curabitur non nulla sit amet nisl tempus convallis quis ac lectus curabitur non nulla sit amet nisl tempus convallis quis ac lectus donec sollicitudin molestie malesuada '),
 ('5', 'field', '10', 'en_us', ' donec sollicitudin molestie malesuada vivamus suscipit tortor eget felis porttitor volutpat nulla porttitor accumsan tincidunt sed porttitor lectus nibh mauris blandit aliquet elit eget tincidunt nibh pulvinar a curabitur non nulla sit amet nisl tempus convallis quis ac lectus vivamus suscipit tortor eget felis porttitor volutpat curabitur arcu erat accumsan id imperdiet et porttitor at sem pellentesque in ipsum id orci porta dapibus lorem ipsum dolor sit amet consectetur adipiscing elit '),
 ('4', 'field', '10', 'en_us', ' donec sollicitudin molestie malesuada vivamus suscipit tortor eget felis porttitor volutpat nulla porttitor accumsan tincidunt sed porttitor lectus nibh mauris blandit aliquet elit eget tincidunt nibh pulvinar a curabitur non nulla sit amet nisl tempus convallis quis ac lectus vivamus suscipit tortor eget felis porttitor volutpat curabitur arcu erat accumsan id imperdiet et porttitor at sem pellentesque in ipsum id orci porta dapibus lorem ipsum dolor sit amet consectetur adipiscing elit '),
 ('6', 'field', '11', 'en_us', ' praesent sapien massa convallis a pellentesque nec egestas non nisi cras ultricies ligula sed magna dictum porta vivamus suscipit tortor eget felis porttitor volutpat proin eget tortor risus donec rutrum congue leo eget malesuada praesent sapien massa convallis a pellentesque nec egestas non nisi mauris blandit aliquet elit eget tincidunt nibh pulvinar a donec sollicitudin molestie malesuada cras ultricies ligula sed magna dictum porta mauris blandit aliquet elit eget tincidunt nibh pulvinar a 42 east lane sussex uk www website com 453456454 email email com '),
 ('10', 'slug', '0', 'en_us', ''),
 ('11', 'slug', '0', 'en_us', ''),
 ('12', 'field', '19', 'en_us', ' 453456454 '),
 ('12', 'slug', '0', 'en_us', ''),
 ('13', 'field', '22', 'en_us', ' email email com '),
 ('13', 'slug', '0', 'en_us', ''),
 ('6', 'field', '23', 'en_us', ' ian company com ian mathews 01202 246938 ceo susan company com susan harker 01202 567934 secretary '),
 ('7', 'field', '15', 'en_us', ' praesent sapien massa convallis a pellentesque nec egestas non nisi cras ultricies ligula sed magna dictum porta vivamus suscipit tortor eget felis porttitor volutpat proin eget tortor risus donec rutrum congue leo eget malesuada praesent sapien massa convallis a pellentesque nec egestas non nisi mauris blandit aliquet elit eget tincidunt nibh pulvinar a donec sollicitudin molestie malesuada cras ultricies ligula sed magna dictum porta mauris blandit aliquet elit eget tincidunt nibh pulvinar a '),
 ('7', 'slug', '0', 'en_us', ''),
 ('14', 'field', '25', 'en_us', ' ceo '),
 ('14', 'field', '26', 'en_us', ' 01202 246938 '),
 ('14', 'field', '27', 'en_us', ' ian company com '),
 ('14', 'slug', '0', 'en_us', ''),
 ('15', 'field', '24', 'en_us', ' susan harker '),
 ('15', 'field', '25', 'en_us', ' secretary '),
 ('15', 'field', '26', 'en_us', ' 01202 567934 '),
 ('15', 'field', '27', 'en_us', ' susan company com '),
 ('15', 'slug', '0', 'en_us', ''),
 ('14', 'field', '24', 'en_us', ' ian mathews '),
 ('11', 'field', '21', 'en_us', ' www website com '),
 ('10', 'field', '17', 'en_us', ' 42 east lane sussex uk '),
 ('7', 'field', '18', 'en_us', ''),
 ('5', 'field', '11', 'en_us', ' tim spokanerugbyunion com curabitur aliquet quam id dui posuere blandit pellentesque in ipsum id orci porta dapibus curabitur arcu erat accumsan id imperdiet et porttitor at sem vestibulum ante ipsum primis in faucibus orci luctus et ultrices posuere cubilia curae donec velit neque auctor sit amet aliquam vel ullamcorper sit amet ligula vestibulum ante ipsum primis in faucibus orci luctus et ultrices posuere cubilia curae donec velit neque auctor sit amet aliquam vel ullamcorper sit amet ligula vestibulum ante ipsum primis in faucibus orci luctus et ultrices posuere cubilia curae donec velit neque auctor sit amet aliquam vel ullamcorper sit amet ligula proin eget tortor risus cras ultricies ligula sed magna dictum porta proin eget tortor risus curabitur arcu erat accumsan id imperdiet et porttitor at sem 45 rugby lane spokane usa www spokanerugbycom '),
 ('5', 'field', '23', 'en_us', ' tim spokanerugbyunion com mr tim saunders 509 555 333 head coach '),
 ('16', 'field', '15', 'en_us', ' curabitur aliquet quam id dui posuere blandit pellentesque in ipsum id orci porta dapibus curabitur arcu erat accumsan id imperdiet et porttitor at sem vestibulum ante ipsum primis in faucibus orci luctus et ultrices posuere cubilia curae donec velit neque auctor sit amet aliquam vel ullamcorper sit amet ligula vestibulum ante ipsum primis in faucibus orci luctus et ultrices posuere cubilia curae donec velit neque auctor sit amet aliquam vel ullamcorper sit amet ligula vestibulum ante ipsum primis in faucibus orci luctus et ultrices posuere cubilia curae donec velit neque auctor sit amet aliquam vel ullamcorper sit amet ligula proin eget tortor risus cras ultricies ligula sed magna dictum porta proin eget tortor risus curabitur arcu erat accumsan id imperdiet et porttitor at sem '),
 ('16', 'slug', '0', 'en_us', ''),
 ('17', 'field', '17', 'en_us', ' 45 rugby lane spokane usa '),
 ('17', 'slug', '0', 'en_us', ''),
 ('18', 'field', '24', 'en_us', ' mr tim saunders '),
 ('18', 'field', '25', 'en_us', ' head coach '),
 ('18', 'field', '26', 'en_us', ' 509 555 333 '),
 ('18', 'field', '27', 'en_us', ' tim spokanerugbyunion com '),
 ('18', 'slug', '0', 'en_us', ''),
 ('19', 'field', '22', 'en_us', ' tim spokanerugbyunion com '),
 ('19', 'slug', '0', 'en_us', ''),
 ('20', 'field', '21', 'en_us', ' www spokanerugbycom '),
 ('20', 'slug', '0', 'en_us', ''),
 ('4', 'field', '11', 'en_us', ' donec sollicitudin molestie malesuada vivamus suscipit tortor eget felis porttitor volutpat nulla porttitor accumsan tincidunt sed porttitor lectus nibh mauris blandit aliquet elit eget tincidunt nibh pulvinar a curabitur non nulla sit amet nisl tempus convallis quis ac lectus vivamus suscipit tortor eget felis porttitor volutpat curabitur arcu erat accumsan id imperdiet et porttitor at sem pellentesque in ipsum id orci porta dapibus lorem ipsum dolor sit amet consectetur adipiscing elit 1 hospital drive spokane usa 0 first aid er medical www erhospital com '),
 ('4', 'field', '23', 'en_us', ' john er co dr john smith 509 555 322 doctor '),
 ('21', 'field', '15', 'en_us', ' donec sollicitudin molestie malesuada vivamus suscipit tortor eget felis porttitor volutpat nulla porttitor accumsan tincidunt sed porttitor lectus nibh mauris blandit aliquet elit eget tincidunt nibh pulvinar a curabitur non nulla sit amet nisl tempus convallis quis ac lectus vivamus suscipit tortor eget felis porttitor volutpat curabitur arcu erat accumsan id imperdiet et porttitor at sem pellentesque in ipsum id orci porta dapibus lorem ipsum dolor sit amet consectetur adipiscing elit '),
 ('21', 'slug', '0', 'en_us', ''),
 ('22', 'field', '17', 'en_us', ' 1 hospital drive spokane usa '),
 ('22', 'slug', '0', 'en_us', ''),
 ('23', 'field', '19', 'en_us', ' 0 '),
 ('23', 'slug', '0', 'en_us', ''),
 ('24', 'field', '20', 'en_us', ' first aid er medical '),
 ('24', 'slug', '0', 'en_us', ''),
 ('25', 'field', '21', 'en_us', ' www erhospital com '),
 ('25', 'slug', '0', 'en_us', ''),
 ('26', 'field', '24', 'en_us', ' dr john smith '),
 ('26', 'field', '25', 'en_us', ' doctor '),
 ('26', 'field', '26', 'en_us', ' 509 555 322 '),
 ('26', 'field', '27', 'en_us', ' john er co '),
 ('26', 'slug', '0', 'en_us', ''),
 ('2', 'field', '29', 'en_us', ' lorem ipsum dolor sit amet consectetur adipiscing elit lorem ipsum dolor sit amet consectetur adipiscing elit lorem ipsum dolor sit amet consectetur adipiscing elit ');
INSERT INTO `craft_searchindex` (`elementId`, `attribute`, `fieldId`, `locale`, `keywords`) VALUES
 ('2', 'field', '28', 'en_us', ' palouse resource guide '),
 ('2', 'field', '31', 'en_us', ' contact us '),
 ('2', 'field', '32', 'en_us', ' lorem ipsum dolor sit amet consectetur adipiscing elit lorem ipsum dolor sit amet consectetur adipiscing elit '),
 ('27', 'slug', '0', 'en_us', ' adult education '),
 ('27', 'title', '0', 'en_us', ' adult education '),
 ('28', 'slug', '0', 'en_us', ' after school care '),
 ('28', 'title', '0', 'en_us', ' after school care '),
 ('29', 'slug', '0', 'en_us', ' alcohol and drug abuse '),
 ('29', 'title', '0', 'en_us', ' alcohol and drug abuse '),
 ('30', 'slug', '0', 'en_us', ' arts and entertainment '),
 ('30', 'title', '0', 'en_us', ' arts and entertainment '),
 ('31', 'slug', '0', 'en_us', ' caregiver support '),
 ('31', 'title', '0', 'en_us', ' caregiver support '),
 ('32', 'slug', '0', 'en_us', ' childcare '),
 ('32', 'title', '0', 'en_us', ' childcare '),
 ('33', 'slug', '0', 'en_us', ' children services '),
 ('33', 'title', '0', 'en_us', ' children services '),
 ('34', 'slug', '0', 'en_us', ' clergy '),
 ('34', 'title', '0', 'en_us', ' clergy '),
 ('35', 'slug', '0', 'en_us', ' counseling '),
 ('35', 'title', '0', 'en_us', ' counseling and mental health '),
 ('36', 'slug', '0', 'en_us', ' dental '),
 ('36', 'title', '0', 'en_us', ' dental '),
 ('37', 'slug', '0', 'en_us', ' emergency services '),
 ('37', 'title', '0', 'en_us', ' emergency services '),
 ('38', 'slug', '0', 'en_us', ' employment '),
 ('38', 'title', '0', 'en_us', ' employment '),
 ('39', 'slug', '0', 'en_us', ' family resources '),
 ('39', 'title', '0', 'en_us', ' family resources '),
 ('40', 'slug', '0', 'en_us', ' financial services '),
 ('40', 'title', '0', 'en_us', ' financial services '),
 ('41', 'slug', '0', 'en_us', ' goverment '),
 ('41', 'title', '0', 'en_us', ' federal and state goverment '),
 ('42', 'slug', '0', 'en_us', ' health services '),
 ('42', 'title', '0', 'en_us', ' health and human services '),
 ('43', 'slug', '0', 'en_us', ' health and wellness '),
 ('43', 'title', '0', 'en_us', ' health and wellness '),
 ('44', 'slug', '0', 'en_us', ' home care '),
 ('44', 'title', '0', 'en_us', ' home care services '),
 ('45', 'slug', '0', 'en_us', ' hospital '),
 ('45', 'title', '0', 'en_us', ' hospital '),
 ('46', 'slug', '0', 'en_us', ' housing '),
 ('46', 'title', '0', 'en_us', ' housing '),
 ('47', 'slug', '0', 'en_us', ' medical '),
 ('47', 'title', '0', 'en_us', ' medical '),
 ('48', 'slug', '0', 'en_us', ' national hotlines '),
 ('48', 'title', '0', 'en_us', ' national hotlines and resources '),
 ('49', 'slug', '0', 'en_us', ' parent education '),
 ('49', 'title', '0', 'en_us', ' parent education '),
 ('50', 'slug', '0', 'en_us', ' recreation '),
 ('50', 'title', '0', 'en_us', ' recreation '),
 ('51', 'slug', '0', 'en_us', ' schools and libraries '),
 ('51', 'title', '0', 'en_us', ' schools and libraries '),
 ('52', 'slug', '0', 'en_us', ' senior health '),
 ('52', 'title', '0', 'en_us', ' senior health '),
 ('53', 'slug', '0', 'en_us', ' senior living '),
 ('53', 'title', '0', 'en_us', ' senior living '),
 ('54', 'slug', '0', 'en_us', ' service learning '),
 ('54', 'title', '0', 'en_us', ' service learning '),
 ('55', 'slug', '0', 'en_us', ' special needs '),
 ('55', 'title', '0', 'en_us', ' special needs '),
 ('56', 'slug', '0', 'en_us', ' transportation '),
 ('56', 'title', '0', 'en_us', ' transportation '),
 ('57', 'slug', '0', 'en_us', ' volunteer opportunities '),
 ('57', 'title', '0', 'en_us', ' volunteer opportunities '),
 ('58', 'slug', '0', 'en_us', ' volunteer services '),
 ('58', 'title', '0', 'en_us', ' volunteer services '),
 ('59', 'slug', '0', 'en_us', ' other '),
 ('59', 'title', '0', 'en_us', ' other '),
 ('6', 'field', '35', 'en_us', ' construction '),
 ('5', 'field', '35', 'en_us', ' recreation '),
 ('4', 'field', '35', 'en_us', ' hospital '),
 ('60', 'field', '35', 'en_us', ' hospital '),
 ('60', 'field', '10', 'en_us', ' donec sollicitudin molestie malesuada vivamus suscipit tortor eget felis porttitor volutpat nulla porttitor accumsan tincidunt sed porttitor lectus nibh mauris blandit aliquet elit eget tincidunt nibh pulvinar a curabitur non nulla sit amet nisl tempus convallis quis ac lectus vivamus suscipit tortor eget felis porttitor volutpat curabitur arcu erat accumsan id imperdiet et porttitor at sem pellentesque in ipsum id orci porta dapibus lorem ipsum dolor sit amet consectetur adipiscing elit '),
 ('89', 'slug', '0', 'en_us', ''),
 ('90', 'field', '22', 'en_us', ''),
 ('60', 'field', '11', 'en_us', ' vivamus suscipit tortor eget felis porttitor volutpat mauris blandit aliquet elit eget tincidunt nibh pulvinar a vivamus magna justo lacinia eget consectetur sed convallis at tellus quisque velit nisi pretium ut lacinia in elementum id enim vestibulum ac diam sit amet quam vehicula elementum sed sit amet dui vivamus magna justo lacinia eget consectetur sed convallis at tellus vivamus magna justo lacinia eget consectetur sed convallis at tellus curabitur arcu erat accumsan id imperdiet et porttitor at sem pellentesque in ipsum id orci porta dapibus nulla quis lorem ut libero malesuada feugiat psherman email com 42 wallaby way sydney '),
 ('60', 'field', '23', 'en_us', ' psherman email com peter sherman 01202 493823 doctor '),
 ('60', 'slug', '0', 'en_us', ' urgent care '),
 ('60', 'title', '0', 'en_us', ' urgent care '),
 ('61', 'field', '15', 'en_us', ' vivamus suscipit tortor eget felis porttitor volutpat mauris blandit aliquet elit eget tincidunt nibh pulvinar a vivamus magna justo lacinia eget consectetur sed convallis at tellus quisque velit nisi pretium ut lacinia in elementum id enim vestibulum ac diam sit amet quam vehicula elementum sed sit amet dui vivamus magna justo lacinia eget consectetur sed convallis at tellus vivamus magna justo lacinia eget consectetur sed convallis at tellus curabitur arcu erat accumsan id imperdiet et porttitor at sem pellentesque in ipsum id orci porta dapibus nulla quis lorem ut libero malesuada feugiat '),
 ('61', 'slug', '0', 'en_us', ''),
 ('62', 'field', '22', 'en_us', ' psherman email com '),
 ('62', 'slug', '0', 'en_us', ''),
 ('63', 'field', '17', 'en_us', ' 42 wallaby way sydney '),
 ('63', 'slug', '0', 'en_us', ''),
 ('64', 'field', '24', 'en_us', ' peter sherman '),
 ('64', 'field', '25', 'en_us', ' doctor '),
 ('64', 'field', '26', 'en_us', ' 01202 493823 '),
 ('64', 'field', '27', 'en_us', ' psherman email com '),
 ('64', 'slug', '0', 'en_us', ''),
 ('65', 'field', '35', 'en_us', ' hospital '),
 ('65', 'field', '10', 'en_us', ' donec sollicitudin molestie malesuada vivamus suscipit tortor eget felis porttitor volutpat nulla porttitor accumsan tincidunt sed porttitor lectus nibh mauris blandit aliquet elit eget tincidunt nibh pulvinar a curabitur non nulla sit amet nisl tempus convallis quis ac lectus vivamus suscipit tortor eget felis porttitor volutpat curabitur arcu erat accumsan id imperdiet et porttitor at sem pellentesque in ipsum id orci porta dapibus lorem ipsum dolor sit amet consectetur adipiscing elit '),
 ('65', 'field', '11', 'en_us', ' cras ultricies ligula sed magna dictum porta vivamus magna justo lacinia eget consectetur sed convallis at tellus curabitur non nulla sit amet nisl tempus convallis quis ac lectus cras ultricies ligula sed magna dictum porta mauris blandit aliquet elit eget tincidunt nibh pulvinar a vestibulum ac diam sit amet quam vehicula elementum sed sit amet dui pellentesque in ipsum id orci porta dapibus proin eget tortor risus quisque velit nisi pretium ut lacinia in elementum id enim cras ultricies ligula sed magna dictum porta 543 medical lane spokane wa '),
 ('65', 'field', '23', 'en_us', ' ponton providence com dr ponton 04302 43545 doctor '),
 ('65', 'slug', '0', 'en_us', ' providence '),
 ('65', 'title', '0', 'en_us', ' providence '),
 ('66', 'field', '15', 'en_us', ' cras ultricies ligula sed magna dictum porta vivamus magna justo lacinia eget consectetur sed convallis at tellus curabitur non nulla sit amet nisl tempus convallis quis ac lectus cras ultricies ligula sed magna dictum porta mauris blandit aliquet elit eget tincidunt nibh pulvinar a vestibulum ac diam sit amet quam vehicula elementum sed sit amet dui pellentesque in ipsum id orci porta dapibus proin eget tortor risus quisque velit nisi pretium ut lacinia in elementum id enim cras ultricies ligula sed magna dictum porta '),
 ('66', 'slug', '0', 'en_us', ''),
 ('67', 'field', '17', 'en_us', ' 543 medical lane spokane wa ');
INSERT INTO `craft_searchindex` (`elementId`, `attribute`, `fieldId`, `locale`, `keywords`) VALUES
 ('67', 'slug', '0', 'en_us', ''),
 ('68', 'field', '24', 'en_us', ' dr ponton '),
 ('68', 'field', '25', 'en_us', ' doctor '),
 ('68', 'field', '26', 'en_us', ' 04302 43545 '),
 ('68', 'field', '27', 'en_us', ' ponton providence com '),
 ('68', 'slug', '0', 'en_us', ''),
 ('69', 'field', '35', 'en_us', ' hospital '),
 ('69', 'field', '10', 'en_us', ' donec sollicitudin molestie malesuada vivamus suscipit tortor eget felis porttitor volutpat nulla porttitor accumsan tincidunt sed porttitor lectus nibh mauris blandit aliquet elit eget tincidunt nibh pulvinar a curabitur non nulla sit amet nisl tempus convallis quis ac lectus vivamus suscipit tortor eget felis porttitor volutpat curabitur arcu erat accumsan id imperdiet et porttitor at sem pellentesque in ipsum id orci porta dapibus lorem ipsum dolor sit amet consectetur adipiscing elit '),
 ('69', 'field', '11', 'en_us', ' cras ultricies ligula sed magna dictum porta vivamus magna justo lacinia eget consectetur sed convallis at tellus curabitur non nulla sit amet nisl tempus convallis quis ac lectus cras ultricies ligula sed magna dictum porta mauris blandit aliquet elit eget tincidunt nibh pulvinar a vestibulum ac diam sit amet quam vehicula elementum sed sit amet dui pellentesque in ipsum id orci porta dapibus proin eget tortor risus quisque velit nisi pretium ut lacinia in elementum id enim cras ultricies ligula sed magna dictum porta 5321 north west spokane wa www twinlakes com '),
 ('69', 'field', '23', 'en_us', ''),
 ('69', 'slug', '0', 'en_us', ' twin lake hospice '),
 ('69', 'title', '0', 'en_us', ' twin lake hospice '),
 ('70', 'field', '15', 'en_us', ' cras ultricies ligula sed magna dictum porta vivamus magna justo lacinia eget consectetur sed convallis at tellus curabitur non nulla sit amet nisl tempus convallis quis ac lectus cras ultricies ligula sed magna dictum porta mauris blandit aliquet elit eget tincidunt nibh pulvinar a vestibulum ac diam sit amet quam vehicula elementum sed sit amet dui pellentesque in ipsum id orci porta dapibus proin eget tortor risus quisque velit nisi pretium ut lacinia in elementum id enim cras ultricies ligula sed magna dictum porta '),
 ('70', 'slug', '0', 'en_us', ''),
 ('71', 'field', '17', 'en_us', ' 5321 north west spokane wa '),
 ('71', 'slug', '0', 'en_us', ''),
 ('72', 'field', '21', 'en_us', ' www twinlakes com '),
 ('72', 'slug', '0', 'en_us', ''),
 ('73', 'field', '35', 'en_us', ' hospital '),
 ('73', 'field', '10', 'en_us', ' cras ultricies ligula sed magna dictum porta vivamus magna justo lacinia eget consectetur sed convallis at tellus curabitur non nulla sit amet nisl tempus convallis quis ac lectus cras ultricies ligula sed magna dictum porta mauris blandit aliquet elit eget tincidunt nibh pulvinar a vestibulum ac diam sit amet quam vehicula elementum sed sit amet dui pellentesque in ipsum id orci porta dapibus proin eget tortor risus quisque velit nisi pretium ut lacinia in elementum id enim cras ultricies ligula sed magna dictum porta '),
 ('73', 'field', '11', 'en_us', ' cras ultricies ligula sed magna dictum porta vivamus magna justo lacinia eget consectetur sed convallis at tellus curabitur non nulla sit amet nisl tempus convallis quis ac lectus cras ultricies ligula sed magna dictum porta mauris blandit aliquet elit eget tincidunt nibh pulvinar a vestibulum ac diam sit amet quam vehicula elementum sed sit amet dui pellentesque in ipsum id orci porta dapibus proin eget tortor risus quisque velit nisi pretium ut lacinia in elementum id enim cras ultricies ligula sed magna dictum porta cras ultricies ligula sed magna dictum porta vivamus magna justo lacinia eget consectetur sed convallis at tellus curabitur non nulla sit amet nisl tempus convallis quis ac lectus cras ultricies ligula sed magna dictum porta mauris blandit aliquet elit eget tincidunt nibh pulvinar a vestibulum ac diam sit amet quam vehicula elementum sed sit amet dui pellentesque in ipsum id orci porta dapibus proin eget tortor risus quisque velit nisi pretium ut lacinia in elementum id enim cras ultricies ligula sed magna dictum porta www asaphospital com urgent care '),
 ('73', 'field', '23', 'en_us', ' brian asap com dr brian bradondi 45643464 doctor mr brioan '),
 ('73', 'slug', '0', 'en_us', ' asap hospital '),
 ('73', 'title', '0', 'en_us', ' asap hospital '),
 ('74', 'field', '15', 'en_us', ' cras ultricies ligula sed magna dictum porta vivamus magna justo lacinia eget consectetur sed convallis at tellus curabitur non nulla sit amet nisl tempus convallis quis ac lectus cras ultricies ligula sed magna dictum porta mauris blandit aliquet elit eget tincidunt nibh pulvinar a vestibulum ac diam sit amet quam vehicula elementum sed sit amet dui pellentesque in ipsum id orci porta dapibus proin eget tortor risus quisque velit nisi pretium ut lacinia in elementum id enim cras ultricies ligula sed magna dictum porta cras ultricies ligula sed magna dictum porta vivamus magna justo lacinia eget consectetur sed convallis at tellus curabitur non nulla sit amet nisl tempus convallis quis ac lectus cras ultricies ligula sed magna dictum porta mauris blandit aliquet elit eget tincidunt nibh pulvinar a vestibulum ac diam sit amet quam vehicula elementum sed sit amet dui pellentesque in ipsum id orci porta dapibus proin eget tortor risus quisque velit nisi pretium ut lacinia in elementum id enim cras ultricies ligula sed magna dictum porta '),
 ('74', 'slug', '0', 'en_us', ''),
 ('89', 'field', '21', 'en_us', ''),
 ('76', 'field', '20', 'en_us', ' urgent care '),
 ('76', 'slug', '0', 'en_us', ''),
 ('77', 'field', '21', 'en_us', ' www asaphospital com '),
 ('77', 'slug', '0', 'en_us', ''),
 ('78', 'field', '24', 'en_us', ' dr brian bradondi '),
 ('78', 'field', '25', 'en_us', ' doctor '),
 ('78', 'field', '26', 'en_us', ' 45643464 '),
 ('78', 'field', '27', 'en_us', ' brian asap com '),
 ('78', 'slug', '0', 'en_us', ''),
 ('79', 'field', '35', 'en_us', ' hospital '),
 ('79', 'field', '10', 'en_us', ' cras ultricies ligula sed magna dictum porta vivamus magna justo lacinia eget consectetur sed convallis at tellus curabitur non nulla sit amet nisl tempus convallis quis ac lectus cras ultricies ligula sed magna dictum porta mauris blandit aliquet elit eget tincidunt nibh pulvinar a vestibulum ac diam sit amet quam vehicula elementum sed sit amet dui pellentesque in ipsum id orci porta dapibus proin eget tortor risus quisque velit nisi pretium ut lacinia in elementum id enim cras ultricies ligula sed magna dictum porta '),
 ('79', 'field', '11', 'en_us', ' cras ultricies ligula sed magna dictum porta vivamus magna justo lacinia eget consectetur sed convallis at tellus curabitur non nulla sit amet nisl tempus convallis quis ac lectus cras ultricies ligula sed magna dictum porta mauris blandit aliquet elit eget tincidunt nibh pulvinar a vestibulum ac diam sit amet quam vehicula elementum sed sit amet dui pellentesque in ipsum id orci porta dapibus proin eget tortor risus quisque velit nisi pretium ut lacinia in elementum id enim cras ultricies ligula sed magna dictum porta cras ultricies ligula sed magna dictum porta vivamus magna justo lacinia eget consectetur sed convallis at tellus curabitur non nulla sit amet nisl tempus convallis quis ac lectus cras ultricies ligula sed magna dictum porta mauris blandit aliquet elit eget tincidunt nibh pulvinar a vestibulum ac diam sit amet quam vehicula elementum sed sit amet dui pellentesque in ipsum id orci porta dapibus proin eget tortor risus quisque velit nisi pretium ut lacinia in elementum id enim cras ultricies ligula sed magna dictum porta 453456 '),
 ('79', 'field', '23', 'en_us', ''),
 ('79', 'slug', '0', 'en_us', ' asuris health '),
 ('79', 'title', '0', 'en_us', ' asuris health '),
 ('80', 'field', '15', 'en_us', ' cras ultricies ligula sed magna dictum porta vivamus magna justo lacinia eget consectetur sed convallis at tellus curabitur non nulla sit amet nisl tempus convallis quis ac lectus cras ultricies ligula sed magna dictum porta mauris blandit aliquet elit eget tincidunt nibh pulvinar a vestibulum ac diam sit amet quam vehicula elementum sed sit amet dui pellentesque in ipsum id orci porta dapibus proin eget tortor risus quisque velit nisi pretium ut lacinia in elementum id enim cras ultricies ligula sed magna dictum porta cras ultricies ligula sed magna dictum porta vivamus magna justo lacinia eget consectetur sed convallis at tellus curabitur non nulla sit amet nisl tempus convallis quis ac lectus cras ultricies ligula sed magna dictum porta mauris blandit aliquet elit eget tincidunt nibh pulvinar a vestibulum ac diam sit amet quam vehicula elementum sed sit amet dui pellentesque in ipsum id orci porta dapibus proin eget tortor risus quisque velit nisi pretium ut lacinia in elementum id enim cras ultricies ligula sed magna dictum porta '),
 ('80', 'slug', '0', 'en_us', ''),
 ('81', 'field', '19', 'en_us', ' 453456 '),
 ('81', 'slug', '0', 'en_us', ''),
 ('82', 'field', '35', 'en_us', ' hospital '),
 ('82', 'field', '10', 'en_us', ' cras ultricies ligula sed magna dictum porta vivamus magna justo lacinia eget consectetur sed convallis at tellus curabitur non nulla sit amet nisl tempus convallis quis ac lectus cras ultricies ligula sed magna dictum porta mauris blandit aliquet elit eget tincidunt nibh pulvinar a vestibulum ac diam sit amet quam vehicula elementum sed sit amet dui pellentesque in ipsum id orci porta dapibus proin eget tortor risus quisque velit nisi pretium ut lacinia in elementum id enim cras ultricies ligula sed magna dictum porta '),
 ('82', 'field', '11', 'en_us', ' cras ultricies ligula sed magna dictum porta vivamus magna justo lacinia eget consectetur sed convallis at tellus curabitur non nulla sit amet nisl tempus convallis quis ac lectus cras ultricies ligula sed magna dictum porta mauris blandit aliquet elit eget tincidunt nibh pulvinar a vestibulum ac diam sit amet quam vehicula elementum sed sit amet dui pellentesque in ipsum id orci porta dapibus proin eget tortor risus quisque velit nisi pretium ut lacinia in elementum id enim cras ultricies ligula sed magna dictum porta cras ultricies ligula sed magna dictum porta vivamus magna justo lacinia eget consectetur sed convallis at tellus curabitur non nulla sit amet nisl tempus convallis quis ac lectus cras ultricies ligula sed magna dictum porta mauris blandit aliquet elit eget tincidunt nibh pulvinar a vestibulum ac diam sit amet quam vehicula elementum sed sit amet dui pellentesque in ipsum id orci porta dapibus proin eget tortor risus quisque velit nisi pretium ut lacinia in elementum id enim cras ultricies ligula sed magna dictum porta 4353455 er emergency accident and emergency medical www regencyer com email email com '),
 ('82', 'field', '23', 'en_us', ' sue er com mrs sue cotteril 454235246 secretary '),
 ('82', 'slug', '0', 'en_us', ' regent care emergency '),
 ('82', 'title', '0', 'en_us', ' regent care emergency '),
 ('83', 'field', '15', 'en_us', ' cras ultricies ligula sed magna dictum porta vivamus magna justo lacinia eget consectetur sed convallis at tellus curabitur non nulla sit amet nisl tempus convallis quis ac lectus cras ultricies ligula sed magna dictum porta mauris blandit aliquet elit eget tincidunt nibh pulvinar a vestibulum ac diam sit amet quam vehicula elementum sed sit amet dui pellentesque in ipsum id orci porta dapibus proin eget tortor risus quisque velit nisi pretium ut lacinia in elementum id enim cras ultricies ligula sed magna dictum porta cras ultricies ligula sed magna dictum porta vivamus magna justo lacinia eget consectetur sed convallis at tellus curabitur non nulla sit amet nisl tempus convallis quis ac lectus cras ultricies ligula sed magna dictum porta mauris blandit aliquet elit eget tincidunt nibh pulvinar a vestibulum ac diam sit amet quam vehicula elementum sed sit amet dui pellentesque in ipsum id orci porta dapibus proin eget tortor risus quisque velit nisi pretium ut lacinia in elementum id enim cras ultricies ligula sed magna dictum porta '),
 ('83', 'slug', '0', 'en_us', ''),
 ('84', 'field', '19', 'en_us', ' 4353455 '),
 ('84', 'slug', '0', 'en_us', ''),
 ('85', 'field', '20', 'en_us', ' er emergency accident and emergency medical '),
 ('85', 'slug', '0', 'en_us', ''),
 ('86', 'field', '21', 'en_us', ' www regencyer com '),
 ('86', 'slug', '0', 'en_us', ''),
 ('87', 'field', '22', 'en_us', ' email email com '),
 ('87', 'slug', '0', 'en_us', ''),
 ('88', 'field', '24', 'en_us', ' mrs sue cotteril '),
 ('88', 'field', '25', 'en_us', ' secretary '),
 ('88', 'field', '26', 'en_us', ' 454235246 '),
 ('88', 'field', '27', 'en_us', ' sue er com '),
 ('88', 'slug', '0', 'en_us', ''),
 ('90', 'slug', '0', 'en_us', ''),
 ('91', 'field', '24', 'en_us', ''),
 ('91', 'field', '25', 'en_us', ''),
 ('91', 'field', '26', 'en_us', ''),
 ('91', 'field', '27', 'en_us', ''),
 ('91', 'slug', '0', 'en_us', ''),
 ('92', 'field', '24', 'en_us', ''),
 ('92', 'field', '25', 'en_us', ''),
 ('92', 'field', '26', 'en_us', ''),
 ('92', 'field', '27', 'en_us', ''),
 ('92', 'slug', '0', 'en_us', ''),
 ('93', 'field', '24', 'en_us', ' mr brioan '),
 ('93', 'field', '25', 'en_us', ''),
 ('93', 'field', '26', 'en_us', ''),
 ('93', 'field', '27', 'en_us', ''),
 ('93', 'slug', '0', 'en_us', ''),
 ('94', 'slug', '0', 'en_us', ' construction '),
 ('94', 'title', '0', 'en_us', ' construction '),
 ('95', 'field', '35', 'en_us', ' hospital construction '),
 ('95', 'field', '10', 'en_us', ' lorem ipsum dolor sit amet consectetur adipiscing elit curabitur non nulla sit amet nisl tempus convallis quis ac lectus nulla porttitor accumsan tincidunt cras ultricies ligula sed magna dictum porta vivamus suscipit tortor eget felis p '),
 ('95', 'field', '11', 'en_us', ' nulla quis lorem ut libero malesuada feugiat proin eget tortor risus vestibulum ac diam sit amet quam vehicula elementum sed sit amet dui curabitur arcu erat accumsan id imperdiet et porttitor at sem curabitur aliquet quam id dui posuere blandit lorem ipsum dolor sit amet consectetur adipiscing elit curabitur aliquet quam id dui posuere blandit vivamus magna justo lacinia eget consectetur sed convallis at tellus vivamus suscipit tortor eget felis porttitor volutpat curabitur non nulla sit amet nisl tempus convallis quis ac lectus nulla quis lorem ut libero malesuada feugiat proin eget tortor risus vestibulum ac diam sit amet quam vehicula elementum sed sit amet dui curabitur arcu erat accumsan id imperdiet et porttitor at sem curabitur aliquet quam id dui posuere blandit lorem ipsum dolor sit amet consectetur adipiscing elit curabitur aliquet quam id dui posuere blandit vivamus magna justo lacinia eget consectetur sed convallis at tellus vivamus suscipit tortor eget felis porttitor volutpat curabitur non nulla sit amet nisl tempus convallis quis ac lectus nulla quis lorem ut libero malesuada feugiat proin eget tortor risus vestibulum ac diam sit amet quam vehicula elementum sed sit amet dui curabitur arcu erat accumsan id imperdiet et porttitor at sem curabitur aliquet quam id dui posuere blandit lorem ipsum dolor sit amet consectetur adipiscing elit curabitur aliquet quam id dui posuere blandit vivamus magna justo lacinia eget consectetur sed convallis at tellus vivamus suscipit tortor eget felis porttitor volutpat curabitur non nulla sit amet nisl tempus convallis quis ac lectus 453 west avenue spokane wa usa 4352454645 www discountwaterheader com plumbing water works heater bathrooms '),
 ('95', 'field', '23', 'en_us', ' david discountwaterheater com david hewes 55500392 owner '),
 ('95', 'slug', '0', 'en_us', ' discount water heater '),
 ('95', 'title', '0', 'en_us', ' discount water heater '),
 ('96', 'field', '15', 'en_us', ' nulla quis lorem ut libero malesuada feugiat proin eget tortor risus vestibulum ac diam sit amet quam vehicula elementum sed sit amet dui curabitur arcu erat accumsan id imperdiet et porttitor at sem curabitur aliquet quam id dui posuere blandit lorem ipsum dolor sit amet consectetur adipiscing elit curabitur aliquet quam id dui posuere blandit vivamus magna justo lacinia eget consectetur sed convallis at tellus vivamus suscipit tortor eget felis porttitor volutpat curabitur non nulla sit amet nisl tempus convallis quis ac lectus nulla quis lorem ut libero malesuada feugiat proin eget tortor risus vestibulum ac diam sit amet quam vehicula elementum sed sit amet dui curabitur arcu erat accumsan id imperdiet et porttitor at sem curabitur aliquet quam id dui posuere blandit lorem ipsum dolor sit amet consectetur adipiscing elit curabitur aliquet quam id dui posuere blandit vivamus magna justo lacinia eget consectetur sed convallis at tellus vivamus suscipit tortor eget felis porttitor volutpat curabitur non nulla sit amet nisl tempus convallis quis ac lectus nulla quis lorem ut libero malesuada feugiat proin eget tortor risus vestibulum ac diam sit amet quam vehicula elementum sed sit amet dui curabitur arcu erat accumsan id imperdiet et porttitor at sem curabitur aliquet quam id dui posuere blandit lorem ipsum dolor sit amet consectetur adipiscing elit curabitur aliquet quam id dui posuere blandit vivamus magna justo lacinia eget consectetur sed convallis at tellus vivamus suscipit tortor eget felis porttitor volutpat curabitur non nulla sit amet nisl tempus convallis quis ac lectus '),
 ('96', 'slug', '0', 'en_us', ''),
 ('97', 'field', '17', 'en_us', ' 453 west avenue spokane wa usa '),
 ('97', 'slug', '0', 'en_us', ''),
 ('98', 'field', '19', 'en_us', ' 4352454645 '),
 ('98', 'slug', '0', 'en_us', ''),
 ('99', 'field', '21', 'en_us', ' www discountwaterheader com '),
 ('99', 'slug', '0', 'en_us', ''),
 ('100', 'field', '20', 'en_us', ' plumbing water works heater bathrooms ');
INSERT INTO `craft_searchindex` (`elementId`, `attribute`, `fieldId`, `locale`, `keywords`) VALUES
 ('100', 'slug', '0', 'en_us', ''),
 ('101', 'field', '24', 'en_us', ' david hewes '),
 ('101', 'field', '25', 'en_us', ' owner '),
 ('101', 'field', '26', 'en_us', ' 55500392 '),
 ('101', 'field', '27', 'en_us', ' david discountwaterheater com '),
 ('101', 'slug', '0', 'en_us', '');



DROP TABLE IF EXISTS `craft_sections`;


--
-- Schema for table `craft_sections`
--
CREATE TABLE `craft_sections` (
  `id` int(11) NOT NULL AUTO_INCREMENT,
  `structureId` int(11) DEFAULT NULL,
  `name` varchar(255) COLLATE utf8_unicode_ci NOT NULL,
  `handle` varchar(255) COLLATE utf8_unicode_ci NOT NULL,
  `type` enum('single','channel','structure') COLLATE utf8_unicode_ci NOT NULL DEFAULT 'channel',
  `hasUrls` tinyint(1) unsigned NOT NULL DEFAULT '1',
  `template` varchar(500) COLLATE utf8_unicode_ci DEFAULT NULL,
  `enableVersioning` tinyint(1) unsigned NOT NULL DEFAULT '0',
  `dateCreated` datetime NOT NULL,
  `dateUpdated` datetime NOT NULL,
  `uid` char(36) COLLATE utf8_unicode_ci NOT NULL DEFAULT '0',
  PRIMARY KEY (`id`),
  UNIQUE KEY `craft_sections_name_unq_idx` (`name`),
  UNIQUE KEY `craft_sections_handle_unq_idx` (`handle`),
  KEY `craft_sections_structureId_fk` (`structureId`)
) ENGINE=InnoDB AUTO_INCREMENT=4 DEFAULT CHARSET=utf8 COLLATE=utf8_unicode_ci;

--
-- Data for table `craft_sections`
--

INSERT INTO `craft_sections` (`id`, `structureId`, `name`, `handle`, `type`, `hasUrls`, `template`, `enableVersioning`, `dateCreated`, `dateUpdated`, `uid`) VALUES
 ('1', NULL, 'Homepage', 'homepage', 'single', '1', 'index', '1', '2016-10-08 17:11:02', '2016-10-08 17:11:02', '98395804-50f5-4777-9f83-20dc96e23bff'),
 ('2', NULL, 'News', 'news', 'channel', '1', 'news/_entry', '1', '2016-10-08 17:11:02', '2016-10-08 17:11:02', 'e9554450-5b14-4e15-a055-d6ce22d530a7'),
 ('3', NULL, 'Organizations', 'organizations', 'channel', '1', 'organization/_entry', '1', '2016-10-08 17:42:36', '2016-10-08 21:24:51', 'c18530c3-1a51-4e16-bcd9-bed9a652b198');



DROP TABLE IF EXISTS `craft_sections_i18n`;


--
-- Schema for table `craft_sections_i18n`
--
CREATE TABLE `craft_sections_i18n` (
  `id` int(11) NOT NULL AUTO_INCREMENT,
  `sectionId` int(11) NOT NULL,
  `locale` char(12) COLLATE utf8_unicode_ci NOT NULL,
  `enabledByDefault` tinyint(1) unsigned NOT NULL DEFAULT '1',
  `urlFormat` text COLLATE utf8_unicode_ci,
  `nestedUrlFormat` text COLLATE utf8_unicode_ci,
  `dateCreated` datetime NOT NULL,
  `dateUpdated` datetime NOT NULL,
  `uid` char(36) COLLATE utf8_unicode_ci NOT NULL DEFAULT '0',
  PRIMARY KEY (`id`),
  UNIQUE KEY `craft_sections_i18n_sectionId_locale_unq_idx` (`sectionId`,`locale`),
  KEY `craft_sections_i18n_locale_fk` (`locale`)
) ENGINE=InnoDB AUTO_INCREMENT=4 DEFAULT CHARSET=utf8 COLLATE=utf8_unicode_ci;

--
-- Data for table `craft_sections_i18n`
--

INSERT INTO `craft_sections_i18n` (`id`, `sectionId`, `locale`, `enabledByDefault`, `urlFormat`, `nestedUrlFormat`, `dateCreated`, `dateUpdated`, `uid`) VALUES
 ('1', '1', 'en_us', '1', '__home__', NULL, '2016-10-08 17:11:02', '2016-10-08 17:11:02', '387ca488-4f73-4d2b-81bc-b4f02136e237'),
 ('2', '2', 'en_us', '1', 'news/{postDate.year}/{slug}', NULL, '2016-10-08 17:11:02', '2016-10-08 17:11:02', 'e3db027d-2d5f-4baf-bba9-978ef0739484'),
 ('3', '3', 'en_us', '1', 'organization/{slug}', NULL, '2016-10-08 17:42:36', '2016-10-08 21:24:51', 'f9a1d05a-b561-4ec1-82ea-344dfae16f4e');



DROP TABLE IF EXISTS `craft_sessions`;


--
-- Schema for table `craft_sessions`
--
CREATE TABLE `craft_sessions` (
  `id` int(11) NOT NULL AUTO_INCREMENT,
  `userId` int(11) NOT NULL,
  `token` char(100) COLLATE utf8_unicode_ci NOT NULL,
  `dateCreated` datetime NOT NULL,
  `dateUpdated` datetime NOT NULL,
  `uid` char(36) COLLATE utf8_unicode_ci NOT NULL DEFAULT '0',
  PRIMARY KEY (`id`),
  KEY `craft_sessions_uid_idx` (`uid`),
  KEY `craft_sessions_token_idx` (`token`),
  KEY `craft_sessions_dateUpdated_idx` (`dateUpdated`),
  KEY `craft_sessions_userId_fk` (`userId`)
) ENGINE=InnoDB AUTO_INCREMENT=8 DEFAULT CHARSET=utf8 COLLATE=utf8_unicode_ci;

DROP TABLE IF EXISTS `craft_shunnedmessages`;


--
-- Schema for table `craft_shunnedmessages`
--
CREATE TABLE `craft_shunnedmessages` (
  `id` int(11) NOT NULL AUTO_INCREMENT,
  `userId` int(11) NOT NULL,
  `message` varchar(255) COLLATE utf8_unicode_ci NOT NULL,
  `expiryDate` datetime DEFAULT NULL,
  `dateCreated` datetime NOT NULL,
  `dateUpdated` datetime NOT NULL,
  `uid` char(36) COLLATE utf8_unicode_ci NOT NULL DEFAULT '0',
  PRIMARY KEY (`id`),
  UNIQUE KEY `craft_shunnedmessages_userId_message_unq_idx` (`userId`,`message`)
) ENGINE=InnoDB DEFAULT CHARSET=utf8 COLLATE=utf8_unicode_ci;

DROP TABLE IF EXISTS `craft_structureelements`;


--
-- Schema for table `craft_structureelements`
--
CREATE TABLE `craft_structureelements` (
  `id` int(11) NOT NULL AUTO_INCREMENT,
  `structureId` int(11) NOT NULL,
  `elementId` int(11) DEFAULT NULL,
  `root` int(11) unsigned DEFAULT NULL,
  `lft` int(11) unsigned NOT NULL,
  `rgt` int(11) unsigned NOT NULL,
  `level` smallint(6) unsigned NOT NULL,
  `dateCreated` datetime NOT NULL,
  `dateUpdated` datetime NOT NULL,
  `uid` char(36) COLLATE utf8_unicode_ci NOT NULL DEFAULT '0',
  PRIMARY KEY (`id`),
  UNIQUE KEY `craft_structureelements_structureId_elementId_unq_idx` (`structureId`,`elementId`),
  KEY `craft_structureelements_root_idx` (`root`),
  KEY `craft_structureelements_lft_idx` (`lft`),
  KEY `craft_structureelements_rgt_idx` (`rgt`),
  KEY `craft_structureelements_level_idx` (`level`),
  KEY `craft_structureelements_elementId_fk` (`elementId`)
) ENGINE=InnoDB AUTO_INCREMENT=36 DEFAULT CHARSET=utf8 COLLATE=utf8_unicode_ci;

--
-- Data for table `craft_structureelements`
--

INSERT INTO `craft_structureelements` (`id`, `structureId`, `elementId`, `root`, `lft`, `rgt`, `level`, `dateCreated`, `dateUpdated`, `uid`) VALUES
 ('1', '1', NULL, '1', '1', '70', '0', '2016-10-09 17:08:50', '2016-10-09 17:08:50', '5aa1d89e-f59d-4a5c-a315-a7a83e525649'),
 ('2', '1', '27', '1', '2', '3', '1', '2016-10-09 17:08:50', '2016-10-09 17:08:50', 'f1e13b2c-1eff-4175-8dae-4c461c17c9d0'),
 ('3', '1', '28', '1', '4', '5', '1', '2016-10-09 17:09:02', '2016-10-09 17:09:02', '06526145-26f3-4f57-8cde-91b611fc8dd3'),
 ('4', '1', '29', '1', '6', '7', '1', '2016-10-09 17:09:13', '2016-10-09 17:09:13', 'c1e32992-6efc-4b10-9817-3c1479966add'),
 ('5', '1', '30', '1', '8', '9', '1', '2016-10-09 17:09:22', '2016-10-09 17:09:22', 'cb95600f-3b62-497e-a508-00d4d2c26ba2'),
 ('6', '1', '31', '1', '10', '11', '1', '2016-10-09 17:09:39', '2016-10-09 17:09:39', 'faa683c9-b3ff-4223-bf9c-85370522e4d2'),
 ('7', '1', '32', '1', '12', '13', '1', '2016-10-09 17:09:48', '2016-10-09 17:09:48', 'e398affe-6337-421f-ac66-0d20e352dc30'),
 ('8', '1', '33', '1', '14', '15', '1', '2016-10-09 17:09:57', '2016-10-09 17:09:57', 'e219f68a-ab72-4f95-bdd8-b2442fdcf76a'),
 ('9', '1', '34', '1', '16', '17', '1', '2016-10-09 17:10:03', '2016-10-09 17:10:03', 'b78af61a-f459-40e3-add2-fe61193b8ed8'),
 ('10', '1', '35', '1', '18', '19', '1', '2016-10-09 17:10:30', '2016-10-09 17:10:30', '3d5da570-7f46-4fe1-ba3c-34467e46c71a'),
 ('11', '1', '36', '1', '20', '21', '1', '2016-10-09 17:10:39', '2016-10-09 17:10:39', 'af139671-612d-4c5d-adb5-e63202b92075'),
 ('12', '1', '37', '1', '22', '23', '1', '2016-10-09 17:10:48', '2016-10-09 17:10:48', '3b51a27e-853d-4e6c-b74f-3f425d7de9a6'),
 ('13', '1', '38', '1', '24', '25', '1', '2016-10-09 17:10:55', '2016-10-09 17:10:55', '3ea8dcda-0128-4464-8fac-bcc30e07eb50'),
 ('14', '1', '39', '1', '26', '27', '1', '2016-10-09 17:11:04', '2016-10-09 17:11:04', 'c5ead583-80f3-4400-88ce-b9cd4792b37f'),
 ('15', '1', '40', '1', '28', '29', '1', '2016-10-09 17:11:19', '2016-10-09 17:11:19', '77638b9d-2914-4ee3-a7f2-6c14bb189a30'),
 ('16', '1', '41', '1', '30', '31', '1', '2016-10-09 17:11:36', '2016-10-09 17:11:36', 'bb3d96df-5ff3-4d1e-8660-72a8746e545d'),
 ('17', '1', '42', '1', '32', '33', '1', '2016-10-09 17:11:54', '2016-10-09 17:11:54', '1dfea3cb-4f44-43e9-9d0c-fa052a226f48'),
 ('18', '1', '43', '1', '34', '35', '1', '2016-10-09 17:12:12', '2016-10-09 17:12:12', 'a736b83e-3b28-49b0-a836-c28d8696fd11'),
 ('19', '1', '44', '1', '36', '37', '1', '2016-10-09 17:12:22', '2016-10-09 17:12:22', '201fa90d-cd89-4dee-9c0c-275a6fe5f802'),
 ('20', '1', '45', '1', '38', '39', '1', '2016-10-09 17:15:18', '2016-10-09 17:15:18', '240f6172-98ec-496c-9a07-f69f97dd60b8'),
 ('21', '1', '46', '1', '40', '41', '1', '2016-10-09 17:15:25', '2016-10-09 17:15:25', '18a76001-aa19-4c54-8cdf-a9a36191da34'),
 ('22', '1', '47', '1', '42', '43', '1', '2016-10-09 17:15:32', '2016-10-09 17:15:32', 'f18fa7f7-5d95-48d8-bdd0-a092af7b52ac'),
 ('23', '1', '48', '1', '44', '45', '1', '2016-10-09 17:15:48', '2016-10-09 17:15:48', '154b84eb-b3ec-4b25-9578-9807306d7f35'),
 ('24', '1', '49', '1', '46', '47', '1', '2016-10-09 17:16:46', '2016-10-09 17:16:46', 'fbae8aaf-2eed-4e0e-a5d4-1c0779d620ca'),
 ('25', '1', '50', '1', '48', '49', '1', '2016-10-09 17:16:53', '2016-10-09 17:16:53', '95390a82-ef13-4bfa-87a1-3ffccb1087d3'),
 ('26', '1', '51', '1', '50', '51', '1', '2016-10-09 17:17:15', '2016-10-09 17:17:15', '7ba94e69-e06e-4838-9d31-d3687dd41e25'),
 ('27', '1', '52', '1', '52', '53', '1', '2016-10-09 17:17:25', '2016-10-09 17:17:25', 'e3d47bc6-5d59-42b2-8ee1-c01f39fb68de'),
 ('28', '1', '53', '1', '54', '55', '1', '2016-10-09 17:17:34', '2016-10-09 17:17:34', 'fa052b9b-2dce-47f0-997d-91af2c577be7'),
 ('29', '1', '54', '1', '56', '57', '1', '2016-10-09 17:17:44', '2016-10-09 17:17:44', '34900e72-10c6-4383-a99b-f86d5b3c85fc'),
 ('30', '1', '55', '1', '58', '59', '1', '2016-10-09 17:18:02', '2016-10-09 17:18:02', '3af6adf9-eaf0-4b6d-bfca-27019136f40c'),
 ('31', '1', '56', '1', '60', '61', '1', '2016-10-09 17:18:11', '2016-10-09 17:18:11', 'ae8b5bbd-e4e3-4e7a-b74d-feaa7689e386'),
 ('32', '1', '57', '1', '62', '63', '1', '2016-10-09 17:18:26', '2016-10-09 17:18:26', 'cd66e29a-e954-4b8d-b575-15d5fde74499'),
 ('33', '1', '58', '1', '64', '65', '1', '2016-10-09 17:19:23', '2016-10-09 17:19:23', '22ea80cc-8936-4341-be77-434c7b954fff'),
 ('34', '1', '59', '1', '66', '67', '1', '2016-10-09 17:19:31', '2016-10-09 17:19:31', '23a56a5f-35ae-4aa0-a7f6-d4dc73dec214'),
 ('35', '1', '94', '1', '68', '69', '1', '2016-10-11 18:07:03', '2016-10-11 18:07:03', 'bb736072-5d67-46d5-9401-a45827bc703c');



DROP TABLE IF EXISTS `craft_structures`;


--
-- Schema for table `craft_structures`
--
CREATE TABLE `craft_structures` (
  `id` int(11) NOT NULL AUTO_INCREMENT,
  `maxLevels` smallint(6) unsigned DEFAULT NULL,
  `dateCreated` datetime NOT NULL,
  `dateUpdated` datetime NOT NULL,
  `uid` char(36) COLLATE utf8_unicode_ci NOT NULL DEFAULT '0',
  PRIMARY KEY (`id`)
) ENGINE=InnoDB AUTO_INCREMENT=2 DEFAULT CHARSET=utf8 COLLATE=utf8_unicode_ci;

--
-- Data for table `craft_structures`
--

INSERT INTO `craft_structures` (`id`, `maxLevels`, `dateCreated`, `dateUpdated`, `uid`) VALUES
 ('1', NULL, '2016-10-09 17:07:34', '2016-10-09 18:04:14', '55d7176e-10dc-4fd3-bea0-7625f42ac47d');



DROP TABLE IF EXISTS `craft_systemsettings`;


--
-- Schema for table `craft_systemsettings`
--
CREATE TABLE `craft_systemsettings` (
  `id` int(11) NOT NULL AUTO_INCREMENT,
  `category` varchar(15) COLLATE utf8_unicode_ci NOT NULL,
  `settings` text COLLATE utf8_unicode_ci,
  `dateCreated` datetime NOT NULL,
  `dateUpdated` datetime NOT NULL,
  `uid` char(36) COLLATE utf8_unicode_ci NOT NULL DEFAULT '0',
  PRIMARY KEY (`id`),
  UNIQUE KEY `craft_systemsettings_category_unq_idx` (`category`)
) ENGINE=InnoDB AUTO_INCREMENT=2 DEFAULT CHARSET=utf8 COLLATE=utf8_unicode_ci;

--
-- Data for table `craft_systemsettings`
--

INSERT INTO `craft_systemsettings` (`id`, `category`, `settings`, `dateCreated`, `dateUpdated`, `uid`) VALUES
 ('1', 'email', '{\"protocol\":\"php\",\"emailAddress\":\"antjdavenport@gmail.com\",\"senderName\":\"PalouseResourceGuide\"}', '2016-10-08 17:11:02', '2016-10-08 17:11:02', '4531a7a3-30cb-4020-85c3-8fffdce2cc20');



DROP TABLE IF EXISTS `craft_taggroups`;


--
-- Schema for table `craft_taggroups`
--
CREATE TABLE `craft_taggroups` (
  `id` int(11) NOT NULL AUTO_INCREMENT,
  `name` varchar(255) COLLATE utf8_unicode_ci NOT NULL,
  `handle` varchar(255) COLLATE utf8_unicode_ci NOT NULL,
  `fieldLayoutId` int(10) DEFAULT NULL,
  `dateCreated` datetime NOT NULL,
  `dateUpdated` datetime NOT NULL,
  `uid` char(36) COLLATE utf8_unicode_ci NOT NULL DEFAULT '0',
  PRIMARY KEY (`id`),
  UNIQUE KEY `craft_taggroups_name_unq_idx` (`name`),
  UNIQUE KEY `craft_taggroups_handle_unq_idx` (`handle`),
  KEY `craft_taggroups_fieldLayoutId_fk` (`fieldLayoutId`)
) ENGINE=InnoDB AUTO_INCREMENT=2 DEFAULT CHARSET=utf8 COLLATE=utf8_unicode_ci;

--
-- Data for table `craft_taggroups`
--

INSERT INTO `craft_taggroups` (`id`, `name`, `handle`, `fieldLayoutId`, `dateCreated`, `dateUpdated`, `uid`) VALUES
 ('1', 'Default', 'default', '1', '2016-10-08 17:11:02', '2016-10-08 17:11:02', 'c4962fba-967b-477d-915c-40a68b291308');



DROP TABLE IF EXISTS `craft_tags`;


--
-- Schema for table `craft_tags`
--
CREATE TABLE `craft_tags` (
  `id` int(11) NOT NULL,
  `groupId` int(11) NOT NULL,
  `dateCreated` datetime NOT NULL,
  `dateUpdated` datetime NOT NULL,
  `uid` char(36) COLLATE utf8_unicode_ci NOT NULL DEFAULT '0',
  PRIMARY KEY (`id`),
  KEY `craft_tags_groupId_fk` (`groupId`)
) ENGINE=InnoDB DEFAULT CHARSET=utf8 COLLATE=utf8_unicode_ci;

DROP TABLE IF EXISTS `craft_tasks`;


--
-- Schema for table `craft_tasks`
--
CREATE TABLE `craft_tasks` (
  `id` int(11) NOT NULL AUTO_INCREMENT,
  `root` int(11) unsigned DEFAULT NULL,
  `lft` int(11) unsigned NOT NULL,
  `rgt` int(11) unsigned NOT NULL,
  `level` smallint(6) unsigned NOT NULL,
  `currentStep` int(11) unsigned DEFAULT NULL,
  `totalSteps` int(11) unsigned DEFAULT NULL,
  `status` enum('pending','error','running') COLLATE utf8_unicode_ci DEFAULT NULL,
  `type` varchar(150) COLLATE utf8_unicode_ci NOT NULL,
  `description` varchar(255) COLLATE utf8_unicode_ci DEFAULT NULL,
  `settings` mediumtext COLLATE utf8_unicode_ci,
  `dateCreated` datetime NOT NULL,
  `dateUpdated` datetime NOT NULL,
  `uid` char(36) COLLATE utf8_unicode_ci NOT NULL DEFAULT '0',
  PRIMARY KEY (`id`),
  KEY `craft_tasks_root_idx` (`root`),
  KEY `craft_tasks_lft_idx` (`lft`),
  KEY `craft_tasks_rgt_idx` (`rgt`),
  KEY `craft_tasks_level_idx` (`level`)
) ENGINE=InnoDB DEFAULT CHARSET=utf8 COLLATE=utf8_unicode_ci;

DROP TABLE IF EXISTS `craft_templatecachecriteria`;


--
-- Schema for table `craft_templatecachecriteria`
--
CREATE TABLE `craft_templatecachecriteria` (
  `id` int(11) NOT NULL AUTO_INCREMENT,
  `cacheId` int(11) NOT NULL,
  `type` varchar(150) COLLATE utf8_unicode_ci NOT NULL,
  `criteria` text COLLATE utf8_unicode_ci NOT NULL,
  PRIMARY KEY (`id`),
  KEY `craft_templatecachecriteria_cacheId_fk` (`cacheId`),
  KEY `craft_templatecachecriteria_type_idx` (`type`)
) ENGINE=InnoDB DEFAULT CHARSET=utf8 COLLATE=utf8_unicode_ci;

DROP TABLE IF EXISTS `craft_templatecacheelements`;


--
-- Schema for table `craft_templatecacheelements`
--
CREATE TABLE `craft_templatecacheelements` (
  `cacheId` int(11) NOT NULL,
  `elementId` int(11) NOT NULL,
  KEY `craft_templatecacheelements_cacheId_fk` (`cacheId`),
  KEY `craft_templatecacheelements_elementId_fk` (`elementId`)
) ENGINE=InnoDB DEFAULT CHARSET=utf8 COLLATE=utf8_unicode_ci;

DROP TABLE IF EXISTS `craft_templatecaches`;


--
-- Schema for table `craft_templatecaches`
--
CREATE TABLE `craft_templatecaches` (
  `id` int(11) NOT NULL AUTO_INCREMENT,
  `cacheKey` varchar(255) COLLATE utf8_unicode_ci NOT NULL,
  `locale` char(12) COLLATE utf8_unicode_ci NOT NULL,
  `path` varchar(255) COLLATE utf8_unicode_ci DEFAULT NULL,
  `expiryDate` datetime NOT NULL,
  `body` mediumtext COLLATE utf8_unicode_ci NOT NULL,
  PRIMARY KEY (`id`),
  KEY `craft_templatecaches_expiryDate_cacheKey_locale_path_idx` (`expiryDate`,`cacheKey`,`locale`,`path`),
  KEY `craft_templatecaches_locale_fk` (`locale`)
) ENGINE=InnoDB DEFAULT CHARSET=utf8 COLLATE=utf8_unicode_ci;

DROP TABLE IF EXISTS `craft_tokens`;


--
-- Schema for table `craft_tokens`
--
CREATE TABLE `craft_tokens` (
  `id` int(11) NOT NULL AUTO_INCREMENT,
  `token` char(32) COLLATE utf8_unicode_ci NOT NULL,
  `route` text COLLATE utf8_unicode_ci,
  `usageLimit` tinyint(3) unsigned DEFAULT NULL,
  `usageCount` tinyint(3) unsigned DEFAULT NULL,
  `expiryDate` datetime NOT NULL,
  `dateCreated` datetime NOT NULL,
  `dateUpdated` datetime NOT NULL,
  `uid` char(36) COLLATE utf8_unicode_ci NOT NULL DEFAULT '0',
  PRIMARY KEY (`id`),
  UNIQUE KEY `craft_tokens_token_unq_idx` (`token`),
  KEY `craft_tokens_expiryDate_idx` (`expiryDate`)
) ENGINE=InnoDB DEFAULT CHARSET=utf8 COLLATE=utf8_unicode_ci;

DROP TABLE IF EXISTS `craft_usergroups`;


--
-- Schema for table `craft_usergroups`
--
CREATE TABLE `craft_usergroups` (
  `id` int(11) NOT NULL AUTO_INCREMENT,
  `name` varchar(255) COLLATE utf8_unicode_ci NOT NULL,
  `handle` varchar(255) COLLATE utf8_unicode_ci NOT NULL,
  `dateCreated` datetime NOT NULL,
  `dateUpdated` datetime NOT NULL,
  `uid` char(36) COLLATE utf8_unicode_ci NOT NULL DEFAULT '0',
  PRIMARY KEY (`id`),
  UNIQUE KEY `craft_usergroups_name_unq_idx` (`name`),
  UNIQUE KEY `craft_usergroups_handle_unq_idx` (`handle`)
) ENGINE=InnoDB DEFAULT CHARSET=utf8 COLLATE=utf8_unicode_ci;

DROP TABLE IF EXISTS `craft_usergroups_users`;


--
-- Schema for table `craft_usergroups_users`
--
CREATE TABLE `craft_usergroups_users` (
  `id` int(11) NOT NULL AUTO_INCREMENT,
  `groupId` int(11) NOT NULL,
  `userId` int(11) NOT NULL,
  `dateCreated` datetime NOT NULL,
  `dateUpdated` datetime NOT NULL,
  `uid` char(36) COLLATE utf8_unicode_ci NOT NULL DEFAULT '0',
  PRIMARY KEY (`id`),
  UNIQUE KEY `craft_usergroups_users_groupId_userId_unq_idx` (`groupId`,`userId`),
  KEY `craft_usergroups_users_userId_fk` (`userId`)
) ENGINE=InnoDB DEFAULT CHARSET=utf8 COLLATE=utf8_unicode_ci;

DROP TABLE IF EXISTS `craft_userpermissions`;


--
-- Schema for table `craft_userpermissions`
--
CREATE TABLE `craft_userpermissions` (
  `id` int(11) NOT NULL AUTO_INCREMENT,
  `name` varchar(255) COLLATE utf8_unicode_ci NOT NULL,
  `dateCreated` datetime NOT NULL,
  `dateUpdated` datetime NOT NULL,
  `uid` char(36) COLLATE utf8_unicode_ci NOT NULL DEFAULT '0',
  PRIMARY KEY (`id`),
  UNIQUE KEY `craft_userpermissions_name_unq_idx` (`name`)
) ENGINE=InnoDB DEFAULT CHARSET=utf8 COLLATE=utf8_unicode_ci;

DROP TABLE IF EXISTS `craft_userpermissions_usergroups`;


--
-- Schema for table `craft_userpermissions_usergroups`
--
CREATE TABLE `craft_userpermissions_usergroups` (
  `id` int(11) NOT NULL AUTO_INCREMENT,
  `permissionId` int(11) NOT NULL,
  `groupId` int(11) NOT NULL,
  `dateCreated` datetime NOT NULL,
  `dateUpdated` datetime NOT NULL,
  `uid` char(36) COLLATE utf8_unicode_ci NOT NULL DEFAULT '0',
  PRIMARY KEY (`id`),
  UNIQUE KEY `craft_userpermissions_usergroups_permissionId_groupId_unq_idx` (`permissionId`,`groupId`),
  KEY `craft_userpermissions_usergroups_groupId_fk` (`groupId`)
) ENGINE=InnoDB DEFAULT CHARSET=utf8 COLLATE=utf8_unicode_ci;

DROP TABLE IF EXISTS `craft_userpermissions_users`;


--
-- Schema for table `craft_userpermissions_users`
--
CREATE TABLE `craft_userpermissions_users` (
  `id` int(11) NOT NULL AUTO_INCREMENT,
  `permissionId` int(11) NOT NULL,
  `userId` int(11) NOT NULL,
  `dateCreated` datetime NOT NULL,
  `dateUpdated` datetime NOT NULL,
  `uid` char(36) COLLATE utf8_unicode_ci NOT NULL DEFAULT '0',
  PRIMARY KEY (`id`),
  UNIQUE KEY `craft_userpermissions_users_permissionId_userId_unq_idx` (`permissionId`,`userId`),
  KEY `craft_userpermissions_users_userId_fk` (`userId`)
) ENGINE=InnoDB DEFAULT CHARSET=utf8 COLLATE=utf8_unicode_ci;

DROP TABLE IF EXISTS `craft_users`;


--
-- Schema for table `craft_users`
--
CREATE TABLE `craft_users` (
  `id` int(11) NOT NULL,
  `username` varchar(100) COLLATE utf8_unicode_ci NOT NULL,
  `photo` varchar(100) COLLATE utf8_unicode_ci DEFAULT NULL,
  `firstName` varchar(100) COLLATE utf8_unicode_ci DEFAULT NULL,
  `lastName` varchar(100) COLLATE utf8_unicode_ci DEFAULT NULL,
  `email` varchar(255) COLLATE utf8_unicode_ci NOT NULL,
  `password` char(255) COLLATE utf8_unicode_ci DEFAULT NULL,
  `preferredLocale` char(12) COLLATE utf8_unicode_ci DEFAULT NULL,
  `weekStartDay` tinyint(1) unsigned NOT NULL DEFAULT '0',
  `admin` tinyint(1) unsigned NOT NULL DEFAULT '0',
  `client` tinyint(1) unsigned NOT NULL DEFAULT '0',
  `locked` tinyint(1) unsigned NOT NULL DEFAULT '0',
  `suspended` tinyint(1) unsigned NOT NULL DEFAULT '0',
  `pending` tinyint(1) unsigned NOT NULL DEFAULT '0',
  `archived` tinyint(1) unsigned NOT NULL DEFAULT '0',
  `lastLoginDate` datetime DEFAULT NULL,
  `lastLoginAttemptIPAddress` varchar(45) COLLATE utf8_unicode_ci DEFAULT NULL,
  `invalidLoginWindowStart` datetime DEFAULT NULL,
  `invalidLoginCount` tinyint(4) unsigned DEFAULT NULL,
  `lastInvalidLoginDate` datetime DEFAULT NULL,
  `lockoutDate` datetime DEFAULT NULL,
  `verificationCode` char(100) COLLATE utf8_unicode_ci DEFAULT NULL,
  `verificationCodeIssuedDate` datetime DEFAULT NULL,
  `unverifiedEmail` varchar(255) COLLATE utf8_unicode_ci DEFAULT NULL,
  `passwordResetRequired` tinyint(1) unsigned NOT NULL DEFAULT '0',
  `lastPasswordChangeDate` datetime DEFAULT NULL,
  `dateCreated` datetime NOT NULL,
  `dateUpdated` datetime NOT NULL,
  `uid` char(36) COLLATE utf8_unicode_ci NOT NULL DEFAULT '0',
  PRIMARY KEY (`id`),
  UNIQUE KEY `craft_users_username_unq_idx` (`username`),
  UNIQUE KEY `craft_users_email_unq_idx` (`email`),
  KEY `craft_users_verificationCode_idx` (`verificationCode`),
  KEY `craft_users_uid_idx` (`uid`),
  KEY `craft_users_preferredLocale_fk` (`preferredLocale`)
) ENGINE=InnoDB DEFAULT CHARSET=utf8 COLLATE=utf8_unicode_ci;

--
-- Data for table `craft_users`
--

INSERT INTO `craft_users` (`id`, `username`, `photo`, `firstName`, `lastName`, `email`, `password`, `preferredLocale`, `weekStartDay`, `admin`, `client`, `locked`, `suspended`, `pending`, `archived`, `lastLoginDate`, `lastLoginAttemptIPAddress`, `invalidLoginWindowStart`, `invalidLoginCount`, `lastInvalidLoginDate`, `lockoutDate`, `verificationCode`, `verificationCodeIssuedDate`, `unverifiedEmail`, `passwordResetRequired`, `lastPasswordChangeDate`, `dateCreated`, `dateUpdated`, `uid`) VALUES
 ('1', 'admin', NULL, NULL, NULL, 'antjdavenport@gmail.com', '$2y$13$boVvT1qCmNAUaAwxvXB5CujWrgV8q1UdroZlPq9U8ZInwD2gRuKkS', NULL, '0', '1', '0', '0', '0', '0', '0', '2016-10-12 05:16:28', '::1', NULL, NULL, NULL, NULL, NULL, NULL, NULL, '0', '2016-10-08 17:10:59', '2016-10-08 17:10:59', '2016-10-12 05:16:28', 'e09272da-b3e3-43c0-8f14-b972fe8aa2fb');



DROP TABLE IF EXISTS `craft_widgets`;


--
-- Schema for table `craft_widgets`
--
CREATE TABLE `craft_widgets` (
  `id` int(11) NOT NULL AUTO_INCREMENT,
  `userId` int(11) NOT NULL,
  `type` varchar(150) COLLATE utf8_unicode_ci NOT NULL,
  `sortOrder` smallint(6) unsigned DEFAULT NULL,
  `colspan` tinyint(4) unsigned DEFAULT NULL,
  `settings` text COLLATE utf8_unicode_ci,
  `enabled` tinyint(1) unsigned NOT NULL DEFAULT '1',
  `dateCreated` datetime NOT NULL,
  `dateUpdated` datetime NOT NULL,
  `uid` char(36) COLLATE utf8_unicode_ci NOT NULL DEFAULT '0',
  PRIMARY KEY (`id`),
  KEY `craft_widgets_userId_fk` (`userId`)
) ENGINE=InnoDB AUTO_INCREMENT=5 DEFAULT CHARSET=utf8 COLLATE=utf8_unicode_ci;

--
-- Data for table `craft_widgets`
--

INSERT INTO `craft_widgets` (`id`, `userId`, `type`, `sortOrder`, `colspan`, `settings`, `enabled`, `dateCreated`, `dateUpdated`, `uid`) VALUES
 ('1', '1', 'RecentEntries', '1', NULL, NULL, '1', '2016-10-08 17:11:04', '2016-10-08 17:11:04', '34d442cb-946a-4902-8cf9-0c84e2ec973f'),
 ('2', '1', 'GetHelp', '2', NULL, NULL, '1', '2016-10-08 17:11:04', '2016-10-08 17:11:04', '31534864-326d-4cd2-8be8-151a2feab22a'),
 ('3', '1', 'Updates', '3', NULL, NULL, '1', '2016-10-08 17:11:04', '2016-10-08 17:11:04', 'e1a60e94-0c62-4712-8f23-2a429b354697'),
 ('4', '1', 'Feed', '4', NULL, '{\"url\":\"https:\\/\\/craftcms.com\\/news.rss\",\"title\":\"Craft News\"}', '1', '2016-10-08 17:11:04', '2016-10-08 17:11:04', '2b50f5c7-ffb5-47ec-abef-ef7e5a6a69ea');


--
-- Constraints for tables
--


--
-- Constraints for table `craft_assetfiles`
--
ALTER TABLE `craft_assetfiles`
	ADD CONSTRAINT `craft_assetfiles_folderId_fk` FOREIGN KEY (`folderId`) REFERENCES `craft_assetfolders` (`id`) ON DELETE CASCADE,
	ADD CONSTRAINT `craft_assetfiles_id_fk` FOREIGN KEY (`id`) REFERENCES `craft_elements` (`id`) ON DELETE CASCADE,
	ADD CONSTRAINT `craft_assetfiles_sourceId_fk` FOREIGN KEY (`sourceId`) REFERENCES `craft_assetsources` (`id`) ON DELETE CASCADE;

--
-- Constraints for table `craft_assetfolders`
--
ALTER TABLE `craft_assetfolders`
	ADD CONSTRAINT `craft_assetfolders_parentId_fk` FOREIGN KEY (`parentId`) REFERENCES `craft_assetfolders` (`id`) ON DELETE CASCADE,
	ADD CONSTRAINT `craft_assetfolders_sourceId_fk` FOREIGN KEY (`sourceId`) REFERENCES `craft_assetsources` (`id`) ON DELETE CASCADE;

--
-- Constraints for table `craft_assetindexdata`
--
ALTER TABLE `craft_assetindexdata`
	ADD CONSTRAINT `craft_assetindexdata_sourceId_fk` FOREIGN KEY (`sourceId`) REFERENCES `craft_assetsources` (`id`) ON DELETE CASCADE;

--
-- Constraints for table `craft_assetsources`
--
ALTER TABLE `craft_assetsources`
	ADD CONSTRAINT `craft_assetsources_fieldLayoutId_fk` FOREIGN KEY (`fieldLayoutId`) REFERENCES `craft_fieldlayouts` (`id`) ON DELETE SET NULL;

--
-- Constraints for table `craft_categories`
--
ALTER TABLE `craft_categories`
	ADD CONSTRAINT `craft_categories_groupId_fk` FOREIGN KEY (`groupId`) REFERENCES `craft_categorygroups` (`id`) ON DELETE CASCADE,
	ADD CONSTRAINT `craft_categories_id_fk` FOREIGN KEY (`id`) REFERENCES `craft_elements` (`id`) ON DELETE CASCADE;

--
-- Constraints for table `craft_categorygroups`
--
ALTER TABLE `craft_categorygroups`
	ADD CONSTRAINT `craft_categorygroups_fieldLayoutId_fk` FOREIGN KEY (`fieldLayoutId`) REFERENCES `craft_fieldlayouts` (`id`) ON DELETE SET NULL,
	ADD CONSTRAINT `craft_categorygroups_structureId_fk` FOREIGN KEY (`structureId`) REFERENCES `craft_structures` (`id`) ON DELETE CASCADE;

--
-- Constraints for table `craft_categorygroups_i18n`
--
ALTER TABLE `craft_categorygroups_i18n`
	ADD CONSTRAINT `craft_categorygroups_i18n_groupId_fk` FOREIGN KEY (`groupId`) REFERENCES `craft_categorygroups` (`id`) ON DELETE CASCADE,
	ADD CONSTRAINT `craft_categorygroups_i18n_locale_fk` FOREIGN KEY (`locale`) REFERENCES `craft_locales` (`locale`) ON DELETE CASCADE ON UPDATE CASCADE;

--
-- Constraints for table `craft_content`
--
ALTER TABLE `craft_content`
	ADD CONSTRAINT `craft_content_elementId_fk` FOREIGN KEY (`elementId`) REFERENCES `craft_elements` (`id`) ON DELETE CASCADE,
	ADD CONSTRAINT `craft_content_locale_fk` FOREIGN KEY (`locale`) REFERENCES `craft_locales` (`locale`) ON DELETE CASCADE ON UPDATE CASCADE;

--
-- Constraints for table `craft_elements_i18n`
--
ALTER TABLE `craft_elements_i18n`
	ADD CONSTRAINT `craft_elements_i18n_elementId_fk` FOREIGN KEY (`elementId`) REFERENCES `craft_elements` (`id`) ON DELETE CASCADE,
	ADD CONSTRAINT `craft_elements_i18n_locale_fk` FOREIGN KEY (`locale`) REFERENCES `craft_locales` (`locale`) ON DELETE CASCADE ON UPDATE CASCADE;

--
-- Constraints for table `craft_emailmessages`
--
ALTER TABLE `craft_emailmessages`
	ADD CONSTRAINT `craft_emailmessages_locale_fk` FOREIGN KEY (`locale`) REFERENCES `craft_locales` (`locale`) ON DELETE CASCADE ON UPDATE CASCADE;

--
-- Constraints for table `craft_entries`
--
ALTER TABLE `craft_entries`
	ADD CONSTRAINT `craft_entries_authorId_fk` FOREIGN KEY (`authorId`) REFERENCES `craft_users` (`id`) ON DELETE CASCADE,
	ADD CONSTRAINT `craft_entries_id_fk` FOREIGN KEY (`id`) REFERENCES `craft_elements` (`id`) ON DELETE CASCADE,
	ADD CONSTRAINT `craft_entries_sectionId_fk` FOREIGN KEY (`sectionId`) REFERENCES `craft_sections` (`id`) ON DELETE CASCADE,
	ADD CONSTRAINT `craft_entries_typeId_fk` FOREIGN KEY (`typeId`) REFERENCES `craft_entrytypes` (`id`) ON DELETE CASCADE;

--
-- Constraints for table `craft_entrydrafts`
--
ALTER TABLE `craft_entrydrafts`
	ADD CONSTRAINT `craft_entrydrafts_creatorId_fk` FOREIGN KEY (`creatorId`) REFERENCES `craft_users` (`id`) ON DELETE CASCADE,
	ADD CONSTRAINT `craft_entrydrafts_entryId_fk` FOREIGN KEY (`entryId`) REFERENCES `craft_entries` (`id`) ON DELETE CASCADE,
	ADD CONSTRAINT `craft_entrydrafts_locale_fk` FOREIGN KEY (`locale`) REFERENCES `craft_locales` (`locale`) ON DELETE CASCADE ON UPDATE CASCADE,
	ADD CONSTRAINT `craft_entrydrafts_sectionId_fk` FOREIGN KEY (`sectionId`) REFERENCES `craft_sections` (`id`) ON DELETE CASCADE;

--
-- Constraints for table `craft_entrytypes`
--
ALTER TABLE `craft_entrytypes`
	ADD CONSTRAINT `craft_entrytypes_fieldLayoutId_fk` FOREIGN KEY (`fieldLayoutId`) REFERENCES `craft_fieldlayouts` (`id`) ON DELETE SET NULL,
	ADD CONSTRAINT `craft_entrytypes_sectionId_fk` FOREIGN KEY (`sectionId`) REFERENCES `craft_sections` (`id`) ON DELETE CASCADE;

--
-- Constraints for table `craft_entryversions`
--
ALTER TABLE `craft_entryversions`
	ADD CONSTRAINT `craft_entryversions_creatorId_fk` FOREIGN KEY (`creatorId`) REFERENCES `craft_users` (`id`) ON DELETE SET NULL,
	ADD CONSTRAINT `craft_entryversions_entryId_fk` FOREIGN KEY (`entryId`) REFERENCES `craft_entries` (`id`) ON DELETE CASCADE,
	ADD CONSTRAINT `craft_entryversions_locale_fk` FOREIGN KEY (`locale`) REFERENCES `craft_locales` (`locale`) ON DELETE CASCADE ON UPDATE CASCADE,
	ADD CONSTRAINT `craft_entryversions_sectionId_fk` FOREIGN KEY (`sectionId`) REFERENCES `craft_sections` (`id`) ON DELETE CASCADE;

--
-- Constraints for table `craft_fieldlayoutfields`
--
ALTER TABLE `craft_fieldlayoutfields`
	ADD CONSTRAINT `craft_fieldlayoutfields_fieldId_fk` FOREIGN KEY (`fieldId`) REFERENCES `craft_fields` (`id`) ON DELETE CASCADE,
	ADD CONSTRAINT `craft_fieldlayoutfields_layoutId_fk` FOREIGN KEY (`layoutId`) REFERENCES `craft_fieldlayouts` (`id`) ON DELETE CASCADE,
	ADD CONSTRAINT `craft_fieldlayoutfields_tabId_fk` FOREIGN KEY (`tabId`) REFERENCES `craft_fieldlayouttabs` (`id`) ON DELETE CASCADE;

--
-- Constraints for table `craft_fieldlayouttabs`
--
ALTER TABLE `craft_fieldlayouttabs`
	ADD CONSTRAINT `craft_fieldlayouttabs_layoutId_fk` FOREIGN KEY (`layoutId`) REFERENCES `craft_fieldlayouts` (`id`) ON DELETE CASCADE;

--
-- Constraints for table `craft_fields`
--
ALTER TABLE `craft_fields`
	ADD CONSTRAINT `craft_fields_groupId_fk` FOREIGN KEY (`groupId`) REFERENCES `craft_fieldgroups` (`id`) ON DELETE CASCADE;

--
-- Constraints for table `craft_globalsets`
--
ALTER TABLE `craft_globalsets`
	ADD CONSTRAINT `craft_globalsets_fieldLayoutId_fk` FOREIGN KEY (`fieldLayoutId`) REFERENCES `craft_fieldlayouts` (`id`) ON DELETE SET NULL,
	ADD CONSTRAINT `craft_globalsets_id_fk` FOREIGN KEY (`id`) REFERENCES `craft_elements` (`id`) ON DELETE CASCADE;

--
-- Constraints for table `craft_matrixblocks`
--
ALTER TABLE `craft_matrixblocks`
	ADD CONSTRAINT `craft_matrixblocks_fieldId_fk` FOREIGN KEY (`fieldId`) REFERENCES `craft_fields` (`id`) ON DELETE CASCADE,
	ADD CONSTRAINT `craft_matrixblocks_id_fk` FOREIGN KEY (`id`) REFERENCES `craft_elements` (`id`) ON DELETE CASCADE,
	ADD CONSTRAINT `craft_matrixblocks_ownerId_fk` FOREIGN KEY (`ownerId`) REFERENCES `craft_elements` (`id`) ON DELETE CASCADE,
	ADD CONSTRAINT `craft_matrixblocks_ownerLocale_fk` FOREIGN KEY (`ownerLocale`) REFERENCES `craft_locales` (`locale`) ON DELETE CASCADE ON UPDATE CASCADE,
	ADD CONSTRAINT `craft_matrixblocks_typeId_fk` FOREIGN KEY (`typeId`) REFERENCES `craft_matrixblocktypes` (`id`) ON DELETE CASCADE;

--
-- Constraints for table `craft_matrixblocktypes`
--
ALTER TABLE `craft_matrixblocktypes`
	ADD CONSTRAINT `craft_matrixblocktypes_fieldId_fk` FOREIGN KEY (`fieldId`) REFERENCES `craft_fields` (`id`) ON DELETE CASCADE,
	ADD CONSTRAINT `craft_matrixblocktypes_fieldLayoutId_fk` FOREIGN KEY (`fieldLayoutId`) REFERENCES `craft_fieldlayouts` (`id`) ON DELETE SET NULL;

--
-- Constraints for table `craft_matrixcontent_contactinformation`
--
ALTER TABLE `craft_matrixcontent_contactinformation`
	ADD CONSTRAINT `craft_matrixcontent_contactinformation_elementId_fk` FOREIGN KEY (`elementId`) REFERENCES `craft_elements` (`id`) ON DELETE CASCADE,
	ADD CONSTRAINT `craft_matrixcontent_contactinformation_locale_fk` FOREIGN KEY (`locale`) REFERENCES `craft_locales` (`locale`) ON DELETE CASCADE ON UPDATE CASCADE;

--
-- Constraints for table `craft_matrixcontent_detailslist`
--
ALTER TABLE `craft_matrixcontent_detailslist`
	ADD CONSTRAINT `craft_matrixcontent_detailslist_elementId_fk` FOREIGN KEY (`elementId`) REFERENCES `craft_elements` (`id`) ON DELETE CASCADE,
	ADD CONSTRAINT `craft_matrixcontent_detailslist_locale_fk` FOREIGN KEY (`locale`) REFERENCES `craft_locales` (`locale`) ON DELETE CASCADE ON UPDATE CASCADE;

--
-- Constraints for table `craft_migrations`
--
ALTER TABLE `craft_migrations`
	ADD CONSTRAINT `craft_migrations_pluginId_fk` FOREIGN KEY (`pluginId`) REFERENCES `craft_plugins` (`id`) ON DELETE CASCADE;

--
-- Constraints for table `craft_relations`
--
ALTER TABLE `craft_relations`
	ADD CONSTRAINT `craft_relations_fieldId_fk` FOREIGN KEY (`fieldId`) REFERENCES `craft_fields` (`id`) ON DELETE CASCADE,
	ADD CONSTRAINT `craft_relations_sourceId_fk` FOREIGN KEY (`sourceId`) REFERENCES `craft_elements` (`id`) ON DELETE CASCADE,
	ADD CONSTRAINT `craft_relations_sourceLocale_fk` FOREIGN KEY (`sourceLocale`) REFERENCES `craft_locales` (`locale`) ON DELETE CASCADE ON UPDATE CASCADE,
	ADD CONSTRAINT `craft_relations_targetId_fk` FOREIGN KEY (`targetId`) REFERENCES `craft_elements` (`id`) ON DELETE CASCADE;

--
-- Constraints for table `craft_routes`
--
ALTER TABLE `craft_routes`
	ADD CONSTRAINT `craft_routes_locale_fk` FOREIGN KEY (`locale`) REFERENCES `craft_locales` (`locale`) ON DELETE CASCADE ON UPDATE CASCADE;

--
-- Constraints for table `craft_sections`
--
ALTER TABLE `craft_sections`
	ADD CONSTRAINT `craft_sections_structureId_fk` FOREIGN KEY (`structureId`) REFERENCES `craft_structures` (`id`) ON DELETE SET NULL;

--
-- Constraints for table `craft_sections_i18n`
--
ALTER TABLE `craft_sections_i18n`
	ADD CONSTRAINT `craft_sections_i18n_locale_fk` FOREIGN KEY (`locale`) REFERENCES `craft_locales` (`locale`) ON DELETE CASCADE ON UPDATE CASCADE,
	ADD CONSTRAINT `craft_sections_i18n_sectionId_fk` FOREIGN KEY (`sectionId`) REFERENCES `craft_sections` (`id`) ON DELETE CASCADE;

--
-- Constraints for table `craft_sessions`
--
ALTER TABLE `craft_sessions`
	ADD CONSTRAINT `craft_sessions_userId_fk` FOREIGN KEY (`userId`) REFERENCES `craft_users` (`id`) ON DELETE CASCADE;

--
-- Constraints for table `craft_shunnedmessages`
--
ALTER TABLE `craft_shunnedmessages`
	ADD CONSTRAINT `craft_shunnedmessages_userId_fk` FOREIGN KEY (`userId`) REFERENCES `craft_users` (`id`) ON DELETE CASCADE;

--
-- Constraints for table `craft_structureelements`
--
ALTER TABLE `craft_structureelements`
	ADD CONSTRAINT `craft_structureelements_elementId_fk` FOREIGN KEY (`elementId`) REFERENCES `craft_elements` (`id`) ON DELETE CASCADE,
	ADD CONSTRAINT `craft_structureelements_structureId_fk` FOREIGN KEY (`structureId`) REFERENCES `craft_structures` (`id`) ON DELETE CASCADE;

--
-- Constraints for table `craft_taggroups`
--
ALTER TABLE `craft_taggroups`
	ADD CONSTRAINT `craft_taggroups_fieldLayoutId_fk` FOREIGN KEY (`fieldLayoutId`) REFERENCES `craft_fieldlayouts` (`id`) ON DELETE SET NULL;

--
-- Constraints for table `craft_tags`
--
ALTER TABLE `craft_tags`
	ADD CONSTRAINT `craft_tags_groupId_fk` FOREIGN KEY (`groupId`) REFERENCES `craft_taggroups` (`id`) ON DELETE CASCADE,
	ADD CONSTRAINT `craft_tags_id_fk` FOREIGN KEY (`id`) REFERENCES `craft_elements` (`id`) ON DELETE CASCADE;

--
-- Constraints for table `craft_templatecachecriteria`
--
ALTER TABLE `craft_templatecachecriteria`
	ADD CONSTRAINT `craft_templatecachecriteria_cacheId_fk` FOREIGN KEY (`cacheId`) REFERENCES `craft_templatecaches` (`id`) ON DELETE CASCADE;

--
-- Constraints for table `craft_templatecacheelements`
--
ALTER TABLE `craft_templatecacheelements`
	ADD CONSTRAINT `craft_templatecacheelements_cacheId_fk` FOREIGN KEY (`cacheId`) REFERENCES `craft_templatecaches` (`id`) ON DELETE CASCADE,
	ADD CONSTRAINT `craft_templatecacheelements_elementId_fk` FOREIGN KEY (`elementId`) REFERENCES `craft_elements` (`id`) ON DELETE CASCADE;

--
-- Constraints for table `craft_templatecaches`
--
ALTER TABLE `craft_templatecaches`
	ADD CONSTRAINT `craft_templatecaches_locale_fk` FOREIGN KEY (`locale`) REFERENCES `craft_locales` (`locale`) ON DELETE CASCADE ON UPDATE CASCADE;

--
-- Constraints for table `craft_usergroups_users`
--
ALTER TABLE `craft_usergroups_users`
	ADD CONSTRAINT `craft_usergroups_users_groupId_fk` FOREIGN KEY (`groupId`) REFERENCES `craft_usergroups` (`id`) ON DELETE CASCADE,
	ADD CONSTRAINT `craft_usergroups_users_userId_fk` FOREIGN KEY (`userId`) REFERENCES `craft_users` (`id`) ON DELETE CASCADE;

--
-- Constraints for table `craft_userpermissions_usergroups`
--
ALTER TABLE `craft_userpermissions_usergroups`
	ADD CONSTRAINT `craft_userpermissions_usergroups_groupId_fk` FOREIGN KEY (`groupId`) REFERENCES `craft_usergroups` (`id`) ON DELETE CASCADE,
	ADD CONSTRAINT `craft_userpermissions_usergroups_permissionId_fk` FOREIGN KEY (`permissionId`) REFERENCES `craft_userpermissions` (`id`) ON DELETE CASCADE;

--
-- Constraints for table `craft_userpermissions_users`
--
ALTER TABLE `craft_userpermissions_users`
	ADD CONSTRAINT `craft_userpermissions_users_permissionId_fk` FOREIGN KEY (`permissionId`) REFERENCES `craft_userpermissions` (`id`) ON DELETE CASCADE,
	ADD CONSTRAINT `craft_userpermissions_users_userId_fk` FOREIGN KEY (`userId`) REFERENCES `craft_users` (`id`) ON DELETE CASCADE;

--
-- Constraints for table `craft_users`
--
ALTER TABLE `craft_users`
	ADD CONSTRAINT `craft_users_id_fk` FOREIGN KEY (`id`) REFERENCES `craft_elements` (`id`) ON DELETE CASCADE,
	ADD CONSTRAINT `craft_users_preferredLocale_fk` FOREIGN KEY (`preferredLocale`) REFERENCES `craft_locales` (`locale`) ON DELETE SET NULL ON UPDATE CASCADE;

--
-- Constraints for table `craft_widgets`
--
ALTER TABLE `craft_widgets`
	ADD CONSTRAINT `craft_widgets_userId_fk` FOREIGN KEY (`userId`) REFERENCES `craft_users` (`id`) ON DELETE CASCADE;

SET FOREIGN_KEY_CHECKS = 1;
